
     Program BANDS v.7.2 starts on 22Jul2025 at 12: 4:35 

     This program is part of the open-source Quantum ESPRESSO suite
     for quantum simulation of materials; please cite
         "P. Giannozzi et al., J. Phys.:Condens. Matter 21 395502 (2009);
         "P. Giannozzi et al., J. Phys.:Condens. Matter 29 465901 (2017);
         "P. Giannozzi et al., J. Chem. Phys. 152 154105 (2020);
          URL http://www.quantum-espresso.org", 
     in publications or presentations arising from this work. More details at
     http://www.quantum-espresso.org/quote

     Parallel version (MPI), running on    16 processors

     MPI processes distributed on     1 nodes
     R & G space division:  proc/nbgrp/npool/nimage =      16
     13871 MiB available memory on the printing compute node when the environment starts
 

     Reading xml data from directory:

     ./tmp/pwscf.save/
     file Co.rel-pbe-n-kjpaw_psl.1.0.0.UPF: wavefunction(s)  4S 3D 3D renormalized

     IMPORTANT: XC functional enforced from input :
     Exchange-correlation= PBE
                           (   1   4   3   4   0   0   0)
     Any further DFT definition will be discarded
     Please, verify this is what you really want

 
     Parallelization info
     --------------------
     sticks:   dense  smooth     PW     G-vecs:    dense   smooth      PW
     Min          21      21      6                 2055     2055     341
     Max          23      23      8                 2067     2067     350
     Sum         349     349    109                32989    32989    5553
 
     Using Slab Decomposition
 

     Check: negative core charge=   -0.000002

     negative rho (up, down):  1.615E-04 4.238E-02
     Reading collected, re-writing distributed wavefunctions
     high-symmetry point:  0.0000 0.0000 0.0000   x coordinate   0.0000
     high-symmetry point:  0.5000-0.2887 0.0000   x coordinate   0.5774
     high-symmetry point:  0.3333 0.1925 0.0000   x coordinate   1.0865
     high-symmetry point:  0.0000 0.0000 0.0000   x coordinate   1.4714

     Plottable bands (eV) written to file bands.dat.gnu
     Bands written to file bands.dat

 **************************************************************************

                    xk=(   0.00000,   0.00000,   0.00000  )

     the magnetic double point group is D_6h(6/mmm) [C_6h (6/m) ]
     using the double point group C_6h (6/m) 
     there are 24 classes and 12 irreducible representations
     the character table:

       E     -E    C6    -C6   C3    -C3   C2    -C2   C3^2  -C3^2 C6^5  -C6^5
                                                                              
G_7+   1.00 -1.00  0.87 -0.87  0.50 -0.50  0.00  0.00  0.50 -0.50  0.87 -0.87
G_8+   1.00 -1.00  0.87 -0.87  0.50 -0.50  0.00  0.00  0.50 -0.50  0.87 -0.87
G_9+   1.00 -1.00 -0.87  0.87  0.50 -0.50  0.00  0.00  0.50 -0.50 -0.87  0.87
G_10+  1.00 -1.00 -0.87  0.87  0.50 -0.50  0.00  0.00  0.50 -0.50 -0.87  0.87
G_11+  1.00 -1.00  0.00  0.00 -1.00  1.00  0.00  0.00 -1.00  1.00  0.00  0.00
G_12+  1.00 -1.00  0.00  0.00 -1.00  1.00  0.00  0.00 -1.00  1.00  0.00  0.00
G_7-   1.00 -1.00  0.87 -0.87  0.50 -0.50  0.00  0.00  0.50 -0.50  0.87 -0.87
G_8-   1.00 -1.00  0.87 -0.87  0.50 -0.50  0.00  0.00  0.50 -0.50  0.87 -0.87
G_9-   1.00 -1.00 -0.87  0.87  0.50 -0.50  0.00  0.00  0.50 -0.50 -0.87  0.87
G_10-  1.00 -1.00 -0.87  0.87  0.50 -0.50  0.00  0.00  0.50 -0.50 -0.87  0.87
G_11-  1.00 -1.00  0.00  0.00 -1.00  1.00  0.00  0.00 -1.00  1.00  0.00  0.00
G_12-  1.00 -1.00  0.00  0.00 -1.00  1.00  0.00  0.00 -1.00  1.00  0.00  0.00

       i     -i    S3^5  -S3^5 S6^5  -S6^5 s_h   -s_h  S6    -S6   S3    -S3  
                                                                              
G_7+   1.00 -1.00  0.87 -0.87  0.50 -0.50  0.00  0.00  0.50 -0.50  0.87 -0.87
G_8+   1.00 -1.00  0.87 -0.87  0.50 -0.50  0.00  0.00  0.50 -0.50  0.87 -0.87
G_9+   1.00 -1.00 -0.87  0.87  0.50 -0.50  0.00  0.00  0.50 -0.50 -0.87  0.87
G_10+  1.00 -1.00 -0.87  0.87  0.50 -0.50  0.00  0.00  0.50 -0.50 -0.87  0.87
G_11+  1.00 -1.00  0.00  0.00 -1.00  1.00  0.00  0.00 -1.00  1.00  0.00  0.00
G_12+  1.00 -1.00  0.00  0.00 -1.00  1.00  0.00  0.00 -1.00  1.00  0.00  0.00
G_7-  -1.00  1.00 -0.87  0.87 -0.50  0.50  0.00  0.00 -0.50  0.50 -0.87  0.87
G_8-  -1.00  1.00 -0.87  0.87 -0.50  0.50  0.00  0.00 -0.50  0.50 -0.87  0.87
G_9-  -1.00  1.00  0.87 -0.87 -0.50  0.50  0.00  0.00 -0.50  0.50  0.87 -0.87
G_10- -1.00  1.00  0.87 -0.87 -0.50  0.50  0.00  0.00 -0.50  0.50  0.87 -0.87
G_11- -1.00  1.00  0.00  0.00  1.00 -1.00  0.00  0.00  1.00 -1.00  0.00  0.00
G_12- -1.00  1.00  0.00  0.00  1.00 -1.00  0.00  0.00  1.00 -1.00  0.00  0.00

     imaginary part

       E     -E    C6    -C6   C3    -C3   C2    -C2   C3^2  -C3^2 C6^5  -C6^5
                                                                              
G_7+   0.00  0.00  0.50 -0.50  0.87 -0.87  1.00 -1.00 -0.87  0.87 -0.50  0.50
G_8+   0.00  0.00 -0.50  0.50 -0.87  0.87 -1.00  1.00  0.87 -0.87  0.50 -0.50
G_9+   0.00  0.00 -0.50  0.50  0.87 -0.87 -1.00  1.00 -0.87  0.87  0.50 -0.50
G_10+  0.00  0.00  0.50 -0.50 -0.87  0.87  1.00 -1.00  0.87 -0.87 -0.50  0.50
G_11+  0.00  0.00  1.00 -1.00  0.00  0.00 -1.00  1.00  0.00  0.00 -1.00  1.00
G_12+  0.00  0.00 -1.00  1.00  0.00  0.00  1.00 -1.00  0.00  0.00  1.00 -1.00
G_7-   0.00  0.00  0.50 -0.50  0.87 -0.87  1.00 -1.00 -0.87  0.87 -0.50  0.50
G_8-   0.00  0.00 -0.50  0.50 -0.87  0.87 -1.00  1.00  0.87 -0.87  0.50 -0.50
G_9-   0.00  0.00 -0.50  0.50  0.87 -0.87 -1.00  1.00 -0.87  0.87  0.50 -0.50
G_10-  0.00  0.00  0.50 -0.50 -0.87  0.87  1.00 -1.00  0.87 -0.87 -0.50  0.50
G_11-  0.00  0.00  1.00 -1.00  0.00  0.00 -1.00  1.00  0.00  0.00 -1.00  1.00
G_12-  0.00  0.00 -1.00  1.00  0.00  0.00  1.00 -1.00  0.00  0.00  1.00 -1.00

       i     -i    S3^5  -S3^5 S6^5  -S6^5 s_h   -s_h  S6    -S6   S3    -S3  
                                                                              
G_7+   0.00  0.00  0.50 -0.50  0.87 -0.87  1.00 -1.00 -0.87  0.87 -0.50  0.50
G_8+   0.00  0.00 -0.50  0.50 -0.87  0.87 -1.00  1.00  0.87 -0.87  0.50 -0.50
G_9+   0.00  0.00 -0.50  0.50  0.87 -0.87 -1.00  1.00 -0.87  0.87  0.50 -0.50
G_10+  0.00  0.00  0.50 -0.50 -0.87  0.87  1.00 -1.00  0.87 -0.87 -0.50  0.50
G_11+  0.00  0.00  1.00 -1.00  0.00  0.00 -1.00  1.00  0.00  0.00 -1.00  1.00
G_12+  0.00  0.00 -1.00  1.00  0.00  0.00  1.00 -1.00  0.00  0.00  1.00 -1.00
G_7-   0.00  0.00 -0.50  0.50 -0.87  0.87 -1.00  1.00  0.87 -0.87  0.50 -0.50
G_8-   0.00  0.00  0.50 -0.50  0.87 -0.87  1.00 -1.00 -0.87  0.87 -0.50  0.50
G_9-   0.00  0.00  0.50 -0.50 -0.87  0.87  1.00 -1.00  0.87 -0.87 -0.50  0.50
G_10-  0.00  0.00 -0.50  0.50  0.87 -0.87 -1.00  1.00 -0.87  0.87  0.50 -0.50
G_11-  0.00  0.00 -1.00  1.00  0.00  0.00  1.00 -1.00  0.00  0.00  1.00 -1.00
G_12-  0.00  0.00  1.00 -1.00  0.00  0.00 -1.00  1.00  0.00  0.00 -1.00  1.00

     the symmetry operations in each class and the name of the first element:

     E             1
                                                                 
     -E           -1
                                                                 
     C6            3
                                                                 
     -C6          -3
                                                                 
     C3            5
                                                                 
     -C3          -5
                                                                 
     C2            2
                                                                 
     -C2          -2
                                                                 
     C3^2          6
                                                                 
     -C3^2        -6
                                                                 
     C6^5          4
                                                                 
     -C6^5        -4
                                                                 
     i             7
                                                                 
     -i           -7
                                                                 
     S3^5          9
                                                                 
     -S3^5        -9
                                                                 
     S6^5         11
                                                                 
     -S6^5       -11
                                                                 
     s_h           8
                                                                 
     -s_h         -8
                                                                 
     S6           12
                                                                 
     -S6         -12
                                                                 
     S3           10
                                                                 
     -S3         -10
                                                                 

     Band symmetry, D_6h(6/mmm) [C_6h (6/m) ] magnetic double point group,
     using C_6h (6/m) 

     e(  1 -  1) =     -8.80568  eV     1   --> G_8+           
     e(  2 -  2) =     -8.54995  eV     1   --> G_7+           
     e(  3 -  3) =     -5.09404  eV     1   --> G_8+           
     e(  4 -  4) =     -4.70023  eV     1   --> G_11+          
     e(  5 -  5) =     -4.54683  eV     1   --> G_9+           
     e(  6 -  6) =     -3.70192  eV     1   --> G_7+           
     e(  7 -  7) =     -3.22605  eV     1   --> G_12+          
     e(  8 -  8) =     -3.21348  eV     1   --> G_7+           
     e(  9 -  9) =     -3.07887  eV     1   --> G_12+          
     e( 10 - 10) =     -3.01605  eV     1   --> G_10+          
     e( 11 - 11) =     -2.02242  eV     1   --> G_7-           
     e( 12 - 12) =     -1.98714  eV     1   --> G_8-           
     e( 13 - 13) =     -1.12871  eV     1   --> G_8+           
     e( 14 - 14) =     -1.04409  eV     1   --> G_11+          
     e( 15 - 15) =      2.35137  eV     1   --> G_7+           
     e( 16 - 16) =      2.38138  eV     1   --> G_8+           
     e( 17 - 17) =      3.15829  eV     1   --> G_7-           
     e( 18 - 18) =      3.25907  eV     1   --> G_8-           

 **************************************************************************

 **************************************************************************

                    xk=(   0.01351,  -0.00780,   0.00000  )

     the magnetic double point group is C_2v (mm2)  [C_s (m)    ]
     using the double point group C_s (m)    
     there are  4 classes and  2 irreducible representations
     the character table:

       E     -E    s     -s   
                              
G_3    1.00 -1.00  0.00  0.00
G_4    1.00 -1.00  0.00  0.00

     imaginary part

       E     -E    s     -s   
                              
G_3    0.00  0.00  1.00 -1.00
G_4    0.00  0.00 -1.00  1.00

     the symmetry operations in each class and the name of the first element:

     E             1
                                                                 
     -E           -1
                                                                 
     s             2
                                                                 
     -s           -2
                                                                 

     Band symmetry, C_2v (mm2)  [C_s (m)    ] magnetic double point group,
     using C_s (m)    

     e(  1 -  1) =     -8.79774  eV     1   --> G_4            
     e(  2 -  2) =     -8.54188  eV     1   --> G_3            
     e(  3 -  3) =     -5.09141  eV     1   --> G_4            
     e(  4 -  4) =     -4.69985  eV     1   --> G_4            
     e(  5 -  5) =     -4.54629  eV     1   --> G_4            
     e(  6 -  6) =     -3.69915  eV     1   --> G_3            
     e(  7 -  7) =     -3.23376  eV     1   --> G_3            
     e(  8 -  8) =     -3.21974  eV     1   --> G_3            
     e(  9 -  9) =     -3.08456  eV     1   --> G_3            
     e( 10 - 10) =     -3.01559  eV     1   --> G_3            
     e( 11 - 11) =     -2.03715  eV     1   --> G_4            
     e( 12 - 12) =     -1.96388  eV     1   --> G_3            
     e( 13 - 13) =     -1.12085  eV     1   --> G_4            
     e( 14 - 14) =     -1.03513  eV     1   --> G_4            
     e( 15 - 15) =      2.35802  eV     1   --> G_3            
     e( 16 - 16) =      2.38808  eV     1   --> G_4            
     e( 17 - 17) =      3.16589  eV     1   --> G_4            
     e( 18 - 18) =      3.26639  eV     1   --> G_3            

 **************************************************************************

 **************************************************************************

                    xk=(   0.02703,  -0.01560,   0.00000  )

     Band symmetry, C_2v (mm2)  [C_s (m)    ] magnetic double point group,
     using C_s (m)    

     e(  1 -  1) =     -8.77393  eV     1   --> G_4            
     e(  2 -  2) =     -8.51770  eV     1   --> G_3            
     e(  3 -  3) =     -5.08354  eV     1   --> G_4            
     e(  4 -  4) =     -4.69966  eV     1   --> G_4            
     e(  5 -  5) =     -4.54369  eV     1   --> G_4            
     e(  6 -  6) =     -3.69100  eV     1   --> G_3            
     e(  7 -  7) =     -3.27420  eV     1   --> G_3            
     e(  8 -  8) =     -3.22317  eV     1   --> G_3            
     e(  9 -  9) =     -3.09715  eV     1   --> G_3            
     e( 10 - 10) =     -3.01263  eV     1   --> G_3            
     e( 11 - 11) =     -2.07851  eV     1   --> G_4            
     e( 12 - 12) =     -1.89800  eV     1   --> G_3            
     e( 13 - 13) =     -1.10837  eV     1   --> G_4            
     e( 14 - 14) =     -0.99992  eV     1   --> G_4            
     e( 15 - 15) =      2.37797  eV     1   --> G_3            
     e( 16 - 16) =      2.40820  eV     1   --> G_4            
     e( 17 - 17) =      3.18869  eV     1   --> G_4            
     e( 18 - 18) =      3.28834  eV     1   --> G_3            

 **************************************************************************

 **************************************************************************

                    xk=(   0.04054,  -0.02341,   0.00000  )

     Band symmetry, C_2v (mm2)  [C_s (m)    ] magnetic double point group,
     using C_s (m)    

     e(  1 -  1) =     -8.73439  eV     1   --> G_4            
     e(  2 -  2) =     -8.47751  eV     1   --> G_3            
     e(  3 -  3) =     -5.07046  eV     1   --> G_4            
     e(  4 -  4) =     -4.70220  eV     1   --> G_4            
     e(  5 -  5) =     -4.53633  eV     1   --> G_4            
     e(  6 -  6) =     -3.67803  eV     1   --> G_3            
     e(  7 -  7) =     -3.34343  eV     1   --> G_3            
     e(  8 -  8) =     -3.22646  eV     1   --> G_3            
     e(  9 -  9) =     -3.11204  eV     1   --> G_3            
     e( 10 - 10) =     -3.00346  eV     1   --> G_3            
     e( 11 - 11) =     -2.14007  eV     1   --> G_4            
     e( 12 - 12) =     -1.79827  eV     1   --> G_3            
     e( 13 - 13) =     -1.10406  eV     1   --> G_4            
     e( 14 - 14) =     -0.93193  eV     1   --> G_4            
     e( 15 - 15) =      2.41121  eV     1   --> G_3            
     e( 16 - 16) =      2.44173  eV     1   --> G_4            
     e( 17 - 17) =      3.22662  eV     1   --> G_4            
     e( 18 - 18) =      3.32490  eV     1   --> G_3            

 **************************************************************************

 **************************************************************************

                    xk=(   0.05405,  -0.03121,   0.00000  )

     Band symmetry, C_2v (mm2)  [C_s (m)    ] magnetic double point group,
     using C_s (m)    

     e(  1 -  1) =     -8.67932  eV     1   --> G_4            
     e(  2 -  2) =     -8.42146  eV     1   --> G_3            
     e(  3 -  3) =     -5.05224  eV     1   --> G_4            
     e(  4 -  4) =     -4.71051  eV     1   --> G_4            
     e(  5 -  5) =     -4.52097  eV     1   --> G_4            
     e(  6 -  6) =     -3.66213  eV     1   --> G_3            
     e(  7 -  7) =     -3.43033  eV     1   --> G_3            
     e(  8 -  8) =     -3.23249  eV     1   --> G_3            
     e(  9 -  9) =     -3.12993  eV     1   --> G_3            
     e( 10 - 10) =     -2.98474  eV     1   --> G_3            
     e( 11 - 11) =     -2.21532  eV     1   --> G_4            
     e( 12 - 12) =     -1.67343  eV     1   --> G_3            
     e( 13 - 13) =     -1.10651  eV     1   --> G_4            
     e( 14 - 14) =     -0.83881  eV     1   --> G_4            
     e( 15 - 15) =      2.45775  eV     1   --> G_3            
     e( 16 - 16) =      2.48867  eV     1   --> G_4            
     e( 17 - 17) =      3.27958  eV     1   --> G_4            
     e( 18 - 18) =      3.37603  eV     1   --> G_3            

 **************************************************************************

 **************************************************************************

                    xk=(   0.06757,  -0.03901,   0.00000  )

     Band symmetry, C_2v (mm2)  [C_s (m)    ] magnetic double point group,
     using C_s (m)    

     e(  1 -  1) =     -8.60902  eV     1   --> G_4            
     e(  2 -  2) =     -8.34978  eV     1   --> G_3            
     e(  3 -  3) =     -5.02897  eV     1   --> G_4            
     e(  4 -  4) =     -4.72632  eV     1   --> G_4            
     e(  5 -  5) =     -4.49557  eV     1   --> G_4            
     e(  6 -  6) =     -3.65211  eV     1   --> G_3            
     e(  7 -  7) =     -3.51843  eV     1   --> G_3            
     e(  8 -  8) =     -3.24282  eV     1   --> G_3            
     e(  9 -  9) =     -3.15126  eV     1   --> G_3            
     e( 10 - 10) =     -2.95526  eV     1   --> G_3            
     e( 11 - 11) =     -2.29929  eV     1   --> G_4            
     e( 12 - 12) =     -1.52993  eV     1   --> G_3            
     e( 13 - 13) =     -1.11284  eV     1   --> G_4            
     e( 14 - 14) =     -0.72800  eV     1   --> G_4            
     e( 15 - 15) =      2.51759  eV     1   --> G_3            
     e( 16 - 16) =      2.54902  eV     1   --> G_4            
     e( 17 - 17) =      3.34744  eV     1   --> G_4            
     e( 18 - 18) =      3.44166  eV     1   --> G_3            

 **************************************************************************

 **************************************************************************

                    xk=(   0.08108,  -0.04681,   0.00000  )

     Band symmetry, C_2v (mm2)  [C_s (m)    ] magnetic double point group,
     using C_s (m)    

     e(  1 -  1) =     -8.52391  eV     1   --> G_4            
     e(  2 -  2) =     -8.26277  eV     1   --> G_3            
     e(  3 -  3) =     -5.00076  eV     1   --> G_4            
     e(  4 -  4) =     -4.74937  eV     1   --> G_4            
     e(  5 -  5) =     -4.45993  eV     1   --> G_4            
     e(  6 -  6) =     -3.69156  eV     1   --> G_3            
     e(  7 -  7) =     -3.55929  eV     1   --> G_3            
     e(  8 -  8) =     -3.25917  eV     1   --> G_3            
     e(  9 -  9) =     -3.17406  eV     1   --> G_3            
     e( 10 - 10) =     -2.91537  eV     1   --> G_3            
     e( 11 - 11) =     -2.38866  eV     1   --> G_4            
     e( 12 - 12) =     -1.37198  eV     1   --> G_3            
     e( 13 - 13) =     -1.12182  eV     1   --> G_4            
     e( 14 - 14) =     -0.60363  eV     1   --> G_4            
     e( 15 - 15) =      2.59073  eV     1   --> G_3            
     e( 16 - 16) =      2.62278  eV     1   --> G_4            
     e( 17 - 17) =      3.43005  eV     1   --> G_4            
     e( 18 - 18) =      3.52173  eV     1   --> G_3            

 **************************************************************************

 **************************************************************************

                    xk=(   0.09459,  -0.05461,   0.00000  )

     Band symmetry, C_2v (mm2)  [C_s (m)    ] magnetic double point group,
     using C_s (m)    

     e(  1 -  1) =     -8.42455  eV     1   --> G_4            
     e(  2 -  2) =     -8.16083  eV     1   --> G_3            
     e(  3 -  3) =     -4.96774  eV     1   --> G_4            
     e(  4 -  4) =     -4.77835  eV     1   --> G_4            
     e(  5 -  5) =     -4.41485  eV     1   --> G_4            
     e(  6 -  6) =     -3.78881  eV     1   --> G_3            
     e(  7 -  7) =     -3.54229  eV     1   --> G_3            
     e(  8 -  8) =     -3.28277  eV     1   --> G_3            
     e(  9 -  9) =     -3.19539  eV     1   --> G_3            
     e( 10 - 10) =     -2.86588  eV     1   --> G_3            
     e( 11 - 11) =     -2.48125  eV     1   --> G_4            
     e( 12 - 12) =     -1.20217  eV     1   --> G_3            
     e( 13 - 13) =     -1.13289  eV     1   --> G_4            
     e( 14 - 14) =     -0.46789  eV     1   --> G_4            
     e( 15 - 15) =      2.67717  eV     1   --> G_3            
     e( 16 - 16) =      2.70997  eV     1   --> G_4            
     e( 17 - 17) =      3.52724  eV     1   --> G_4            
     e( 18 - 18) =      3.61615  eV     1   --> G_3            

 **************************************************************************

 **************************************************************************

                    xk=(   0.10811,  -0.06242,   0.00000  )

     Band symmetry, C_2v (mm2)  [C_s (m)    ] magnetic double point group,
     using C_s (m)    

     e(  1 -  1) =     -8.31166  eV     1   --> G_4            
     e(  2 -  2) =     -8.04447  eV     1   --> G_3            
     e(  3 -  3) =     -4.93008  eV     1   --> G_4            
     e(  4 -  4) =     -4.81161  eV     1   --> G_4            
     e(  5 -  5) =     -4.36121  eV     1   --> G_4            
     e(  6 -  6) =     -3.90001  eV     1   --> G_3            
     e(  7 -  7) =     -3.51159  eV     1   --> G_3            
     e(  8 -  8) =     -3.31184  eV     1   --> G_3            
     e(  9 -  9) =     -3.21362  eV     1   --> G_3            
     e( 10 - 10) =     -2.80755  eV     1   --> G_3            
     e( 11 - 11) =     -2.57560  eV     1   --> G_4            
     e( 12 - 12) =     -1.14575  eV     1   --> G_4            
     e( 13 - 13) =     -1.02206  eV     1   --> G_3            
     e( 14 - 14) =     -0.32194  eV     1   --> G_4            
     e( 15 - 15) =      2.77690  eV     1   --> G_3            
     e( 16 - 16) =      2.81057  eV     1   --> G_4            
     e( 17 - 17) =      3.63882  eV     1   --> G_4            
     e( 18 - 18) =      3.72484  eV     1   --> G_3            

 **************************************************************************

 **************************************************************************

                    xk=(   0.12162,  -0.07022,   0.00000  )

     Band symmetry, C_2v (mm2)  [C_s (m)    ] magnetic double point group,
     using C_s (m)    

     e(  1 -  1) =     -8.18619  eV     1   --> G_4            
     e(  2 -  2) =     -7.91431  eV     1   --> G_3            
     e(  3 -  3) =     -4.88813  eV     1   --> G_4            
     e(  4 -  4) =     -4.84729  eV     1   --> G_4            
     e(  5 -  5) =     -4.29983  eV     1   --> G_4            
     e(  6 -  6) =     -4.01423  eV     1   --> G_3            
     e(  7 -  7) =     -3.48386  eV     1   --> G_3            
     e(  8 -  8) =     -3.33819  eV     1   --> G_3            
     e(  9 -  9) =     -3.22873  eV     1   --> G_3            
     e( 10 - 10) =     -2.74105  eV     1   --> G_3            
     e( 11 - 11) =     -2.67072  eV     1   --> G_4            
     e( 12 - 12) =     -1.16022  eV     1   --> G_4            
     e( 13 - 13) =     -0.83258  eV     1   --> G_3            
     e( 14 - 14) =     -0.16633  eV     1   --> G_4            
     e( 15 - 15) =      2.88994  eV     1   --> G_3            
     e( 16 - 16) =      2.92459  eV     1   --> G_4            
     e( 17 - 17) =      3.76462  eV     1   --> G_4            
     e( 18 - 18) =      3.84771  eV     1   --> G_3            

 **************************************************************************

 **************************************************************************

                    xk=(   0.13514,  -0.07802,   0.00000  )

     Band symmetry, C_2v (mm2)  [C_s (m)    ] magnetic double point group,
     using C_s (m)    

     e(  1 -  1) =     -8.04940  eV     1   --> G_4            
     e(  2 -  2) =     -7.77117  eV     1   --> G_3            
     e(  3 -  3) =     -4.88504  eV     1   --> G_4            
     e(  4 -  4) =     -4.84060  eV     1   --> G_4            
     e(  5 -  5) =     -4.23135  eV     1   --> G_4            
     e(  6 -  6) =     -4.12867  eV     1   --> G_3            
     e(  7 -  7) =     -3.47865  eV     1   --> G_3            
     e(  8 -  8) =     -3.34372  eV     1   --> G_3            
     e(  9 -  9) =     -3.24002  eV     1   --> G_3            
     e( 10 - 10) =     -2.76587  eV     1   --> G_4            
     e( 11 - 11) =     -2.66698  eV     1   --> G_3            
     e( 12 - 12) =     -1.17611  eV     1   --> G_4            
     e( 13 - 13) =     -0.63423  eV     1   --> G_3            
     e( 14 - 14) =     -0.00131  eV     1   --> G_4            
     e( 15 - 15) =      3.01628  eV     1   --> G_3            
     e( 16 - 16) =      3.05203  eV     1   --> G_4            
     e( 17 - 17) =      3.90446  eV     1   --> G_4            
     e( 18 - 18) =      3.98465  eV     1   --> G_3            

 **************************************************************************

 **************************************************************************

                    xk=(   0.14865,  -0.08582,   0.00000  )

     Band symmetry, C_2v (mm2)  [C_s (m)    ] magnetic double point group,
     using C_s (m)    

     e(  1 -  1) =     -7.90291  eV     1   --> G_4            
     e(  2 -  2) =     -7.61604  eV     1   --> G_3            
     e(  3 -  3) =     -4.92048  eV     1   --> G_4            
     e(  4 -  4) =     -4.78999  eV     1   --> G_4            
     e(  5 -  5) =     -4.24207  eV     1   --> G_3            
     e(  6 -  6) =     -4.15636  eV     1   --> G_4            
     e(  7 -  7) =     -3.50444  eV     1   --> G_3            
     e(  8 -  8) =     -3.32526  eV     1   --> G_3            
     e(  9 -  9) =     -3.24140  eV     1   --> G_3            
     e( 10 - 10) =     -2.86051  eV     1   --> G_4            
     e( 11 - 11) =     -2.58588  eV     1   --> G_3            
     e( 12 - 12) =     -1.19327  eV     1   --> G_4            
     e( 13 - 13) =     -0.42728  eV     1   --> G_3            
     e( 14 - 14) =      0.17310  eV     1   --> G_4            
     e( 15 - 15) =      3.15592  eV     1   --> G_3            
     e( 16 - 16) =      3.19290  eV     1   --> G_4            
     e( 17 - 17) =      4.05818  eV     1   --> G_4            
     e( 18 - 18) =      4.13558  eV     1   --> G_3            

 **************************************************************************

 **************************************************************************

                    xk=(   0.16216,  -0.09362,   0.00000  )

     Band symmetry, C_2v (mm2)  [C_s (m)    ] magnetic double point group,
     using C_s (m)    

     e(  1 -  1) =     -7.74889  eV     1   --> G_4            
     e(  2 -  2) =     -7.45022  eV     1   --> G_3            
     e(  3 -  3) =     -4.95259  eV     1   --> G_4            
     e(  4 -  4) =     -4.73498  eV     1   --> G_4            
     e(  5 -  5) =     -4.35369  eV     1   --> G_3            
     e(  6 -  6) =     -4.07543  eV     1   --> G_4            
     e(  7 -  7) =     -3.54456  eV     1   --> G_3            
     e(  8 -  8) =     -3.31447  eV     1   --> G_3            
     e(  9 -  9) =     -3.21665  eV     1   --> G_3            
     e( 10 - 10) =     -2.95415  eV     1   --> G_4            
     e( 11 - 11) =     -2.49830  eV     1   --> G_3            
     e( 12 - 12) =     -1.21156  eV     1   --> G_4            
     e( 13 - 13) =     -0.21180  eV     1   --> G_3            
     e( 14 - 14) =      0.35697  eV     1   --> G_4            
     e( 15 - 15) =      3.30887  eV     1   --> G_3            
     e( 16 - 16) =      3.34718  eV     1   --> G_4            
     e( 17 - 17) =      4.22562  eV     1   --> G_4            
     e( 18 - 18) =      4.30039  eV     1   --> G_3            

 **************************************************************************

 **************************************************************************

                    xk=(   0.17568,  -0.10143,   0.00000  )

     Band symmetry, C_2v (mm2)  [C_s (m)    ] magnetic double point group,
     using C_s (m)    

     e(  1 -  1) =     -7.59023  eV     1   --> G_4            
     e(  2 -  2) =     -7.27534  eV     1   --> G_3            
     e(  3 -  3) =     -4.97823  eV     1   --> G_4            
     e(  4 -  4) =     -4.67579  eV     1   --> G_4            
     e(  5 -  5) =     -4.46303  eV     1   --> G_3            
     e(  6 -  6) =     -3.98910  eV     1   --> G_4            
     e(  7 -  7) =     -3.58730  eV     1   --> G_3            
     e(  8 -  8) =     -3.32108  eV     1   --> G_3            
     e(  9 -  9) =     -3.16603  eV     1   --> G_3            
     e( 10 - 10) =     -3.04642  eV     1   --> G_4            
     e( 11 - 11) =     -2.40477  eV     1   --> G_3            
     e( 12 - 12) =     -1.23082  eV     1   --> G_4            
     e( 13 - 13) =      0.01220  eV     1   --> G_3            
     e( 14 - 14) =      0.55044  eV     1   --> G_4            
     e( 15 - 15) =      3.47512  eV     1   --> G_3            
     e( 16 - 16) =      3.51489  eV     1   --> G_4            
     e( 17 - 17) =      4.40664  eV     1   --> G_4            
     e( 18 - 18) =      4.47899  eV     1   --> G_3            

 **************************************************************************

 **************************************************************************

                    xk=(   0.18919,  -0.10923,   0.00000  )

     Band symmetry, C_2v (mm2)  [C_s (m)    ] magnetic double point group,
     using C_s (m)    

     e(  1 -  1) =     -7.43070  eV     1   --> G_4            
     e(  2 -  2) =     -7.09351  eV     1   --> G_3            
     e(  3 -  3) =     -4.99371  eV     1   --> G_4            
     e(  4 -  4) =     -4.61231  eV     1   --> G_4            
     e(  5 -  5) =     -4.56971  eV     1   --> G_3            
     e(  6 -  6) =     -3.89797  eV     1   --> G_4            
     e(  7 -  7) =     -3.62699  eV     1   --> G_3            
     e(  8 -  8) =     -3.33473  eV     1   --> G_3            
     e(  9 -  9) =     -3.13693  eV     1   --> G_4            
     e( 10 - 10) =     -3.10345  eV     1   --> G_3            
     e( 11 - 11) =     -2.30587  eV     1   --> G_3            
     e( 12 - 12) =     -1.25090  eV     1   --> G_4            
     e( 13 - 13) =      0.24481  eV     1   --> G_3            
     e( 14 - 14) =      0.75367  eV     1   --> G_4            
     e( 15 - 15) =      3.65467  eV     1   --> G_3            
     e( 16 - 16) =      3.69601  eV     1   --> G_4            
     e( 17 - 17) =      4.60113  eV     1   --> G_4            
     e( 18 - 18) =      4.67130  eV     1   --> G_3            

 **************************************************************************

 **************************************************************************

                    xk=(   0.20270,  -0.11703,   0.00000  )

     Band symmetry, C_2v (mm2)  [C_s (m)    ] magnetic double point group,
     using C_s (m)    

     e(  1 -  1) =     -7.27517  eV     1   --> G_4            
     e(  2 -  2) =     -6.90747  eV     1   --> G_3            
     e(  3 -  3) =     -4.99459  eV     1   --> G_4            
     e(  4 -  4) =     -4.67341  eV     1   --> G_3            
     e(  5 -  5) =     -4.54419  eV     1   --> G_4            
     e(  6 -  6) =     -3.80268  eV     1   --> G_4            
     e(  7 -  7) =     -3.65939  eV     1   --> G_3            
     e(  8 -  8) =     -3.35099  eV     1   --> G_3            
     e(  9 -  9) =     -3.22529  eV     1   --> G_4            
     e( 10 - 10) =     -3.03483  eV     1   --> G_3            
     e( 11 - 11) =     -2.20220  eV     1   --> G_3            
     e( 12 - 12) =     -1.27165  eV     1   --> G_4            
     e( 13 - 13) =      0.48614  eV     1   --> G_3            
     e( 14 - 14) =      0.96685  eV     1   --> G_4            
     e( 15 - 15) =      3.84751  eV     1   --> G_3            
     e( 16 - 16) =      3.89053  eV     1   --> G_4            
     e( 17 - 17) =      4.80898  eV     1   --> G_4            
     e( 18 - 18) =      4.87723  eV     1   --> G_3            

 **************************************************************************

 **************************************************************************

                    xk=(   0.21622,  -0.12483,   0.00000  )

     Band symmetry, C_2v (mm2)  [C_s (m)    ] magnetic double point group,
     using C_s (m)    

     e(  1 -  1) =     -7.12955  eV     1   --> G_4            
     e(  2 -  2) =     -6.72073  eV     1   --> G_3            
     e(  3 -  3) =     -4.97587  eV     1   --> G_4            
     e(  4 -  4) =     -4.77389  eV     1   --> G_3            
     e(  5 -  5) =     -4.47065  eV     1   --> G_4            
     e(  6 -  6) =     -3.70406  eV     1   --> G_4            
     e(  7 -  7) =     -3.68022  eV     1   --> G_3            
     e(  8 -  8) =     -3.36848  eV     1   --> G_3            
     e(  9 -  9) =     -3.31101  eV     1   --> G_4            
     e( 10 - 10) =     -2.96244  eV     1   --> G_3            
     e( 11 - 11) =     -2.09438  eV     1   --> G_3            
     e( 12 - 12) =     -1.29289  eV     1   --> G_4            
     e( 13 - 13) =      0.73632  eV     1   --> G_3            
     e( 14 - 14) =      1.19015  eV     1   --> G_4            
     e( 15 - 15) =      4.05364  eV     1   --> G_3            
     e( 16 - 16) =      4.09845  eV     1   --> G_4            
     e( 17 - 17) =      5.03010  eV     1   --> G_4            
     e( 18 - 18) =      5.09670  eV     1   --> G_3            

 **************************************************************************

 **************************************************************************

                    xk=(   0.22973,  -0.13263,   0.00000  )

     Band symmetry, C_2v (mm2)  [C_s (m)    ] magnetic double point group,
     using C_s (m)    

     e(  1 -  1) =     -7.00035  eV     1   --> G_4            
     e(  2 -  2) =     -6.53772  eV     1   --> G_3            
     e(  3 -  3) =     -4.93276  eV     1   --> G_4            
     e(  4 -  4) =     -4.87091  eV     1   --> G_3            
     e(  5 -  5) =     -4.39020  eV     1   --> G_4            
     e(  6 -  6) =     -3.68458  eV     1   --> G_3            
     e(  7 -  7) =     -3.60373  eV     1   --> G_4            
     e(  8 -  8) =     -3.39282  eV     1   --> G_4            
     e(  9 -  9) =     -3.38660  eV     1   --> G_3            
     e( 10 - 10) =     -2.88747  eV     1   --> G_3            
     e( 11 - 11) =     -1.98309  eV     1   --> G_3            
     e( 12 - 12) =     -1.31449  eV     1   --> G_4            
     e( 13 - 13) =      0.99550  eV     1   --> G_3            
     e( 14 - 14) =      1.42372  eV     1   --> G_4            
     e( 15 - 15) =      4.27304  eV     1   --> G_3            
     e( 16 - 16) =      4.31972  eV     1   --> G_4            
     e( 17 - 17) =      5.26441  eV     1   --> G_4            
     e( 18 - 18) =      5.32964  eV     1   --> G_3            

 **************************************************************************

 **************************************************************************

                    xk=(   0.24324,  -0.14044,   0.00000  )

     Band symmetry, C_2v (mm2)  [C_s (m)    ] magnetic double point group,
     using C_s (m)    

     e(  1 -  1) =     -6.89355  eV     1   --> G_4            
     e(  2 -  2) =     -6.36382  eV     1   --> G_3            
     e(  3 -  3) =     -4.96428  eV     1   --> G_3            
     e(  4 -  4) =     -4.86237  eV     1   --> G_4            
     e(  5 -  5) =     -4.30004  eV     1   --> G_4            
     e(  6 -  6) =     -3.66687  eV     1   --> G_3            
     e(  7 -  7) =     -3.51800  eV     1   --> G_4            
     e(  8 -  8) =     -3.45479  eV     1   --> G_4            
     e(  9 -  9) =     -3.40493  eV     1   --> G_3            
     e( 10 - 10) =     -2.81079  eV     1   --> G_3            
     e( 11 - 11) =     -1.86903  eV     1   --> G_3            
     e( 12 - 12) =     -1.33626  eV     1   --> G_4            
     e( 13 - 13) =      1.26381  eV     1   --> G_3            
     e( 14 - 14) =      1.66769  eV     1   --> G_4            
     e( 15 - 15) =      4.50567  eV     1   --> G_3            
     e( 16 - 16) =      4.55432  eV     1   --> G_4            
     e( 17 - 17) =      5.51185  eV     1   --> G_4            
     e( 18 - 18) =      5.57598  eV     1   --> G_3            

 **************************************************************************

 **************************************************************************

                    xk=(   0.25676,  -0.14824,   0.00000  )

     Band symmetry, C_2v (mm2)  [C_s (m)    ] magnetic double point group,
     using C_s (m)    

     e(  1 -  1) =     -6.81304  eV     1   --> G_4            
     e(  2 -  2) =     -6.20507  eV     1   --> G_3            
     e(  3 -  3) =     -5.05381  eV     1   --> G_3            
     e(  4 -  4) =     -4.76612  eV     1   --> G_4            
     e(  5 -  5) =     -4.19526  eV     1   --> G_4            
     e(  6 -  6) =     -3.62119  eV     1   --> G_3            
     e(  7 -  7) =     -3.56191  eV     1   --> G_4            
     e(  8 -  8) =     -3.42297  eV     1   --> G_3            
     e(  9 -  9) =     -3.38233  eV     1   --> G_4            
     e( 10 - 10) =     -2.73311  eV     1   --> G_3            
     e( 11 - 11) =     -1.75295  eV     1   --> G_3            
     e( 12 - 12) =     -1.35806  eV     1   --> G_4            
     e( 13 - 13) =      1.54139  eV     1   --> G_3            
     e( 14 - 14) =      1.92219  eV     1   --> G_4            
     e( 15 - 15) =      4.75149  eV     1   --> G_3            
     e( 16 - 16) =      4.80219  eV     1   --> G_4            
     e( 17 - 17) =      5.77235  eV     1   --> G_4            
     e( 18 - 18) =      5.83567  eV     1   --> G_3            

 **************************************************************************

 **************************************************************************

                    xk=(   0.27027,  -0.15604,   0.00000  )

     Band symmetry, C_2v (mm2)  [C_s (m)    ] magnetic double point group,
     using C_s (m)    

     e(  1 -  1) =     -6.75953  eV     1   --> G_4            
     e(  2 -  2) =     -6.06740  eV     1   --> G_3            
     e(  3 -  3) =     -5.13934  eV     1   --> G_3            
     e(  4 -  4) =     -4.65165  eV     1   --> G_4            
     e(  5 -  5) =     -4.06810  eV     1   --> G_4            
     e(  6 -  6) =     -3.63381  eV     1   --> G_4            
     e(  7 -  7) =     -3.54332  eV     1   --> G_3            
     e(  8 -  8) =     -3.43882  eV     1   --> G_3            
     e(  9 -  9) =     -3.27747  eV     1   --> G_4            
     e( 10 - 10) =     -2.65508  eV     1   --> G_3            
     e( 11 - 11) =     -1.63564  eV     1   --> G_3            
     e( 12 - 12) =     -1.37972  eV     1   --> G_4            
     e( 13 - 13) =      1.82835  eV     1   --> G_3            
     e( 14 - 14) =      2.18728  eV     1   --> G_4            
     e( 15 - 15) =      5.01042  eV     1   --> G_3            
     e( 16 - 16) =      5.06322  eV     1   --> G_4            
     e( 17 - 17) =      6.04586  eV     1   --> G_4            
     e( 18 - 18) =      6.10862  eV     1   --> G_3            

 **************************************************************************

 **************************************************************************

                    xk=(   0.28378,  -0.16384,   0.00000  )

     Band symmetry, C_2v (mm2)  [C_s (m)    ] magnetic double point group,
     using C_s (m)    

     e(  1 -  1) =     -6.73063  eV     1   --> G_4            
     e(  2 -  2) =     -5.95541  eV     1   --> G_3            
     e(  3 -  3) =     -5.22072  eV     1   --> G_3            
     e(  4 -  4) =     -4.53187  eV     1   --> G_4            
     e(  5 -  5) =     -3.90916  eV     1   --> G_4            
     e(  6 -  6) =     -3.70338  eV     1   --> G_4            
     e(  7 -  7) =     -3.47369  eV     1   --> G_3            
     e(  8 -  8) =     -3.40743  eV     1   --> G_3            
     e(  9 -  9) =     -3.17051  eV     1   --> G_4            
     e( 10 - 10) =     -2.57727  eV     1   --> G_3            
     e( 11 - 11) =     -1.51792  eV     1   --> G_3            
     e( 12 - 12) =     -1.40108  eV     1   --> G_4            
     e( 13 - 13) =      2.12475  eV     1   --> G_3            
     e( 14 - 14) =      2.46303  eV     1   --> G_4            
     e( 15 - 15) =      5.28235  eV     1   --> G_3            
     e( 16 - 16) =      5.33728  eV     1   --> G_4            
     e( 17 - 17) =      6.33234  eV     1   --> G_4            
     e( 18 - 18) =      6.39478  eV     1   --> G_3            

 **************************************************************************

 **************************************************************************

                    xk=(   0.29730,  -0.17164,   0.00000  )

     Band symmetry, C_2v (mm2)  [C_s (m)    ] magnetic double point group,
     using C_s (m)    

     e(  1 -  1) =     -6.72208  eV     1   --> G_4            
     e(  2 -  2) =     -5.87115  eV     1   --> G_3            
     e(  3 -  3) =     -5.29781  eV     1   --> G_3            
     e(  4 -  4) =     -4.41941  eV     1   --> G_4            
     e(  5 -  5) =     -3.77654  eV     1   --> G_4            
     e(  6 -  6) =     -3.70330  eV     1   --> G_4            
     e(  7 -  7) =     -3.48411  eV     1   --> G_3            
     e(  8 -  8) =     -3.25517  eV     1   --> G_3            
     e(  9 -  9) =     -3.06359  eV     1   --> G_4            
     e( 10 - 10) =     -2.50020  eV     1   --> G_3            
     e( 11 - 11) =     -1.42200  eV     1   --> G_4            
     e( 12 - 12) =     -1.40067  eV     1   --> G_3            
     e( 13 - 13) =      2.43066  eV     1   --> G_3            
     e( 14 - 14) =      2.74943  eV     1   --> G_4            
     e( 15 - 15) =      5.56707  eV     1   --> G_3            
     e( 16 - 16) =      5.62412  eV     1   --> G_4            
     e( 17 - 17) =      6.63171  eV     1   --> G_4            
     e( 18 - 18) =      6.69407  eV     1   --> G_3            

 **************************************************************************

 **************************************************************************

                    xk=(   0.31081,  -0.17945,   0.00000  )

     Band symmetry, C_2v (mm2)  [C_s (m)    ] magnetic double point group,
     using C_s (m)    

     e(  1 -  1) =     -6.72909  eV     1   --> G_4            
     e(  2 -  2) =     -5.81366  eV     1   --> G_3            
     e(  3 -  3) =     -5.37047  eV     1   --> G_3            
     e(  4 -  4) =     -4.32079  eV     1   --> G_4            
     e(  5 -  5) =     -3.83551  eV     1   --> G_4            
     e(  6 -  6) =     -3.50065  eV     1   --> G_3            
     e(  7 -  7) =     -3.46708  eV     1   --> G_4            
     e(  8 -  8) =     -3.05749  eV     1   --> G_3            
     e(  9 -  9) =     -2.95767  eV     1   --> G_4            
     e( 10 - 10) =     -2.42420  eV     1   --> G_3            
     e( 11 - 11) =     -1.44231  eV     1   --> G_4            
     e( 12 - 12) =     -1.28477  eV     1   --> G_3            
     e( 13 - 13) =      2.74608  eV     1   --> G_3            
     e( 14 - 14) =      3.04645  eV     1   --> G_4            
     e( 15 - 15) =      5.86429  eV     1   --> G_3            
     e( 16 - 16) =      5.92337  eV     1   --> G_4            
     e( 17 - 17) =      6.94391  eV     1   --> G_4            
     e( 18 - 18) =      7.00639  eV     1   --> G_3            

 **************************************************************************

 **************************************************************************

                    xk=(   0.32432,  -0.18725,   0.00000  )

     Band symmetry, C_2v (mm2)  [C_s (m)    ] magnetic double point group,
     using C_s (m)    

     e(  1 -  1) =     -6.74729  eV     1   --> G_4            
     e(  2 -  2) =     -5.77959  eV     1   --> G_3            
     e(  3 -  3) =     -5.43858  eV     1   --> G_3            
     e(  4 -  4) =     -4.23674  eV     1   --> G_4            
     e(  5 -  5) =     -3.89270  eV     1   --> G_4            
     e(  6 -  6) =     -3.51735  eV     1   --> G_3            
     e(  7 -  7) =     -3.19298  eV     1   --> G_4            
     e(  8 -  8) =     -2.85317  eV     1   --> G_4            
     e(  9 -  9) =     -2.82490  eV     1   --> G_3            
     e( 10 - 10) =     -2.34917  eV     1   --> G_3            
     e( 11 - 11) =     -1.46187  eV     1   --> G_4            
     e( 12 - 12) =     -1.17114  eV     1   --> G_3            
     e( 13 - 13) =      3.07094  eV     1   --> G_3            
     e( 14 - 14) =      3.35399  eV     1   --> G_4            
     e( 15 - 15) =      6.17349  eV     1   --> G_3            
     e( 16 - 16) =      6.23436  eV     1   --> G_4            
     e( 17 - 17) =      7.26884  eV     1   --> G_4            
     e( 18 - 18) =      7.33158  eV     1   -->   ?

 **************************************************************************

 **************************************************************************

                    xk=(   0.33784,  -0.19505,   0.00000  )

     Band symmetry, C_2v (mm2)  [C_s (m)    ] magnetic double point group,
     using C_s (m)    

     e(  1 -  1) =     -6.77299  eV     1   --> G_4            
     e(  2 -  2) =     -5.76440  eV     1   --> G_3            
     e(  3 -  3) =     -5.50202  eV     1   --> G_3            
     e(  4 -  4) =     -4.16704  eV     1   --> G_4            
     e(  5 -  5) =     -3.94274  eV     1   --> G_4            
     e(  6 -  6) =     -3.53356  eV     1   --> G_3            
     e(  7 -  7) =     -2.89480  eV     1   --> G_4            
     e(  8 -  8) =     -2.74750  eV     1   --> G_4            
     e(  9 -  9) =     -2.56629  eV     1   --> G_3            
     e( 10 - 10) =     -2.27281  eV     1   --> G_3            
     e( 11 - 11) =     -1.48054  eV     1   --> G_4            
     e( 12 - 12) =     -1.06073  eV     1   --> G_3            
     e( 13 - 13) =      3.40511  eV     1   --> G_3            
     e( 14 - 14) =      3.67187  eV     1   --> G_4            
     e( 15 - 15) =      6.49374  eV     1   --> G_3            
     e( 16 - 16) =      6.55586  eV     1   --> G_4            
     e( 17 - 17) =      7.60631  eV     1   --> G_4            
     e( 18 - 18) =      7.65817  eV     1   -->   ?

 **************************************************************************

 **************************************************************************

                    xk=(   0.35135,  -0.20285,   0.00000  )

     Band symmetry, C_2v (mm2)  [C_s (m)    ] magnetic double point group,
     using C_s (m)    

     e(  1 -  1) =     -6.80329  eV     1   --> G_4            
     e(  2 -  2) =     -5.76340  eV     1   --> G_3            
     e(  3 -  3) =     -5.56069  eV     1   --> G_3            
     e(  4 -  4) =     -4.11709  eV     1   --> G_4            
     e(  5 -  5) =     -3.97770  eV     1   --> G_4            
     e(  6 -  6) =     -3.54901  eV     1   --> G_3            
     e(  7 -  7) =     -2.67246  eV     1   --> G_4            
     e(  8 -  8) =     -2.54838  eV     1   --> G_4            
     e(  9 -  9) =     -2.31165  eV     1   --> G_3            
     e( 10 - 10) =     -2.17181  eV     1   --> G_3            
     e( 11 - 11) =     -1.49819  eV     1   --> G_4            
     e( 12 - 12) =     -0.95449  eV     1   --> G_3            
     e( 13 - 13) =      3.74837  eV     1   --> G_3            
     e( 14 - 14) =      3.99982  eV     1   --> G_4            
     e( 15 - 15) =      6.82335  eV     1   --> G_3            
     e( 16 - 16) =      6.88539  eV     1   --> G_4            
     e( 17 - 17) =      7.95571  eV     1   --> G_4            
     e( 18 - 18) =      7.97355  eV     1   -->   ?

 **************************************************************************

 **************************************************************************

                    xk=(   0.36486,  -0.21065,   0.00000  )

     Band symmetry, C_2v (mm2)  [C_s (m)    ] magnetic double point group,
     using C_s (m)    

     e(  1 -  1) =     -6.83594  eV     1   --> G_4            
     e(  2 -  2) =     -5.77240  eV     1   --> G_3            
     e(  3 -  3) =     -5.61448  eV     1   --> G_3            
     e(  4 -  4) =     -4.10590  eV     1   --> G_4            
     e(  5 -  5) =     -3.97693  eV     1   --> G_4            
     e(  6 -  6) =     -3.56355  eV     1   --> G_3            
     e(  7 -  7) =     -2.57325  eV     1   --> G_4            
     e(  8 -  8) =     -2.21512  eV     1   --> G_4            
     e(  9 -  9) =     -2.18025  eV     1   --> G_3            
     e( 10 - 10) =     -1.93336  eV     1   --> G_3            
     e( 11 - 11) =     -1.51467  eV     1   --> G_4            
     e( 12 - 12) =     -0.85335  eV     1   --> G_3            
     e( 13 - 13) =      4.10032  eV     1   --> G_3            
     e( 14 - 14) =      4.33743  eV     1   --> G_4            
     e( 15 - 15) =      7.15877  eV     1   --> G_3            
     e( 16 - 16) =      7.21714  eV     1   --> G_4            
     e( 17 - 17) =      8.27795  eV     1   --> G_4            
     e( 18 - 18) =      8.31004  eV     1   -->   ?

 **************************************************************************

 **************************************************************************

                    xk=(   0.37838,  -0.21846,   0.00000  )

     Band symmetry, C_2v (mm2)  [C_s (m)    ] magnetic double point group,
     using C_s (m)    

     e(  1 -  1) =     -6.86917  eV     1   --> G_4            
     e(  2 -  2) =     -5.78794  eV     1   --> G_3            
     e(  3 -  3) =     -5.66332  eV     1   --> G_3            
     e(  4 -  4) =     -4.12953  eV     1   --> G_4            
     e(  5 -  5) =     -3.94338  eV     1   --> G_4            
     e(  6 -  6) =     -3.57706  eV     1   --> G_3            
     e(  7 -  7) =     -2.48607  eV     1   --> G_4            
     e(  8 -  8) =     -2.11164  eV     1   --> G_3            
     e(  9 -  9) =     -1.86479  eV     1   --> G_4            
     e( 10 - 10) =     -1.62427  eV     1   --> G_3            
     e( 11 - 11) =     -1.52979  eV     1   --> G_4            
     e( 12 - 12) =     -0.75825  eV     1   --> G_3            
     e( 13 - 13) =      4.46036  eV     1   --> G_3            
     e( 14 - 14) =      4.68408  eV     1   --> G_4            
     e( 15 - 15) =      7.49148  eV     1   --> G_3            
     e( 16 - 16) =      7.53460  eV     1   --> G_4            
     e( 17 - 17) =      8.53857  eV     1   --> G_4            
     e( 18 - 18) =      8.61259  eV     1   --> G_3            

 **************************************************************************

 **************************************************************************

                    xk=(   0.39189,  -0.22626,   0.00000  )

     Band symmetry, C_2v (mm2)  [C_s (m)    ] magnetic double point group,
     using C_s (m)    

     e(  1 -  1) =     -6.90162  eV     1   --> G_4            
     e(  2 -  2) =     -5.80725  eV     1   --> G_3            
     e(  3 -  3) =     -5.70713  eV     1   --> G_3            
     e(  4 -  4) =     -4.16198  eV     1   --> G_4            
     e(  5 -  5) =     -3.90248  eV     1   --> G_4            
     e(  6 -  6) =     -3.58941  eV     1   --> G_3            
     e(  7 -  7) =     -2.40632  eV     1   --> G_4            
     e(  8 -  8) =     -2.05491  eV     1   --> G_3            
     e(  9 -  9) =     -1.54621  eV     1   --> G_4            
     e( 10 - 10) =     -1.50510  eV     1   --> G_4            
     e( 11 - 11) =     -1.30184  eV     1   --> G_3            
     e( 12 - 12) =     -0.67003  eV     1   --> G_3            
     e( 13 - 13) =      4.82756  eV     1   --> G_3            
     e( 14 - 14) =      5.03884  eV     1   --> G_4            
     e( 15 - 15) =      7.77988  eV     1   --> G_4            
     e( 16 - 16) =      7.79698  eV     1   --> G_3            
     e( 17 - 17) =      8.67848  eV     1   --> G_4            
     e( 18 - 18) =      8.84608  eV     1   --> G_3            

 **************************************************************************

 **************************************************************************

                    xk=(   0.40541,  -0.23406,   0.00000  )

     Band symmetry, C_2v (mm2)  [C_s (m)    ] magnetic double point group,
     using C_s (m)    

     e(  1 -  1) =     -6.93223  eV     1   --> G_4            
     e(  2 -  2) =     -5.82818  eV     1   --> G_3            
     e(  3 -  3) =     -5.74585  eV     1   --> G_3            
     e(  4 -  4) =     -4.19389  eV     1   --> G_4            
     e(  5 -  5) =     -3.86325  eV     1   --> G_4            
     e(  6 -  6) =     -3.60053  eV     1   --> G_3            
     e(  7 -  7) =     -2.33414  eV     1   --> G_4            
     e(  8 -  8) =     -2.00521  eV     1   --> G_3            
     e(  9 -  9) =     -1.55659  eV     1   --> G_4            
     e( 10 - 10) =     -1.14941  eV     1   --> G_4            
     e( 11 - 11) =     -0.97794  eV     1   --> G_3            
     e( 12 - 12) =     -0.58933  eV     1   --> G_3            
     e( 13 - 13) =      5.20049  eV     1   --> G_3            
     e( 14 - 14) =      5.40029  eV     1   --> G_4            
     e( 15 - 15) =      7.79313  eV     1   --> G_4            
     e( 16 - 16) =      7.99651  eV     1   --> G_3            
     e( 17 - 17) =      8.78879  eV     1   --> G_4            
     e( 18 - 18) =      8.95253  eV     1   --> G_3            

 **************************************************************************

 **************************************************************************

                    xk=(   0.41892,  -0.24186,   0.00000  )

     Band symmetry, C_2v (mm2)  [C_s (m)    ] magnetic double point group,
     using C_s (m)    

     e(  1 -  1) =     -6.96016  eV     1   --> G_4            
     e(  2 -  2) =     -5.84905  eV     1   --> G_3            
     e(  3 -  3) =     -5.77943  eV     1   --> G_3            
     e(  4 -  4) =     -4.22279  eV     1   --> G_4            
     e(  5 -  5) =     -3.82804  eV     1   --> G_4            
     e(  6 -  6) =     -3.61033  eV     1   --> G_3            
     e(  7 -  7) =     -2.27011  eV     1   --> G_4            
     e(  8 -  8) =     -1.96182  eV     1   --> G_3            
     e(  9 -  9) =     -1.56738  eV     1   --> G_4            
     e( 10 - 10) =     -0.79796  eV     1   --> G_4            
     e( 11 - 11) =     -0.66288  eV     1   --> G_3            
     e( 12 - 12) =     -0.51496  eV     1   --> G_3            
     e( 13 - 13) =      5.57684  eV     1   --> G_3            
     e( 14 - 14) =      5.76617  eV     1   --> G_4            
     e( 15 - 15) =      7.53501  eV     1   --> G_4            
     e( 16 - 16) =      7.95111  eV     1   --> G_3            
     e( 17 - 17) =      9.06118  eV     1   --> G_4            
     e( 18 - 18) =      9.10506  eV     1   --> G_3            

 **************************************************************************

 **************************************************************************

                    xk=(   0.43243,  -0.24966,   0.00000  )

     Band symmetry, C_2v (mm2)  [C_s (m)    ] magnetic double point group,
     using C_s (m)    

     e(  1 -  1) =     -6.98476  eV     1   --> G_4            
     e(  2 -  2) =     -5.86855  eV     1   --> G_3            
     e(  3 -  3) =     -5.80787  eV     1   --> G_3            
     e(  4 -  4) =     -4.24780  eV     1   --> G_4            
     e(  5 -  5) =     -3.79764  eV     1   --> G_4            
     e(  6 -  6) =     -3.61875  eV     1   --> G_3            
     e(  7 -  7) =     -2.21481  eV     1   --> G_4            
     e(  8 -  8) =     -1.92473  eV     1   --> G_3            
     e(  9 -  9) =     -1.57662  eV     1   --> G_4            
     e( 10 - 10) =     -0.46470  eV     1   --> G_3            
     e( 11 - 11) =     -0.46110  eV     1   --> G_4            
     e( 12 - 12) =     -0.34863  eV     1   --> G_3            
     e( 13 - 13) =      5.95275  eV     1   --> G_3            
     e( 14 - 14) =      6.13276  eV     1   --> G_4            
     e( 15 - 15) =      7.17824  eV     1   --> G_4            
     e( 16 - 16) =      7.70743  eV     1   --> G_3            
     e( 17 - 17) =      9.40971  eV     1   --> G_3            
     e( 18 - 18) =      9.42956  eV     1   --> G_4            

 **************************************************************************

 **************************************************************************

                    xk=(   0.44595,  -0.25747,   0.00000  )

     Band symmetry, C_2v (mm2)  [C_s (m)    ] magnetic double point group,
     using C_s (m)    

     e(  1 -  1) =     -7.00552  eV     1   --> G_4            
     e(  2 -  2) =     -5.88570  eV     1   --> G_3            
     e(  3 -  3) =     -5.83116  eV     1   --> G_3            
     e(  4 -  4) =     -4.26855  eV     1   --> G_4            
     e(  5 -  5) =     -3.77244  eV     1   --> G_4            
     e(  6 -  6) =     -3.62571  eV     1   --> G_3            
     e(  7 -  7) =     -2.16878  eV     1   --> G_4            
     e(  8 -  8) =     -1.89407  eV     1   --> G_3            
     e(  9 -  9) =     -1.58422  eV     1   --> G_4            
     e( 10 - 10) =     -0.40887  eV     1   --> G_3            
     e( 11 - 11) =     -0.14984  eV     1   --> G_4            
     e( 12 - 12) =     -0.07618  eV     1   --> G_3            
     e( 13 - 13) =      6.32160  eV     1   --> G_3            
     e( 14 - 14) =      6.49353  eV     1   --> G_4            
     e( 15 - 15) =      6.81917  eV     1   --> G_4            
     e( 16 - 16) =      7.41270  eV     1   --> G_3            
     e( 17 - 17) =      9.79082  eV     1   --> G_3            
     e( 18 - 18) =      9.83921  eV     1   --> G_4            

 **************************************************************************

 **************************************************************************

                    xk=(   0.45946,  -0.26527,   0.00000  )

     Band symmetry, C_2v (mm2)  [C_s (m)    ] magnetic double point group,
     using C_s (m)    

     e(  1 -  1) =     -7.02204  eV     1   --> G_4            
     e(  2 -  2) =     -5.89973  eV     1   --> G_3            
     e(  3 -  3) =     -5.84928  eV     1   --> G_3            
     e(  4 -  4) =     -4.28482  eV     1   --> G_4            
     e(  5 -  5) =     -3.75266  eV     1   --> G_4            
     e(  6 -  6) =     -3.63118  eV     1   --> G_3            
     e(  7 -  7) =     -2.13250  eV     1   --> G_4            
     e(  8 -  8) =     -1.87003  eV     1   --> G_3            
     e(  9 -  9) =     -1.59015  eV     1   --> G_4            
     e( 10 - 10) =     -0.36738  eV     1   --> G_3            
     e( 11 - 11) =      0.12166  eV     1   --> G_4            
     e( 12 - 12) =      0.16114  eV     1   --> G_3            
     e( 13 - 13) =      6.49879  eV     1   --> G_4            
     e( 14 - 14) =      6.67127  eV     1   --> G_3            
     e( 15 - 15) =      6.83750  eV     1   --> G_4            
     e( 16 - 16) =      7.13906  eV     1   --> G_3            
     e( 17 - 17) =     10.20600  eV     1   --> G_3            
     e( 18 - 18) =     10.27160  eV     1   --> G_4            

 **************************************************************************

 **************************************************************************

                    xk=(   0.47297,  -0.27307,   0.00000  )

     Band symmetry, C_2v (mm2)  [C_s (m)    ] magnetic double point group,
     using C_s (m)    

     e(  1 -  1) =     -7.03404  eV     1   --> G_4            
     e(  2 -  2) =     -5.91012  eV     1   --> G_3            
     e(  3 -  3) =     -5.86223  eV     1   --> G_3            
     e(  4 -  4) =     -4.29651  eV     1   --> G_4            
     e(  5 -  5) =     -3.73844  eV     1   --> G_4            
     e(  6 -  6) =     -3.63511  eV     1   --> G_3            
     e(  7 -  7) =     -2.10633  eV     1   --> G_4            
     e(  8 -  8) =     -1.85273  eV     1   --> G_3            
     e(  9 -  9) =     -1.59437  eV     1   --> G_4            
     e( 10 - 10) =     -0.33766  eV     1   --> G_3            
     e( 11 - 11) =      0.33613  eV     1   --> G_4            
     e( 12 - 12) =      0.34610  eV     1   --> G_3            
     e( 13 - 13) =      6.24592  eV     1   --> G_4            
     e( 14 - 14) =      6.92098  eV     1   --> G_3            
     e( 15 - 15) =      6.97928  eV     1   --> G_3            
     e( 16 - 16) =      7.14114  eV     1   --> G_4            
     e( 17 - 17) =     10.03687  eV     1   --> G_3            
     e( 18 - 18) =     10.08431  eV     1   --> G_4            

 **************************************************************************

 **************************************************************************

                    xk=(   0.48649,  -0.28087,   0.00000  )

     Band symmetry, C_2v (mm2)  [C_s (m)    ] magnetic double point group,
     using C_s (m)    

     e(  1 -  1) =     -7.04132  eV     1   --> G_4            
     e(  2 -  2) =     -5.91649  eV     1   --> G_3            
     e(  3 -  3) =     -5.87001  eV     1   --> G_3            
     e(  4 -  4) =     -4.30355  eV     1   --> G_4            
     e(  5 -  5) =     -3.72987  eV     1   --> G_4            
     e(  6 -  6) =     -3.63748  eV     1   --> G_3            
     e(  7 -  7) =     -2.09052  eV     1   --> G_4            
     e(  8 -  8) =     -1.84231  eV     1   --> G_3            
     e(  9 -  9) =     -1.59691  eV     1   --> G_4            
     e( 10 - 10) =     -0.31974  eV     1   --> G_3            
     e( 11 - 11) =      0.46437  eV     1   --> G_3            
     e( 12 - 12) =      0.47508  eV     1   --> G_4            
     e( 13 - 13) =      6.08263  eV     1   --> G_4            
     e( 14 - 14) =      6.78112  eV     1   --> G_3            
     e( 15 - 15) =      7.20395  eV     1   --> G_3            
     e( 16 - 16) =      7.36438  eV     1   --> G_4            
     e( 17 - 17) =      9.80177  eV     1   --> G_3            
     e( 18 - 18) =      9.85502  eV     1   --> G_4            

 **************************************************************************

 **************************************************************************

                    xk=(   0.50000,  -0.28868,   0.00000  )

     the magnetic double point group is D_2h (mmm)  [C_2h (2/m) ]
     using the double point group C_2h (2/m) 
     there are  8 classes and  4 irreducible representations
     the character table:

       E     -E    C2    -C2   i     -i    s_h   -s_h 
                                                      
G_3+   1.00 -1.00  0.00  0.00  1.00 -1.00  0.00  0.00
G_4+   1.00 -1.00  0.00  0.00  1.00 -1.00  0.00  0.00
G_3-   1.00 -1.00  0.00  0.00 -1.00  1.00  0.00  0.00
G_4-   1.00 -1.00  0.00  0.00 -1.00  1.00  0.00  0.00

     imaginary part

       E     -E    C2    -C2   i     -i    s_h   -s_h 
                                                      
G_3+   0.00  0.00  1.00 -1.00  0.00  0.00  1.00 -1.00
G_4+   0.00  0.00 -1.00  1.00  0.00  0.00 -1.00  1.00
G_3-   0.00  0.00  1.00 -1.00  0.00  0.00 -1.00  1.00
G_4-   0.00  0.00 -1.00  1.00  0.00  0.00  1.00 -1.00

     the symmetry operations in each class and the name of the first element:

     E             1
                                                                 
     -E           -1
                                                                 
     C2            2
                                                                 
     -C2          -2
                                                                 
     i             3
                                                                 
     -i           -3
                                                                 
     s_h           4
                                                                 
     -s_h         -4
                                                                 

     Band symmetry, D_2h (mmm)  [C_2h (2/m) ] magnetic double point group,
     using C_2h (2/m) 

     e(  1 -  1) =     -7.04376  eV     1   --> G_4+           
     e(  2 -  2) =     -5.91864  eV     1   --> G_3+           
     e(  3 -  3) =     -5.87260  eV     1   --> G_3+           
     e(  4 -  4) =     -4.30590  eV     1   --> G_4+           
     e(  5 -  5) =     -3.72700  eV     1   --> G_4+           
     e(  6 -  6) =     -3.63827  eV     1   --> G_3+           
     e(  7 -  7) =     -2.08524  eV     1   --> G_4+           
     e(  8 -  8) =     -1.83883  eV     1   --> G_3+           
     e(  9 -  9) =     -1.59775  eV     1   --> G_4+           
     e( 10 - 10) =     -0.31375  eV     1   --> G_3+           
     e( 11 - 11) =      0.50517  eV     1   --> G_4-           
     e( 12 - 12) =      0.52339  eV     1   --> G_3-           
     e( 13 - 13) =      6.02602  eV     1   --> G_4+           
     e( 14 - 14) =      6.73279  eV     1   --> G_3+           
     e( 15 - 15) =      7.28938  eV     1   --> G_4-           
     e( 16 - 16) =      7.44961  eV     1   --> G_3-           
     e( 17 - 17) =      9.71128  eV     1   --> G_3+           
     e( 18 - 18) =      9.76566  eV     1   --> G_4+           

 **************************************************************************

 **************************************************************************

                    xk=(   0.49383,  -0.27086,   0.00000  )

     the magnetic double point group is C_s (m)     [C_s (m)    ]
     using the double point group C_s (m)    
     there are  4 classes and  2 irreducible representations
     the character table:

       E     -E    s     -s   
                              
G_3    1.00 -1.00  0.00  0.00
G_4    1.00 -1.00  0.00  0.00

     imaginary part

       E     -E    s     -s   
                              
G_3    0.00  0.00  1.00 -1.00
G_4    0.00  0.00 -1.00  1.00

     the symmetry operations in each class and the name of the first element:

     E             1
                                                                 
     -E           -1
                                                                 
     s             2
                                                                 
     -s           -2
                                                                 

     Band symmetry, C_s (m)     [C_s (m)    ] magnetic double point group,
     using C_s (m)    

     e(  1 -  1) =     -7.03777  eV     1   --> G_4            
     e(  2 -  2) =     -5.91295  eV     1   --> G_3            
     e(  3 -  3) =     -5.86876  eV     1   --> G_3            
     e(  4 -  4) =     -4.30226  eV     1   --> G_4            
     e(  5 -  5) =     -3.72925  eV     1   --> G_4            
     e(  6 -  6) =     -3.64060  eV     1   --> G_3            
     e(  7 -  7) =     -2.10456  eV     1   --> G_4            
     e(  8 -  8) =     -1.84144  eV     1   --> G_3            
     e(  9 -  9) =     -1.60091  eV     1   --> G_4            
     e( 10 - 10) =     -0.36528  eV     1   --> G_3            
     e( 11 - 11) =      0.50161  eV     1   --> G_4            
     e( 12 - 12) =      0.52101  eV     1   --> G_3            
     e( 13 - 13) =      6.07528  eV     1   --> G_4            
     e( 14 - 14) =      6.77484  eV     1   --> G_3            
     e( 15 - 15) =      7.22337  eV     1   --> G_3            
     e( 16 - 16) =      7.38415  eV     1   --> G_4            
     e( 17 - 17) =      9.79085  eV     1   --> G_3            
     e( 18 - 18) =      9.84427  eV     1   --> G_4            

 **************************************************************************

 **************************************************************************

                    xk=(   0.48765,  -0.25304,   0.00000  )

     Band symmetry, C_s (m)     [C_s (m)    ] magnetic double point group,
     using C_s (m)    

     e(  1 -  1) =     -7.01981  eV     1   --> G_4            
     e(  2 -  2) =     -5.89602  eV     1   --> G_3            
     e(  3 -  3) =     -5.85716  eV     1   --> G_3            
     e(  4 -  4) =     -4.29143  eV     1   --> G_4            
     e(  5 -  5) =     -3.73604  eV     1   --> G_4            
     e(  6 -  6) =     -3.64750  eV     1   --> G_3            
     e(  7 -  7) =     -2.16226  eV     1   --> G_4            
     e(  8 -  8) =     -1.84932  eV     1   --> G_3            
     e(  9 -  9) =     -1.61022  eV     1   --> G_4            
     e( 10 - 10) =     -0.50543  eV     1   --> G_3            
     e( 11 - 11) =      0.43958  eV     1   --> G_4            
     e( 12 - 12) =      0.55643  eV     1   --> G_3            
     e( 13 - 13) =      6.21922  eV     1   --> G_4            
     e( 14 - 14) =      6.89822  eV     1   --> G_3            
     e( 15 - 15) =      7.04766  eV     1   --> G_3            
     e( 16 - 16) =      7.21064  eV     1   --> G_4            
     e( 17 - 17) =     10.00416  eV     1   --> G_3            
     e( 18 - 18) =     10.05325  eV     1   --> G_4            

 **************************************************************************

 **************************************************************************

                    xk=(   0.48148,  -0.23522,   0.00000  )

     Band symmetry, C_s (m)     [C_s (m)    ] magnetic double point group,
     using C_s (m)    

     e(  1 -  1) =     -6.98992  eV     1   --> G_4            
     e(  2 -  2) =     -5.86858  eV     1   --> G_3            
     e(  3 -  3) =     -5.83736  eV     1   --> G_3            
     e(  4 -  4) =     -4.27365  eV     1   --> G_4            
     e(  5 -  5) =     -3.74758  eV     1   --> G_4            
     e(  6 -  6) =     -3.65875  eV     1   --> G_3            
     e(  7 -  7) =     -2.25729  eV     1   --> G_4            
     e(  8 -  8) =     -1.86262  eV     1   --> G_3            
     e(  9 -  9) =     -1.62525  eV     1   --> G_4            
     e( 10 - 10) =     -0.70787  eV     1   --> G_3            
     e( 11 - 11) =      0.34589  eV     1   --> G_4            
     e( 12 - 12) =      0.59159  eV     1   --> G_3            
     e( 13 - 13) =      6.44749  eV     1   --> G_4            
     e( 14 - 14) =      6.80476  eV     1   --> G_3            
     e( 15 - 15) =      6.97252  eV     1   --> G_4            
     e( 16 - 16) =      7.09544  eV     1   --> G_3            
     e( 17 - 17) =     10.29287  eV     1   --> G_3            
     e( 18 - 18) =     10.32905  eV     1   -->   ?

 **************************************************************************

 **************************************************************************

                    xk=(   0.47531,  -0.21740,   0.00000  )

     Band symmetry, C_s (m)     [C_s (m)    ] magnetic double point group,
     using C_s (m)    

     e(  1 -  1) =     -6.94820  eV     1   --> G_4            
     e(  2 -  2) =     -5.83316  eV     1   --> G_3            
     e(  3 -  3) =     -5.80725  eV     1   --> G_3            
     e(  4 -  4) =     -4.24940  eV     1   --> G_4            
     e(  5 -  5) =     -3.76431  eV     1   --> G_4            
     e(  6 -  6) =     -3.67400  eV     1   --> G_3            
     e(  7 -  7) =     -2.38735  eV     1   --> G_4            
     e(  8 -  8) =     -1.88182  eV     1   --> G_3            
     e(  9 -  9) =     -1.64537  eV     1   --> G_4            
     e( 10 - 10) =     -0.95154  eV     1   --> G_3            
     e( 11 - 11) =      0.23120  eV     1   --> G_4            
     e( 12 - 12) =      0.61488  eV     1   --> G_3            
     e( 13 - 13) =      6.52928  eV     1   --> G_3            
     e( 14 - 14) =      6.70132  eV     1   --> G_4            
     e( 15 - 15) =      6.74796  eV     1   --> G_4            
     e( 16 - 16) =      7.35337  eV     1   --> G_3            
     e( 17 - 17) =      9.99749  eV     1   --> G_3            
     e( 18 - 18) =     10.05339  eV     1   --> G_4            

 **************************************************************************

 **************************************************************************

                    xk=(   0.46914,  -0.19958,   0.00000  )

     Band symmetry, C_s (m)     [C_s (m)    ] magnetic double point group,
     using C_s (m)    

     e(  1 -  1) =     -6.89474  eV     1   --> G_4            
     e(  2 -  2) =     -5.79528  eV     1   --> G_3            
     e(  3 -  3) =     -5.76194  eV     1   --> G_3            
     e(  4 -  4) =     -4.21934  eV     1   --> G_4            
     e(  5 -  5) =     -3.78703  eV     1   --> G_4            
     e(  6 -  6) =     -3.69271  eV     1   --> G_3            
     e(  7 -  7) =     -2.54833  eV     1   --> G_4            
     e(  8 -  8) =     -1.90843  eV     1   --> G_3            
     e(  9 -  9) =     -1.66980  eV     1   --> G_4            
     e( 10 - 10) =     -1.22082  eV     1   --> G_3            
     e( 11 - 11) =      0.10528  eV     1   --> G_4            
     e( 12 - 12) =      0.62231  eV     1   --> G_3            
     e( 13 - 13) =      6.24150  eV     1   --> G_3            
     e( 14 - 14) =      6.42365  eV     1   --> G_4            
     e( 15 - 15) =      7.09665  eV     1   --> G_4            
     e( 16 - 16) =      7.65326  eV     1   --> G_3            
     e( 17 - 17) =      9.66858  eV     1   --> G_3            
     e( 18 - 18) =      9.70587  eV     1   --> G_4            

 **************************************************************************

 **************************************************************************

                    xk=(   0.46296,  -0.18176,   0.00000  )

     Band symmetry, C_s (m)     [C_s (m)    ] magnetic double point group,
     using C_s (m)    

     e(  1 -  1) =     -6.82969  eV     1   --> G_4            
     e(  2 -  2) =     -5.75621  eV     1   --> G_3            
     e(  3 -  3) =     -5.70097  eV     1   --> G_3            
     e(  4 -  4) =     -4.18447  eV     1   --> G_4            
     e(  5 -  5) =     -3.81727  eV     1   --> G_4            
     e(  6 -  6) =     -3.71421  eV     1   --> G_3            
     e(  7 -  7) =     -2.73384  eV     1   --> G_4            
     e(  8 -  8) =     -1.94819  eV     1   --> G_3            
     e(  9 -  9) =     -1.69759  eV     1   --> G_4            
     e( 10 - 10) =     -1.49978  eV     1   --> G_3            
     e( 11 - 11) =     -0.02469  eV     1   --> G_4            
     e( 12 - 12) =      0.61362  eV     1   --> G_3            
     e( 13 - 13) =      5.95299  eV     1   --> G_3            
     e( 14 - 14) =      6.14452  eV     1   --> G_4            
     e( 15 - 15) =      7.47692  eV     1   --> G_4            
     e( 16 - 16) =      7.96114  eV     1   --> G_3            
     e( 17 - 17) =      9.38735  eV     1   --> G_3            
     e( 18 - 18) =      9.39041  eV     1   --> G_4            

 **************************************************************************

 **************************************************************************

                    xk=(   0.45679,  -0.16394,   0.00000  )

     Band symmetry, C_s (m)     [C_s (m)    ] magnetic double point group,
     using C_s (m)    

     e(  1 -  1) =     -6.75322  eV     1   --> G_4            
     e(  2 -  2) =     -5.71421  eV     1   --> G_3            
     e(  3 -  3) =     -5.62714  eV     1   --> G_3            
     e(  4 -  4) =     -4.14638  eV     1   --> G_4            
     e(  5 -  5) =     -3.85782  eV     1   --> G_4            
     e(  6 -  6) =     -3.73766  eV     1   --> G_3            
     e(  7 -  7) =     -2.93473  eV     1   --> G_4            
     e(  8 -  8) =     -2.02917  eV     1   --> G_3            
     e(  9 -  9) =     -1.75237  eV     1   --> G_3            
     e( 10 - 10) =     -1.72762  eV     1   --> G_4            
     e( 11 - 11) =     -0.15444  eV     1   --> G_4            
     e( 12 - 12) =      0.59002  eV     1   --> G_3            
     e( 13 - 13) =      5.67032  eV     1   --> G_3            
     e( 14 - 14) =      5.87195  eV     1   --> G_4            
     e( 15 - 15) =      7.84569  eV     1   --> G_4            
     e( 16 - 16) =      8.19926  eV     1   --> G_3            
     e( 17 - 17) =      9.12887  eV     1   --> G_4            
     e( 18 - 18) =      9.20366  eV     1   --> G_3            

 **************************************************************************

 **************************************************************************

                    xk=(   0.45062,  -0.14612,   0.00000  )

     Band symmetry, C_s (m)     [C_s (m)    ] magnetic double point group,
     using C_s (m)    

     e(  1 -  1) =     -6.66556  eV     1   --> G_4            
     e(  2 -  2) =     -5.66922  eV     1   --> G_3            
     e(  3 -  3) =     -5.54175  eV     1   --> G_3            
     e(  4 -  4) =     -4.10859  eV     1   --> G_4            
     e(  5 -  5) =     -3.91292  eV     1   --> G_4            
     e(  6 -  6) =     -3.76205  eV     1   --> G_3            
     e(  7 -  7) =     -3.13807  eV     1   --> G_4            
     e(  8 -  8) =     -2.22852  eV     1   --> G_3            
     e(  9 -  9) =     -1.89502  eV     1   --> G_3            
     e( 10 - 10) =     -1.75857  eV     1   --> G_4            
     e( 11 - 11) =     -0.28206  eV     1   --> G_4            
     e( 12 - 12) =      0.55310  eV     1   --> G_3            
     e( 13 - 13) =      5.39731  eV     1   --> G_3            
     e( 14 - 14) =      5.60953  eV     1   --> G_4            
     e( 15 - 15) =      8.09981  eV     1   --> G_4            
     e( 16 - 16) =      8.23909  eV     1   --> G_3            
     e( 17 - 17) =      8.98554  eV     1   --> G_4            
     e( 18 - 18) =      9.17524  eV     1   --> G_3            

 **************************************************************************

 **************************************************************************

                    xk=(   0.44444,  -0.12830,   0.00000  )

     Band symmetry, C_s (m)     [C_s (m)    ] magnetic double point group,
     using C_s (m)    

     e(  1 -  1) =     -6.56698  eV     1   --> G_4            
     e(  2 -  2) =     -5.62212  eV     1   --> G_3            
     e(  3 -  3) =     -5.44544  eV     1   --> G_3            
     e(  4 -  4) =     -4.08888  eV     1   --> G_4            
     e(  5 -  5) =     -3.97756  eV     1   --> G_4            
     e(  6 -  6) =     -3.78622  eV     1   --> G_3            
     e(  7 -  7) =     -3.32600  eV     1   --> G_4            
     e(  8 -  8) =     -2.51065  eV     1   --> G_3            
     e(  9 -  9) =     -1.95794  eV     1   --> G_3            
     e( 10 - 10) =     -1.78894  eV     1   --> G_4            
     e( 11 - 11) =     -0.40722  eV     1   --> G_4            
     e( 12 - 12) =      0.50442  eV     1   --> G_3            
     e( 13 - 13) =      5.13632  eV     1   --> G_3            
     e( 14 - 14) =      5.35934  eV     1   --> G_4            
     e( 15 - 15) =      8.09614  eV     1   --> G_3            
     e( 16 - 16) =      8.10131  eV     1   --> G_4            
     e( 17 - 17) =      8.99591  eV     1   --> G_4            
     e( 18 - 18) =      9.15216  eV     1   --> G_3            

 **************************************************************************

 **************************************************************************

                    xk=(   0.43827,  -0.11048,   0.00000  )

     Band symmetry, C_s (m)     [C_s (m)    ] magnetic double point group,
     using C_s (m)    

     e(  1 -  1) =     -6.45781  eV     1   --> G_4            
     e(  2 -  2) =     -5.57422  eV     1   --> G_3            
     e(  3 -  3) =     -5.33867  eV     1   --> G_3            
     e(  4 -  4) =     -4.16900  eV     1   --> G_4            
     e(  5 -  5) =     -3.98513  eV     1   --> G_4            
     e(  6 -  6) =     -3.80887  eV     1   --> G_3            
     e(  7 -  7) =     -3.47887  eV     1   --> G_4            
     e(  8 -  8) =     -2.80965  eV     1   --> G_3            
     e(  9 -  9) =     -2.00243  eV     1   --> G_3            
     e( 10 - 10) =     -1.81706  eV     1   --> G_4            
     e( 11 - 11) =     -0.53044  eV     1   --> G_4            
     e( 12 - 12) =      0.44536  eV     1   --> G_3            
     e( 13 - 13) =      4.88884  eV     1   --> G_3            
     e( 14 - 14) =      5.12263  eV     1   --> G_4            
     e( 15 - 15) =      7.88882  eV     1   --> G_3            
     e( 16 - 16) =      7.93686  eV     1   --> G_4            
     e( 17 - 17) =      8.94718  eV     1   --> G_4            
     e( 18 - 18) =      9.01279  eV     1   --> G_3            

 **************************************************************************

 **************************************************************************

                    xk=(   0.43210,  -0.09266,   0.00000  )

     Band symmetry, C_s (m)     [C_s (m)    ] magnetic double point group,
     using C_s (m)    

     e(  1 -  1) =     -6.33848  eV     1   --> G_4            
     e(  2 -  2) =     -5.52706  eV     1   --> G_3            
     e(  3 -  3) =     -5.22196  eV     1   --> G_3            
     e(  4 -  4) =     -4.33739  eV     1   --> G_4            
     e(  5 -  5) =     -3.95229  eV     1   --> G_4            
     e(  6 -  6) =     -3.82863  eV     1   --> G_3            
     e(  7 -  7) =     -3.58769  eV     1   --> G_4            
     e(  8 -  8) =     -3.10776  eV     1   --> G_3            
     e(  9 -  9) =     -2.04220  eV     1   --> G_3            
     e( 10 - 10) =     -1.84112  eV     1   --> G_4            
     e( 11 - 11) =     -0.65258  eV     1   --> G_4            
     e( 12 - 12) =      0.37709  eV     1   --> G_3            
     e( 13 - 13) =      4.65582  eV     1   --> G_3            
     e( 14 - 14) =      4.90014  eV     1   --> G_4            
     e( 15 - 15) =      7.67060  eV     1   --> G_3            
     e( 16 - 16) =      7.73023  eV     1   --> G_4            
     e( 17 - 17) =      8.79370  eV     1   --> G_4            
     e( 18 - 18) =      8.82222  eV     1   -->   ?

 **************************************************************************

 **************************************************************************

                    xk=(   0.42593,  -0.07484,   0.00000  )

     Band symmetry, C_s (m)     [C_s (m)    ] magnetic double point group,
     using C_s (m)    

     e(  1 -  1) =     -6.20959  eV     1   --> G_4            
     e(  2 -  2) =     -5.48235  eV     1   --> G_3            
     e(  3 -  3) =     -5.09589  eV     1   --> G_3            
     e(  4 -  4) =     -4.54498  eV     1   --> G_4            
     e(  5 -  5) =     -3.91751  eV     1   --> G_4            
     e(  6 -  6) =     -3.84428  eV     1   --> G_3            
     e(  7 -  7) =     -3.65984  eV     1   --> G_4            
     e(  8 -  8) =     -3.39820  eV     1   --> G_3            
     e(  9 -  9) =     -2.08010  eV     1   --> G_3            
     e( 10 - 10) =     -1.85932  eV     1   --> G_4            
     e( 11 - 11) =     -0.77457  eV     1   --> G_4            
     e( 12 - 12) =      0.30057  eV     1   --> G_3            
     e( 13 - 13) =      4.43795  eV     1   --> G_3            
     e( 14 - 14) =      4.69231  eV     1   --> G_4            
     e( 15 - 15) =      7.45878  eV     1   --> G_3            
     e( 16 - 16) =      7.52166  eV     1   --> G_4            
     e( 17 - 17) =      8.60363  eV     1   --> G_4            
     e( 18 - 18) =      8.61183  eV     1   -->   ?

 **************************************************************************

 **************************************************************************

                    xk=(   0.41975,  -0.05702,   0.00000  )

     Band symmetry, C_s (m)     [C_s (m)    ] magnetic double point group,
     using C_s (m)    

     e(  1 -  1) =     -6.07211  eV     1   --> G_4            
     e(  2 -  2) =     -5.44185  eV     1   --> G_3            
     e(  3 -  3) =     -4.96142  eV     1   --> G_3            
     e(  4 -  4) =     -4.76931  eV     1   --> G_4            
     e(  5 -  5) =     -3.88900  eV     1   --> G_4            
     e(  6 -  6) =     -3.85662  eV     1   --> G_3            
     e(  7 -  7) =     -3.70657  eV     1   --> G_4            
     e(  8 -  8) =     -3.67470  eV     1   --> G_3            
     e(  9 -  9) =     -2.11666  eV     1   --> G_3            
     e( 10 - 10) =     -1.86996  eV     1   --> G_4            
     e( 11 - 11) =     -0.89728  eV     1   --> G_4            
     e( 12 - 12) =      0.21662  eV     1   --> G_3            
     e( 13 - 13) =      4.23570  eV     1   --> G_3            
     e( 14 - 14) =      4.49942  eV     1   --> G_4            
     e( 15 - 15) =      7.25977  eV     1   --> G_3            
     e( 16 - 16) =      7.32329  eV     1   --> G_4            
     e( 17 - 17) =      8.39444  eV     1   --> G_4            
     e( 18 - 18) =      8.42291  eV     1   -->   ?

 **************************************************************************

 **************************************************************************

                    xk=(   0.41358,  -0.03920,   0.00000  )

     Band symmetry, C_s (m)     [C_s (m)    ] magnetic double point group,
     using C_s (m)    

     e(  1 -  1) =     -5.92800  eV     1   --> G_4            
     e(  2 -  2) =     -5.40720  eV     1   --> G_3            
     e(  3 -  3) =     -4.99556  eV     1   --> G_4            
     e(  4 -  4) =     -4.82050  eV     1   --> G_3            
     e(  5 -  5) =     -3.95636  eV     1   --> G_3            
     e(  6 -  6) =     -3.87170  eV     1   --> G_4            
     e(  7 -  7) =     -3.84129  eV     1   --> G_3            
     e(  8 -  8) =     -3.73423  eV     1   --> G_4            
     e(  9 -  9) =     -2.15175  eV     1   --> G_3            
     e( 10 - 10) =     -1.87161  eV     1   --> G_4            
     e( 11 - 11) =     -1.02142  eV     1   --> G_4            
     e( 12 - 12) =      0.12591  eV     1   --> G_3            
     e( 13 - 13) =      4.04948  eV     1   --> G_3            
     e( 14 - 14) =      4.32165  eV     1   --> G_4            
     e( 15 - 15) =      7.07640  eV     1   --> G_3            
     e( 16 - 16) =      7.13968  eV     1   --> G_4            
     e( 17 - 17) =      8.20186  eV     1   --> G_4            
     e( 18 - 18) =      8.24620  eV     1   -->   ?

 **************************************************************************

 **************************************************************************

                    xk=(   0.40741,  -0.02138,   0.00000  )

     Band symmetry, C_s (m)     [C_s (m)    ] magnetic double point group,
     using C_s (m)    

     e(  1 -  1) =     -5.78314  eV     1   --> G_4            
     e(  2 -  2) =     -5.37977  eV     1   --> G_3            
     e(  3 -  3) =     -5.21034  eV     1   --> G_4            
     e(  4 -  4) =     -4.67984  eV     1   --> G_3            
     e(  5 -  5) =     -4.19095  eV     1   --> G_3            
     e(  6 -  6) =     -3.86804  eV     1   --> G_4            
     e(  7 -  7) =     -3.84145  eV     1   --> G_3            
     e(  8 -  8) =     -3.74639  eV     1   --> G_4            
     e(  9 -  9) =     -2.18498  eV     1   --> G_3            
     e( 10 - 10) =     -1.86339  eV     1   --> G_4            
     e( 11 - 11) =     -1.14756  eV     1   --> G_4            
     e( 12 - 12) =      0.02907  eV     1   --> G_3            
     e( 13 - 13) =      3.87965  eV     1   --> G_3            
     e( 14 - 14) =      4.15915  eV     1   --> G_4            
     e( 15 - 15) =      6.91010  eV     1   --> G_3            
     e( 16 - 16) =      6.97285  eV     1   --> G_4            
     e( 17 - 17) =      8.02833  eV     1   --> G_4            
     e( 18 - 18) =      8.08376  eV     1   -->   ?

 **************************************************************************

 **************************************************************************

                    xk=(   0.40123,  -0.00356,   0.00000  )

     Band symmetry, C_s (m)     [C_s (m)    ] magnetic double point group,
     using C_s (m)    

     e(  1 -  1) =     -5.67090  eV     1   --> G_4            
     e(  2 -  2) =     -5.37597  eV     1   --> G_4            
     e(  3 -  3) =     -5.36040  eV     1   --> G_3            
     e(  4 -  4) =     -4.59213  eV     1   --> G_3            
     e(  5 -  5) =     -4.35461  eV     1   --> G_3            
     e(  6 -  6) =     -3.87433  eV     1   --> G_4            
     e(  7 -  7) =     -3.82697  eV     1   --> G_3            
     e(  8 -  8) =     -3.74959  eV     1   --> G_4            
     e(  9 -  9) =     -2.21589  eV     1   --> G_3            
     e( 10 - 10) =     -1.84511  eV     1   --> G_4            
     e( 11 - 11) =     -1.27608  eV     1   --> G_4            
     e( 12 - 12) =     -0.07332  eV     1   --> G_3            
     e( 13 - 13) =      3.72657  eV     1   --> G_3            
     e( 14 - 14) =      4.01213  eV     1   --> G_4            
     e( 15 - 15) =      6.76166  eV     1   --> G_3            
     e( 16 - 16) =      6.82384  eV     1   --> G_4            
     e( 17 - 17) =      7.87410  eV     1   --> G_4            
     e( 18 - 18) =      7.93183  eV     1   --> G_3            

 **************************************************************************

 **************************************************************************

                    xk=(   0.39506,   0.01426,   0.00000  )

     Band symmetry, C_s (m)     [C_s (m)    ] magnetic double point group,
     using C_s (m)    

     e(  1 -  1) =     -5.72933  eV     1   --> G_4            
     e(  2 -  2) =     -5.35192  eV     1   --> G_4            
     e(  3 -  3) =     -5.34938  eV     1   --> G_3            
     e(  4 -  4) =     -4.71647  eV     1   --> G_3            
     e(  5 -  5) =     -4.28236  eV     1   --> G_3            
     e(  6 -  6) =     -3.88368  eV     1   --> G_4            
     e(  7 -  7) =     -3.80347  eV     1   --> G_3            
     e(  8 -  8) =     -3.75140  eV     1   --> G_4            
     e(  9 -  9) =     -2.24399  eV     1   --> G_3            
     e( 10 - 10) =     -1.81745  eV     1   --> G_4            
     e( 11 - 11) =     -1.40714  eV     1   --> G_4            
     e( 12 - 12) =     -0.18066  eV     1   --> G_3            
     e( 13 - 13) =      3.59062  eV     1   --> G_3            
     e( 14 - 14) =      3.88084  eV     1   --> G_4            
     e( 15 - 15) =      6.63157  eV     1   --> G_3            
     e( 16 - 16) =      6.69325  eV     1   --> G_4            
     e( 17 - 17) =      7.73933  eV     1   --> G_4            
     e( 18 - 18) =      7.79739  eV     1   -->   ?

 **************************************************************************

 **************************************************************************

                    xk=(   0.38889,   0.03208,   0.00000  )

     Band symmetry, C_s (m)     [C_s (m)    ] magnetic double point group,
     using C_s (m)    

     e(  1 -  1) =     -5.89349  eV     1   --> G_4            
     e(  2 -  2) =     -5.34633  eV     1   --> G_3            
     e(  3 -  3) =     -5.20213  eV     1   --> G_4            
     e(  4 -  4) =     -4.90322  eV     1   --> G_3            
     e(  5 -  5) =     -4.12309  eV     1   --> G_3            
     e(  6 -  6) =     -3.89116  eV     1   --> G_4            
     e(  7 -  7) =     -3.77245  eV     1   --> G_3            
     e(  8 -  8) =     -3.75576  eV     1   --> G_4            
     e(  9 -  9) =     -2.26883  eV     1   --> G_3            
     e( 10 - 10) =     -1.78238  eV     1   --> G_4            
     e( 11 - 11) =     -1.54028  eV     1   --> G_4            
     e( 12 - 12) =     -0.29224  eV     1   --> G_3            
     e( 13 - 13) =      3.47227  eV     1   --> G_3            
     e( 14 - 14) =      3.76563  eV     1   --> G_4            
     e( 15 - 15) =      6.52017  eV     1   --> G_3            
     e( 16 - 16) =      6.58145  eV     1   --> G_4            
     e( 17 - 17) =      7.62416  eV     1   --> G_4            
     e( 18 - 18) =      7.68252  eV     1   -->   ?

 **************************************************************************

 **************************************************************************

                    xk=(   0.38272,   0.04989,   0.00000  )

     Band symmetry, C_s (m)     [C_s (m)    ] magnetic double point group,
     using C_s (m)    

     e(  1 -  1) =     -6.06126  eV     1   --> G_4            
     e(  2 -  2) =     -5.35044  eV     1   --> G_3            
     e(  3 -  3) =     -5.08113  eV     1   --> G_3            
     e(  4 -  4) =     -5.02907  eV     1   --> G_4            
     e(  5 -  5) =     -3.94849  eV     1   --> G_3            
     e(  6 -  6) =     -3.89365  eV     1   --> G_4            
     e(  7 -  7) =     -3.76323  eV     1   --> G_4            
     e(  8 -  8) =     -3.73523  eV     1   --> G_3            
     e(  9 -  9) =     -2.28997  eV     1   --> G_3            
     e( 10 - 10) =     -1.74906  eV     1   --> G_4            
     e( 11 - 11) =     -1.66843  eV     1   --> G_4            
     e( 12 - 12) =     -0.40719  eV     1   --> G_3            
     e( 13 - 13) =      3.37200  eV     1   --> G_3            
     e( 14 - 14) =      3.66697  eV     1   --> G_4            
     e( 15 - 15) =      6.42769  eV     1   --> G_3            
     e( 16 - 16) =      6.48868  eV     1   --> G_4            
     e( 17 - 17) =      7.52874  eV     1   --> G_4            
     e( 18 - 18) =      7.58756  eV     1   --> G_3            

 **************************************************************************

 **************************************************************************

                    xk=(   0.37654,   0.06771,   0.00000  )

     Band symmetry, C_s (m)     [C_s (m)    ] magnetic double point group,
     using C_s (m)    

     e(  1 -  1) =     -6.21625  eV     1   --> G_4            
     e(  2 -  2) =     -5.36069  eV     1   --> G_3            
     e(  3 -  3) =     -5.24123  eV     1   --> G_3            
     e(  4 -  4) =     -4.85137  eV     1   --> G_4            
     e(  5 -  5) =     -3.88889  eV     1   --> G_4            
     e(  6 -  6) =     -3.77231  eV     1   --> G_3            
     e(  7 -  7) =     -3.77159  eV     1   --> G_4            
     e(  8 -  8) =     -3.68937  eV     1   --> G_3            
     e(  9 -  9) =     -2.30706  eV     1   --> G_3            
     e( 10 - 10) =     -1.82934  eV     1   --> G_4            
     e( 11 - 11) =     -1.68215  eV     1   --> G_4            
     e( 12 - 12) =     -0.52431  eV     1   --> G_3            
     e( 13 - 13) =      3.29039  eV     1   --> G_3            
     e( 14 - 14) =      3.58549  eV     1   --> G_4            
     e( 15 - 15) =      6.35431  eV     1   --> G_3            
     e( 16 - 16) =      6.41513  eV     1   --> G_4            
     e( 17 - 17) =      7.45321  eV     1   --> G_4            
     e( 18 - 18) =      7.51261  eV     1   -->   ?

 **************************************************************************

 **************************************************************************

                    xk=(   0.37037,   0.08553,   0.00000  )

     Band symmetry, C_s (m)     [C_s (m)    ] magnetic double point group,
     using C_s (m)    

     e(  1 -  1) =     -6.35428  eV     1   --> G_4            
     e(  2 -  2) =     -5.38911  eV     1   --> G_3            
     e(  3 -  3) =     -5.36765  eV     1   --> G_3            
     e(  4 -  4) =     -4.67835  eV     1   --> G_4            
     e(  5 -  5) =     -3.87697  eV     1   --> G_4            
     e(  6 -  6) =     -3.77350  eV     1   --> G_4            
     e(  7 -  7) =     -3.66859  eV     1   --> G_3            
     e(  8 -  8) =     -3.56675  eV     1   --> G_3            
     e(  9 -  9) =     -2.31980  eV     1   --> G_3            
     e( 10 - 10) =     -1.96952  eV     1   --> G_4            
     e( 11 - 11) =     -1.63774  eV     1   --> G_4            
     e( 12 - 12) =     -0.64196  eV     1   --> G_3            
     e( 13 - 13) =      3.22806  eV     1   --> G_3            
     e( 14 - 14) =      3.52190  eV     1   --> G_4            
     e( 15 - 15) =      6.30017  eV     1   --> G_3            
     e( 16 - 16) =      6.36093  eV     1   --> G_4            
     e( 17 - 17) =      7.39770  eV     1   --> G_4            
     e( 18 - 18) =      7.45776  eV     1   --> G_3            

 **************************************************************************

 **************************************************************************

                    xk=(   0.36420,   0.10335,   0.00000  )

     Band symmetry, C_s (m)     [C_s (m)    ] magnetic double point group,
     using C_s (m)    

     e(  1 -  1) =     -6.47352  eV     1   --> G_4            
     e(  2 -  2) =     -5.50303  eV     1   --> G_3            
     e(  3 -  3) =     -5.39048  eV     1   --> G_3            
     e(  4 -  4) =     -4.52116  eV     1   --> G_4            
     e(  5 -  5) =     -3.86759  eV     1   --> G_4            
     e(  6 -  6) =     -3.74817  eV     1   --> G_4            
     e(  7 -  7) =     -3.62567  eV     1   --> G_3            
     e(  8 -  8) =     -3.38445  eV     1   --> G_3            
     e(  9 -  9) =     -2.32799  eV     1   --> G_3            
     e( 10 - 10) =     -2.11493  eV     1   --> G_4            
     e( 11 - 11) =     -1.59237  eV     1   --> G_4            
     e( 12 - 12) =     -0.75772  eV     1   --> G_3            
     e( 13 - 13) =      3.18564  eV     1   --> G_3            
     e( 14 - 14) =      3.47707  eV     1   --> G_4            
     e( 15 - 15) =      6.26541  eV     1   --> G_3            
     e( 16 - 16) =      6.32620  eV     1   --> G_4            
     e( 17 - 17) =      7.36237  eV     1   --> G_4            
     e( 18 - 18) =      7.42311  eV     1   -->   ?

 **************************************************************************

 **************************************************************************

                    xk=(   0.35802,   0.12117,   0.00000  )

     Band symmetry, C_s (m)     [C_s (m)    ] magnetic double point group,
     using C_s (m)    

     e(  1 -  1) =     -6.57294  eV     1   --> G_4            
     e(  2 -  2) =     -5.60039  eV     1   --> G_3            
     e(  3 -  3) =     -5.40976  eV     1   --> G_3            
     e(  4 -  4) =     -4.39311  eV     1   --> G_4            
     e(  5 -  5) =     -3.87223  eV     1   --> G_4            
     e(  6 -  6) =     -3.67046  eV     1   --> G_4            
     e(  7 -  7) =     -3.59044  eV     1   --> G_3            
     e(  8 -  8) =     -3.20170  eV     1   --> G_3            
     e(  9 -  9) =     -2.33149  eV     1   --> G_3            
     e( 10 - 10) =     -2.26286  eV     1   --> G_4            
     e( 11 - 11) =     -1.55094  eV     1   --> G_4            
     e( 12 - 12) =     -0.86796  eV     1   --> G_3            
     e( 13 - 13) =      3.16379  eV     1   --> G_3            
     e( 14 - 14) =      3.45190  eV     1   --> G_4            
     e( 15 - 15) =      6.25014  eV     1   --> G_3            
     e( 16 - 16) =      6.31104  eV     1   --> G_4            
     e( 17 - 17) =      7.34734  eV     1   --> G_4            
     e( 18 - 18) =      7.40873  eV     1   --> G_3            

 **************************************************************************

 **************************************************************************

                    xk=(   0.35185,   0.13899,   0.00000  )

     Band symmetry, C_s (m)     [C_s (m)    ] magnetic double point group,
     using C_s (m)    

     e(  1 -  1) =     -6.65190  eV     1   --> G_4            
     e(  2 -  2) =     -5.67578  eV     1   --> G_3            
     e(  3 -  3) =     -5.42931  eV     1   --> G_3            
     e(  4 -  4) =     -4.30225  eV     1   --> G_4            
     e(  5 -  5) =     -3.88530  eV     1   --> G_4            
     e(  6 -  6) =     -3.56188  eV     1   --> G_3            
     e(  7 -  7) =     -3.53792  eV     1   --> G_4            
     e(  8 -  8) =     -3.02708  eV     1   --> G_3            
     e(  9 -  9) =     -2.41197  eV     1   --> G_4            
     e( 10 - 10) =     -2.33029  eV     1   --> G_3            
     e( 11 - 11) =     -1.51637  eV     1   --> G_4            
     e( 12 - 12) =     -0.96714  eV     1   --> G_3            
     e( 13 - 13) =      3.16311  eV     1   --> G_3            
     e( 14 - 14) =      3.44732  eV     1   --> G_4            
     e( 15 - 15) =      6.25446  eV     1   --> G_3            
     e( 16 - 16) =      6.31554  eV     1   --> G_4            
     e( 17 - 17) =      7.35275  eV     1   --> G_4            
     e( 18 - 18) =      7.41472  eV     1   -->   ?

 **************************************************************************

 **************************************************************************

                    xk=(   0.34568,   0.15681,   0.00000  )

     Band symmetry, C_s (m)     [C_s (m)    ] magnetic double point group,
     using C_s (m)    

     e(  1 -  1) =     -6.71007  eV     1   --> G_4            
     e(  2 -  2) =     -5.72881  eV     1   --> G_3            
     e(  3 -  3) =     -5.44828  eV     1   --> G_3            
     e(  4 -  4) =     -4.24446  eV     1   --> G_4            
     e(  5 -  5) =     -3.90042  eV     1   --> G_4            
     e(  6 -  6) =     -3.54125  eV     1   --> G_3            
     e(  7 -  7) =     -3.36203  eV     1   --> G_4            
     e(  8 -  8) =     -2.86932  eV     1   --> G_3            
     e(  9 -  9) =     -2.56014  eV     1   --> G_4            
     e( 10 - 10) =     -2.32442  eV     1   --> G_3            
     e( 11 - 11) =     -1.49098  eV     1   --> G_4            
     e( 12 - 12) =     -1.04681  eV     1   --> G_3            
     e( 13 - 13) =      3.18412  eV     1   --> G_3            
     e( 14 - 14) =      3.46418  eV     1   --> G_4            
     e( 15 - 15) =      6.27847  eV     1   --> G_3            
     e( 16 - 16) =      6.33976  eV     1   --> G_4            
     e( 17 - 17) =      7.37868  eV     1   --> G_4            
     e( 18 - 18) =      7.44111  eV     1   --> G_3            

 **************************************************************************

 **************************************************************************

                    xk=(   0.33951,   0.17463,   0.00000  )

     Band symmetry, C_s (m)     [C_s (m)    ] magnetic double point group,
     using C_s (m)    

     e(  1 -  1) =     -6.74734  eV     1   --> G_4            
     e(  2 -  2) =     -5.75940  eV     1   --> G_3            
     e(  3 -  3) =     -5.46587  eV     1   --> G_3            
     e(  4 -  4) =     -4.20935  eV     1   --> G_4            
     e(  5 -  5) =     -3.91479  eV     1   --> G_4            
     e(  6 -  6) =     -3.52974  eV     1   --> G_3            
     e(  7 -  7) =     -3.16129  eV     1   --> G_4            
     e(  8 -  8) =     -2.74039  eV     1   --> G_3            
     e(  9 -  9) =     -2.70107  eV     1   --> G_4            
     e( 10 - 10) =     -2.31395  eV     1   --> G_3            
     e( 11 - 11) =     -1.47658  eV     1   --> G_4            
     e( 12 - 12) =     -1.09492  eV     1   --> G_3            
     e( 13 - 13) =      3.22724  eV     1   --> G_3            
     e( 14 - 14) =      3.50317  eV     1   --> G_4            
     e( 15 - 15) =      6.32223  eV     1   --> G_3            
     e( 16 - 16) =      6.38377  eV     1   --> G_4            
     e( 17 - 17) =      7.42523  eV     1   --> G_4            
     e( 18 - 18) =      7.48795  eV     1   -->   ?

 **************************************************************************

 **************************************************************************

                    xk=(   0.33333,   0.19245,   0.00000  )

     the magnetic double point group is C_2v (mm2)  [C_s (m)    ]
     using the double point group C_s (m)    
     there are  4 classes and  2 irreducible representations
     the character table:

       E     -E    s     -s   
                              
G_3    1.00 -1.00  0.00  0.00
G_4    1.00 -1.00  0.00  0.00

     imaginary part

       E     -E    s     -s   
                              
G_3    0.00  0.00  1.00 -1.00
G_4    0.00  0.00 -1.00  1.00

     the symmetry operations in each class and the name of the first element:

     E             1
                                                                 
     -E           -1
                                                                 
     s             2
                                                                 
     -s           -2
                                                                 

     Band symmetry, C_2v (mm2)  [C_s (m)    ] magnetic double point group,
     using C_s (m)    

     e(  1 -  1) =     -6.76378  eV     1   --> G_4            
     e(  2 -  2) =     -5.76766  eV     1   --> G_3            
     e(  3 -  3) =     -5.48140  eV     1   --> G_3            
     e(  4 -  4) =     -4.18857  eV     1   --> G_4            
     e(  5 -  5) =     -3.92714  eV     1   --> G_4            
     e(  6 -  6) =     -3.52823  eV     1   --> G_3            
     e(  7 -  7) =     -2.99563  eV     1   --> G_4            
     e(  8 -  8) =     -2.78359  eV     1   --> G_4            
     e(  9 -  9) =     -2.65456  eV     1   --> G_3            
     e( 10 - 10) =     -2.29883  eV     1   --> G_3            
     e( 11 - 11) =     -1.47443  eV     1   --> G_4            
     e( 12 - 12) =     -1.09712  eV     1   --> G_3            
     e( 13 - 13) =      3.29270  eV     1   --> G_3            
     e( 14 - 14) =      3.56477  eV     1   --> G_4            
     e( 15 - 15) =      6.38584  eV     1   --> G_3            
     e( 16 - 16) =      6.44764  eV     1   --> G_4            
     e( 17 - 17) =      7.49245  eV     1   --> G_4            
     e( 18 - 18) =      7.55397  eV     1   -->   ?

 **************************************************************************

 **************************************************************************

                    xk=(   0.32381,   0.18695,   0.00000  )

     Band symmetry, C_2v (mm2)  [C_s (m)    ] magnetic double point group,
     using C_s (m)    

     e(  1 -  1) =     -6.74643  eV     1   --> G_4            
     e(  2 -  2) =     -5.78051  eV     1   --> G_3            
     e(  3 -  3) =     -5.43607  eV     1   --> G_3            
     e(  4 -  4) =     -4.23969  eV     1   --> G_4            
     e(  5 -  5) =     -3.89062  eV     1   --> G_4            
     e(  6 -  6) =     -3.51672  eV     1   --> G_3            
     e(  7 -  7) =     -3.20396  eV     1   --> G_4            
     e(  8 -  8) =     -2.85713  eV     1   --> G_4            
     e(  9 -  9) =     -2.83431  eV     1   --> G_3            
     e( 10 - 10) =     -2.35202  eV     1   --> G_3            
     e( 11 - 11) =     -1.46114  eV     1   --> G_4            
     e( 12 - 12) =     -1.17542  eV     1   --> G_3            
     e( 13 - 13) =      3.05839  eV     1   --> G_3            
     e( 14 - 14) =      3.34208  eV     1   --> G_4            
     e( 15 - 15) =      6.16150  eV     1   --> G_3            
     e( 16 - 16) =      6.22231  eV     1   --> G_4            
     e( 17 - 17) =      7.25623  eV     1   --> G_4            
     e( 18 - 18) =      7.31895  eV     1   --> G_3            

 **************************************************************************

 **************************************************************************

                    xk=(   0.31429,   0.18145,   0.00000  )

     Band symmetry, C_2v (mm2)  [C_s (m)    ] magnetic double point group,
     using C_s (m)    

     e(  1 -  1) =     -6.73287  eV     1   --> G_4            
     e(  2 -  2) =     -5.80283  eV     1   --> G_3            
     e(  3 -  3) =     -5.38842  eV     1   --> G_3            
     e(  4 -  4) =     -4.29782  eV     1   --> G_4            
     e(  5 -  5) =     -3.85071  eV     1   --> G_4            
     e(  6 -  6) =     -3.50497  eV     1   --> G_3            
     e(  7 -  7) =     -3.39962  eV     1   --> G_4            
     e(  8 -  8) =     -3.00072  eV     1   --> G_3            
     e(  9 -  9) =     -2.93066  eV     1   --> G_4            
     e( 10 - 10) =     -2.40484  eV     1   --> G_3            
     e( 11 - 11) =     -1.44741  eV     1   --> G_4            
     e( 12 - 12) =     -1.25530  eV     1   --> G_3            
     e( 13 - 13) =      2.82871  eV     1   --> G_3            
     e( 14 - 14) =      3.12453  eV     1   --> G_4            
     e( 15 - 15) =      5.94268  eV     1   --> G_3            
     e( 16 - 16) =      6.00225  eV     1   --> G_4            
     e( 17 - 17) =      7.02625  eV     1   --> G_4            
     e( 18 - 18) =      7.08879  eV     1   --> G_3            

 **************************************************************************

 **************************************************************************

                    xk=(   0.30476,   0.17595,   0.00000  )

     Band symmetry, C_2v (mm2)  [C_s (m)    ] magnetic double point group,
     using C_s (m)    

     e(  1 -  1) =     -6.72432  eV     1   --> G_4            
     e(  2 -  2) =     -5.83625  eV     1   --> G_3            
     e(  3 -  3) =     -5.33850  eV     1   --> G_3            
     e(  4 -  4) =     -4.36310  eV     1   --> G_4            
     e(  5 -  5) =     -3.80852  eV     1   --> G_4            
     e(  6 -  6) =     -3.57870  eV     1   --> G_4            
     e(  7 -  7) =     -3.49314  eV     1   --> G_3            
     e(  8 -  8) =     -3.15071  eV     1   --> G_3            
     e(  9 -  9) =     -3.00491  eV     1   --> G_4            
     e( 10 - 10) =     -2.45807  eV     1   --> G_3            
     e( 11 - 11) =     -1.43330  eV     1   --> G_4            
     e( 12 - 12) =     -1.33642  eV     1   --> G_3            
     e( 13 - 13) =      2.60372  eV     1   --> G_3            
     e( 14 - 14) =      2.91219  eV     1   --> G_4            
     e( 15 - 15) =      5.72973  eV     1   --> G_3            
     e( 16 - 16) =      5.78792  eV     1   --> G_4            
     e( 17 - 17) =      6.80258  eV     1   --> G_4            
     e( 18 - 18) =      6.86499  eV     1   --> G_3            

 **************************************************************************

 **************************************************************************

                    xk=(   0.29524,   0.17046,   0.00000  )

     Band symmetry, C_2v (mm2)  [C_s (m)    ] magnetic double point group,
     using C_s (m)    

     e(  1 -  1) =     -6.72226  eV     1   --> G_4            
     e(  2 -  2) =     -5.88221  eV     1   --> G_3            
     e(  3 -  3) =     -5.28634  eV     1   --> G_3            
     e(  4 -  4) =     -4.43573  eV     1   --> G_4            
     e(  5 -  5) =     -3.77219  eV     1   --> G_4            
     e(  6 -  6) =     -3.73080  eV     1   --> G_4            
     e(  7 -  7) =     -3.48174  eV     1   --> G_3            
     e(  8 -  8) =     -3.28177  eV     1   --> G_3            
     e(  9 -  9) =     -3.07984  eV     1   --> G_4            
     e( 10 - 10) =     -2.51188  eV     1   --> G_3            
     e( 11 - 11) =     -1.41884  eV     1   --> G_4            
     e( 12 - 12) =     -1.41847  eV     1   --> G_3            
     e( 13 - 13) =      2.38343  eV     1   --> G_3            
     e( 14 - 14) =      2.70510  eV     1   --> G_4            
     e( 15 - 15) =      5.52287  eV     1   --> G_3            
     e( 16 - 16) =      5.57960  eV     1   --> G_4            
     e( 17 - 17) =      6.58526  eV     1   --> G_4            
     e( 18 - 18) =      6.64762  eV     1   --> G_3            

 **************************************************************************

 **************************************************************************

                    xk=(   0.28571,   0.16496,   0.00000  )

     Band symmetry, C_2v (mm2)  [C_s (m)    ] magnetic double point group,
     using C_s (m)    

     e(  1 -  1) =     -6.72827  eV     1   --> G_4            
     e(  2 -  2) =     -5.94167  eV     1   --> G_3            
     e(  3 -  3) =     -5.23200  eV     1   --> G_3            
     e(  4 -  4) =     -4.51512  eV     1   --> G_4            
     e(  5 -  5) =     -3.88351  eV     1   --> G_4            
     e(  6 -  6) =     -3.71285  eV     1   --> G_4            
     e(  7 -  7) =     -3.47355  eV     1   --> G_3            
     e(  8 -  8) =     -3.38980  eV     1   --> G_3            
     e(  9 -  9) =     -3.15521  eV     1   --> G_4            
     e( 10 - 10) =     -2.56620  eV     1   --> G_3            
     e( 11 - 11) =     -1.50113  eV     1   --> G_3            
     e( 12 - 12) =     -1.40410  eV     1   --> G_4            
     e( 13 - 13) =      2.16787  eV     1   --> G_3            
     e( 14 - 14) =      2.50329  eV     1   --> G_4            
     e( 15 - 15) =      5.32224  eV     1   --> G_3            
     e( 16 - 16) =      5.37748  eV     1   --> G_4            
     e( 17 - 17) =      6.37431  eV     1   --> G_4            
     e( 18 - 18) =      6.43674  eV     1   --> G_3            

 **************************************************************************

 **************************************************************************

                    xk=(   0.27619,   0.15946,   0.00000  )

     Band symmetry, C_2v (mm2)  [C_s (m)    ] magnetic double point group,
     using C_s (m)    

     e(  1 -  1) =     -6.74406  eV     1   --> G_4            
     e(  2 -  2) =     -6.01499  eV     1   --> G_3            
     e(  3 -  3) =     -5.17551  eV     1   --> G_3            
     e(  4 -  4) =     -4.59899  eV     1   --> G_4            
     e(  5 -  5) =     -4.00287  eV     1   --> G_4            
     e(  6 -  6) =     -3.66480  eV     1   --> G_4            
     e(  7 -  7) =     -3.50184  eV     1   --> G_3            
     e(  8 -  8) =     -3.44102  eV     1   --> G_3            
     e(  9 -  9) =     -3.23069  eV     1   --> G_4            
     e( 10 - 10) =     -2.62093  eV     1   --> G_3            
     e( 11 - 11) =     -1.58407  eV     1   --> G_3            
     e( 12 - 12) =     -1.38912  eV     1   --> G_4            
     e( 13 - 13) =      1.95703  eV     1   --> G_3            
     e( 14 - 14) =      2.30678  eV     1   --> G_4            
     e( 15 - 15) =      5.12796  eV     1   --> G_3            
     e( 16 - 16) =      5.18169  eV     1   --> G_4            
     e( 17 - 17) =      6.16977  eV     1   --> G_4            
     e( 18 - 18) =      6.23237  eV     1   --> G_3            

 **************************************************************************

 **************************************************************************

                    xk=(   0.26667,   0.15396,   0.00000  )

     Band symmetry, C_2v (mm2)  [C_s (m)    ] magnetic double point group,
     using C_s (m)    

     e(  1 -  1) =     -6.77125  eV     1   --> G_4            
     e(  2 -  2) =     -6.10175  eV     1   --> G_3            
     e(  3 -  3) =     -5.11693  eV     1   --> G_3            
     e(  4 -  4) =     -4.68328  eV     1   --> G_4            
     e(  5 -  5) =     -4.10474  eV     1   --> G_4            
     e(  6 -  6) =     -3.61468  eV     1   --> G_4            
     e(  7 -  7) =     -3.56718  eV     1   --> G_3            
     e(  8 -  8) =     -3.43516  eV     1   --> G_3            
     e(  9 -  9) =     -3.30580  eV     1   --> G_4            
     e( 10 - 10) =     -2.67589  eV     1   --> G_3            
     e( 11 - 11) =     -1.66699  eV     1   --> G_3            
     e( 12 - 12) =     -1.37396  eV     1   --> G_4            
     e( 13 - 13) =      1.75090  eV     1   --> G_3            
     e( 14 - 14) =      2.11555  eV     1   --> G_4            
     e( 15 - 15) =      4.94010  eV     1   --> G_3            
     e( 16 - 16) =      4.99233  eV     1   --> G_4            
     e( 17 - 17) =      5.97165  eV     1   --> G_4            
     e( 18 - 18) =      6.03454  eV     1   --> G_3            

 **************************************************************************

 **************************************************************************

                    xk=(   0.25714,   0.14846,   0.00000  )

     Band symmetry, C_2v (mm2)  [C_s (m)    ] magnetic double point group,
     using C_s (m)    

     e(  1 -  1) =     -6.81114  eV     1   --> G_4            
     e(  2 -  2) =     -6.20081  eV     1   --> G_3            
     e(  3 -  3) =     -5.05631  eV     1   --> G_3            
     e(  4 -  4) =     -4.76305  eV     1   --> G_4            
     e(  5 -  5) =     -4.19199  eV     1   --> G_4            
     e(  6 -  6) =     -3.61942  eV     1   --> G_3            
     e(  7 -  7) =     -3.56394  eV     1   --> G_4            
     e(  8 -  8) =     -3.42347  eV     1   --> G_3            
     e(  9 -  9) =     -3.37942  eV     1   --> G_4            
     e( 10 - 10) =     -2.73088  eV     1   --> G_3            
     e( 11 - 11) =     -1.74961  eV     1   --> G_3            
     e( 12 - 12) =     -1.35868  eV     1   --> G_4            
     e( 13 - 13) =      1.54946  eV     1   --> G_3            
     e( 14 - 14) =      1.92961  eV     1   --> G_4            
     e( 15 - 15) =      4.75870  eV     1   --> G_3            
     e( 16 - 16) =      4.80947  eV     1   --> G_4            
     e( 17 - 17) =      5.77998  eV     1   --> G_4            
     e( 18 - 18) =      5.84328  eV     1   --> G_3            

 **************************************************************************

 **************************************************************************

                    xk=(   0.24762,   0.14296,   0.00000  )

     Band symmetry, C_2v (mm2)  [C_s (m)    ] magnetic double point group,
     using C_s (m)    

     e(  1 -  1) =     -6.86449  eV     1   --> G_4            
     e(  2 -  2) =     -6.31045  eV     1   --> G_3            
     e(  3 -  3) =     -4.99370  eV     1   --> G_3            
     e(  4 -  4) =     -4.83380  eV     1   --> G_4            
     e(  5 -  5) =     -4.26803  eV     1   --> G_4            
     e(  6 -  6) =     -3.65542  eV     1   --> G_3            
     e(  7 -  7) =     -3.51977  eV     1   --> G_4            
     e(  8 -  8) =     -3.44429  eV     1   --> G_4            
     e(  9 -  9) =     -3.41084  eV     1   --> G_3            
     e( 10 - 10) =     -2.78571  eV     1   --> G_3            
     e( 11 - 11) =     -1.83162  eV     1   --> G_3            
     e( 12 - 12) =     -1.34332  eV     1   --> G_4            
     e( 13 - 13) =      1.35268  eV     1   --> G_3            
     e( 14 - 14) =      1.74894  eV     1   --> G_4            
     e( 15 - 15) =      4.58383  eV     1   --> G_3            
     e( 16 - 16) =      4.63314  eV     1   --> G_4            
     e( 17 - 17) =      5.59477  eV     1   --> G_4            
     e( 18 - 18) =      5.65862  eV     1   --> G_3            

 **************************************************************************

 **************************************************************************

                    xk=(   0.23810,   0.13746,   0.00000  )

     Band symmetry, C_2v (mm2)  [C_s (m)    ] magnetic double point group,
     using C_s (m)    

     e(  1 -  1) =     -6.93128  eV     1   --> G_4            
     e(  2 -  2) =     -6.42861  eV     1   --> G_3            
     e(  3 -  3) =     -4.92915  eV     1   --> G_3            
     e(  4 -  4) =     -4.89244  eV     1   --> G_4            
     e(  5 -  5) =     -4.33578  eV     1   --> G_4            
     e(  6 -  6) =     -3.67660  eV     1   --> G_3            
     e(  7 -  7) =     -3.54423  eV     1   --> G_4            
     e(  8 -  8) =     -3.43820  eV     1   --> G_4            
     e(  9 -  9) =     -3.39795  eV     1   --> G_3            
     e( 10 - 10) =     -2.84015  eV     1   --> G_3            
     e( 11 - 11) =     -1.91276  eV     1   --> G_3            
     e( 12 - 12) =     -1.32795  eV     1   --> G_4            
     e( 13 - 13) =      1.16051  eV     1   --> G_3            
     e( 14 - 14) =      1.57351  eV     1   --> G_4            
     e( 15 - 15) =      4.41549  eV     1   --> G_3            
     e( 16 - 16) =      4.46338  eV     1   --> G_4            
     e( 17 - 17) =      5.41604  eV     1   --> G_4            
     e( 18 - 18) =      5.48056  eV     1   --> G_3            

 **************************************************************************

 **************************************************************************

                    xk=(   0.22857,   0.13197,   0.00000  )

     Band symmetry, C_2v (mm2)  [C_s (m)    ] magnetic double point group,
     using C_s (m)    

     e(  1 -  1) =     -7.01062  eV     1   --> G_4            
     e(  2 -  2) =     -6.55313  eV     1   --> G_3            
     e(  3 -  3) =     -4.93751  eV     1   --> G_4            
     e(  4 -  4) =     -4.86273  eV     1   --> G_3            
     e(  5 -  5) =     -4.39742  eV     1   --> G_4            
     e(  6 -  6) =     -3.68499  eV     1   --> G_3            
     e(  7 -  7) =     -3.61229  eV     1   --> G_4            
     e(  8 -  8) =     -3.38605  eV     1   --> G_4            
     e(  9 -  9) =     -3.38503  eV     1   --> G_3            
     e( 10 - 10) =     -2.89397  eV     1   --> G_3            
     e( 11 - 11) =     -1.99275  eV     1   --> G_3            
     e( 12 - 12) =     -1.31263  eV     1   --> G_4            
     e( 13 - 13) =      0.97292  eV     1   --> G_3            
     e( 14 - 14) =      1.40329  eV     1   --> G_4            
     e( 15 - 15) =      4.25371  eV     1   --> G_3            
     e( 16 - 16) =      4.30023  eV     1   --> G_4            
     e( 17 - 17) =      5.24381  eV     1   --> G_4            
     e( 18 - 18) =      5.30915  eV     1   --> G_3            

 **************************************************************************

 **************************************************************************

                    xk=(   0.21905,   0.12647,   0.00000  )

     Band symmetry, C_2v (mm2)  [C_s (m)    ] magnetic double point group,
     using C_s (m)    

     e(  1 -  1) =     -7.10090  eV     1   --> G_4            
     e(  2 -  2) =     -6.68191  eV     1   --> G_3            
     e(  3 -  3) =     -4.96900  eV     1   --> G_4            
     e(  4 -  4) =     -4.79451  eV     1   --> G_3            
     e(  5 -  5) =     -4.45444  eV     1   --> G_4            
     e(  6 -  6) =     -3.68308  eV     1   --> G_4            
     e(  7 -  7) =     -3.68267  eV     1   --> G_3            
     e(  8 -  8) =     -3.37224  eV     1   --> G_3            
     e(  9 -  9) =     -3.32856  eV     1   --> G_4            
     e( 10 - 10) =     -2.94691  eV     1   --> G_3            
     e( 11 - 11) =     -2.07133  eV     1   --> G_3            
     e( 12 - 12) =     -1.29739  eV     1   --> G_4            
     e( 13 - 13) =      0.78987  eV     1   --> G_3            
     e( 14 - 14) =      1.23823  eV     1   --> G_4            
     e( 15 - 15) =      4.09851  eV     1   --> G_3            
     e( 16 - 16) =      4.14370  eV     1   --> G_4            
     e( 17 - 17) =      5.07810  eV     1   --> G_4            
     e( 18 - 18) =      5.14440  eV     1   --> G_3            

 **************************************************************************

 **************************************************************************

                    xk=(   0.20952,   0.12097,   0.00000  )

     Band symmetry, C_2v (mm2)  [C_s (m)    ] magnetic double point group,
     using C_s (m)    

     e(  1 -  1) =     -7.20003  eV     1   --> G_4            
     e(  2 -  2) =     -6.81304  eV     1   --> G_3            
     e(  3 -  3) =     -4.98791  eV     1   --> G_4            
     e(  4 -  4) =     -4.72455  eV     1   --> G_3            
     e(  5 -  5) =     -4.50782  eV     1   --> G_4            
     e(  6 -  6) =     -3.75325  eV     1   --> G_4            
     e(  7 -  7) =     -3.67164  eV     1   --> G_3            
     e(  8 -  8) =     -3.35972  eV     1   --> G_3            
     e(  9 -  9) =     -3.26894  eV     1   --> G_4            
     e( 10 - 10) =     -2.99867  eV     1   --> G_3            
     e( 11 - 11) =     -2.14826  eV     1   --> G_3            
     e( 12 - 12) =     -1.28232  eV     1   --> G_4            
     e( 13 - 13) =      0.61130  eV     1   --> G_3            
     e( 14 - 14) =      1.07829  eV     1   --> G_4            
     e( 15 - 15) =      3.94990  eV     1   --> G_3            
     e( 16 - 16) =      3.99381  eV     1   --> G_4            
     e( 17 - 17) =      4.91894  eV     1   --> G_4            
     e( 18 - 18) =      4.98632  eV     1   --> G_3            

 **************************************************************************

 **************************************************************************

                    xk=(   0.20000,   0.11547,   0.00000  )

     Band symmetry, C_2v (mm2)  [C_s (m)    ] magnetic double point group,
     using C_s (m)    

     e(  1 -  1) =     -7.30569  eV     1   --> G_4            
     e(  2 -  2) =     -6.94486  eV     1   --> G_3            
     e(  3 -  3) =     -4.99582  eV     1   --> G_4            
     e(  4 -  4) =     -4.65292  eV     1   --> G_3            
     e(  5 -  5) =     -4.55821  eV     1   --> G_4            
     e(  6 -  6) =     -3.82203  eV     1   --> G_4            
     e(  7 -  7) =     -3.65370  eV     1   --> G_3            
     e(  8 -  8) =     -3.34762  eV     1   --> G_3            
     e(  9 -  9) =     -3.20781  eV     1   --> G_4            
     e( 10 - 10) =     -3.04891  eV     1   --> G_3            
     e( 11 - 11) =     -2.22329  eV     1   --> G_3            
     e( 12 - 12) =     -1.26745  eV     1   --> G_4            
     e( 13 - 13) =      0.43717  eV     1   --> G_3            
     e( 14 - 14) =      0.92341  eV     1   --> G_4            
     e( 15 - 15) =      3.80788  eV     1   --> G_3            
     e( 16 - 16) =      3.85055  eV     1   --> G_4            
     e( 17 - 17) =      4.76635  eV     1   --> G_4            
     e( 18 - 18) =      4.83495  eV     1   --> G_3            

 **************************************************************************

 **************************************************************************

                    xk=(   0.19048,   0.10997,   0.00000  )

     Band symmetry, C_2v (mm2)  [C_s (m)    ] magnetic double point group,
     using C_s (m)    

     e(  1 -  1) =     -7.41563  eV     1   --> G_4            
     e(  2 -  2) =     -7.07592  eV     1   --> G_3            
     e(  3 -  3) =     -4.99450  eV     1   --> G_4            
     e(  4 -  4) =     -4.60603  eV     1   --> G_4            
     e(  5 -  5) =     -4.57972  eV     1   --> G_3            
     e(  6 -  6) =     -3.88906  eV     1   --> G_4            
     e(  7 -  7) =     -3.63045  eV     1   --> G_3            
     e(  8 -  8) =     -3.33620  eV     1   --> G_3            
     e(  9 -  9) =     -3.14544  eV     1   --> G_4            
     e( 10 - 10) =     -3.09713  eV     1   --> G_3            
     e( 11 - 11) =     -2.29620  eV     1   --> G_3            
     e( 12 - 12) =     -1.25285  eV     1   --> G_4            
     e( 13 - 13) =      0.26742  eV     1   --> G_3            
     e( 14 - 14) =      0.77354  eV     1   --> G_4            
     e( 15 - 15) =      3.67246  eV     1   --> G_3            
     e( 16 - 16) =      3.71396  eV     1   --> G_4            
     e( 17 - 17) =      4.62036  eV     1   --> G_4            
     e( 18 - 18) =      4.69032  eV     1   --> G_3            

 **************************************************************************

 **************************************************************************

                    xk=(   0.18095,   0.10447,   0.00000  )

     Band symmetry, C_2v (mm2)  [C_s (m)    ] magnetic double point group,
     using C_s (m)    

     e(  1 -  1) =     -7.52780  eV     1   --> G_4            
     e(  2 -  2) =     -7.20503  eV     1   --> G_3            
     e(  3 -  3) =     -4.98571  eV     1   --> G_4            
     e(  4 -  4) =     -4.65152  eV     1   --> G_4            
     e(  5 -  5) =     -4.50502  eV     1   --> G_3            
     e(  6 -  6) =     -3.95405  eV     1   --> G_4            
     e(  7 -  7) =     -3.60340  eV     1   --> G_3            
     e(  8 -  8) =     -3.32593  eV     1   --> G_3            
     e(  9 -  9) =     -3.14255  eV     1   --> G_3            
     e( 10 - 10) =     -3.08199  eV     1   --> G_4            
     e( 11 - 11) =     -2.36676  eV     1   --> G_3            
     e( 12 - 12) =     -1.23857  eV     1   --> G_4            
     e( 13 - 13) =      0.10200  eV     1   --> G_3            
     e( 14 - 14) =      0.62862  eV     1   --> G_4            
     e( 15 - 15) =      3.54365  eV     1   --> G_3            
     e( 16 - 16) =      3.58401  eV     1   --> G_4            
     e( 17 - 17) =      4.48099  eV     1   --> G_4            
     e( 18 - 18) =      4.55246  eV     1   --> G_3            

 **************************************************************************

 **************************************************************************

                    xk=(   0.17143,   0.09897,   0.00000  )

     Band symmetry, C_2v (mm2)  [C_s (m)    ] magnetic double point group,
     using C_s (m)    

     e(  1 -  1) =     -7.64039  eV     1   --> G_4            
     e(  2 -  2) =     -7.33116  eV     1   --> G_3            
     e(  3 -  3) =     -4.97108  eV     1   --> G_4            
     e(  4 -  4) =     -4.69485  eV     1   --> G_4            
     e(  5 -  5) =     -4.42894  eV     1   --> G_3            
     e(  6 -  6) =     -4.01678  eV     1   --> G_4            
     e(  7 -  7) =     -3.57398  eV     1   --> G_3            
     e(  8 -  8) =     -3.31786  eV     1   --> G_3            
     e(  9 -  9) =     -3.18372  eV     1   --> G_3            
     e( 10 - 10) =     -3.01759  eV     1   --> G_4            
     e( 11 - 11) =     -2.43477  eV     1   --> G_3            
     e( 12 - 12) =     -1.22467  eV     1   --> G_4            
     e( 13 - 13) =     -0.05912  eV     1   --> G_3            
     e( 14 - 14) =      0.48859  eV     1   --> G_4            
     e( 15 - 15) =      3.42144  eV     1   --> G_3            
     e( 16 - 16) =      3.46073  eV     1   --> G_4            
     e( 17 - 17) =      4.34829  eV     1   --> G_4            
     e( 18 - 18) =      4.42138  eV     1   --> G_3            

 **************************************************************************

 **************************************************************************

                    xk=(   0.16190,   0.09348,   0.00000  )

     Band symmetry, C_2v (mm2)  [C_s (m)    ] magnetic double point group,
     using C_s (m)    

     e(  1 -  1) =     -7.75188  eV     1   --> G_4            
     e(  2 -  2) =     -7.45347  eV     1   --> G_3            
     e(  3 -  3) =     -4.95203  eV     1   --> G_4            
     e(  4 -  4) =     -4.73607  eV     1   --> G_4            
     e(  5 -  5) =     -4.35159  eV     1   --> G_3            
     e(  6 -  6) =     -4.07702  eV     1   --> G_4            
     e(  7 -  7) =     -3.54375  eV     1   --> G_3            
     e(  8 -  8) =     -3.31448  eV     1   --> G_3            
     e(  9 -  9) =     -3.21741  eV     1   --> G_3            
     e( 10 - 10) =     -2.95238  eV     1   --> G_4            
     e( 11 - 11) =     -2.50002  eV     1   --> G_3            
     e( 12 - 12) =     -1.21120  eV     1   --> G_4            
     e( 13 - 13) =     -0.21598  eV     1   --> G_3            
     e( 14 - 14) =      0.35338  eV     1   --> G_4            
     e( 15 - 15) =      3.30583  eV     1   --> G_3            
     e( 16 - 16) =      3.34412  eV     1   --> G_4            
     e( 17 - 17) =      4.22230  eV     1   --> G_4            
     e( 18 - 18) =      4.29712  eV     1   --> G_3            

 **************************************************************************

 **************************************************************************

                    xk=(   0.15238,   0.08798,   0.00000  )

     Band symmetry, C_2v (mm2)  [C_s (m)    ] magnetic double point group,
     using C_s (m)    

     e(  1 -  1) =     -7.86101  eV     1   --> G_4            
     e(  2 -  2) =     -7.57125  eV     1   --> G_3            
     e(  3 -  3) =     -4.92981  eV     1   --> G_4            
     e(  4 -  4) =     -4.77522  eV     1   --> G_4            
     e(  5 -  5) =     -4.27310  eV     1   --> G_3            
     e(  6 -  6) =     -4.13458  eV     1   --> G_4            
     e(  7 -  7) =     -3.51477  eV     1   --> G_3            
     e(  8 -  8) =     -3.32023  eV     1   --> G_3            
     e(  9 -  9) =     -3.23784  eV     1   --> G_3            
     e( 10 - 10) =     -2.88649  eV     1   --> G_4            
     e( 11 - 11) =     -2.56232  eV     1   --> G_3            
     e( 12 - 12) =     -1.19822  eV     1   --> G_4            
     e( 13 - 13) =     -0.36861  eV     1   --> G_3            
     e( 14 - 14) =      0.22293  eV     1   --> G_4            
     e( 15 - 15) =      3.19684  eV     1   --> G_3            
     e( 16 - 16) =      3.23417  eV     1   --> G_4            
     e( 17 - 17) =      4.10306  eV     1   --> G_4            
     e( 18 - 18) =      4.17971  eV     1   --> G_3            

 **************************************************************************

 **************************************************************************

                    xk=(   0.14286,   0.08248,   0.00000  )

     Band symmetry, C_2v (mm2)  [C_s (m)    ] magnetic double point group,
     using C_s (m)    

     e(  1 -  1) =     -7.96675  eV     1   --> G_4            
     e(  2 -  2) =     -7.68392  eV     1   --> G_3            
     e(  3 -  3) =     -4.90551  eV     1   --> G_4            
     e(  4 -  4) =     -4.81226  eV     1   --> G_4            
     e(  5 -  5) =     -4.19365  eV     1   --> G_3            
     e(  6 -  6) =     -4.18926  eV     1   --> G_4            
     e(  7 -  7) =     -3.49056  eV     1   --> G_3            
     e(  8 -  8) =     -3.33433  eV     1   --> G_3            
     e(  9 -  9) =     -3.24290  eV     1   --> G_3            
     e( 10 - 10) =     -2.82004  eV     1   --> G_4            
     e( 11 - 11) =     -2.62146  eV     1   --> G_3            
     e( 12 - 12) =     -1.18577  eV     1   --> G_4            
     e( 13 - 13) =     -0.51702  eV     1   --> G_3            
     e( 14 - 14) =      0.09720  eV     1   --> G_4            
     e( 15 - 15) =      3.09445  eV     1   --> G_3            
     e( 16 - 16) =      3.13088  eV     1   --> G_4            
     e( 17 - 17) =      3.99061  eV     1   --> G_4            
     e( 18 - 18) =      4.06919  eV     1   --> G_3            

 **************************************************************************

 **************************************************************************

                    xk=(   0.13333,   0.07698,   0.00000  )

     Band symmetry, C_2v (mm2)  [C_s (m)    ] magnetic double point group,
     using C_s (m)    

     e(  1 -  1) =     -8.06824  eV     1   --> G_4            
     e(  2 -  2) =     -7.79097  eV     1   --> G_3            
     e(  3 -  3) =     -4.88029  eV     1   --> G_4            
     e(  4 -  4) =     -4.84692  eV     1   --> G_4            
     e(  5 -  5) =     -4.24087  eV     1   --> G_4            
     e(  6 -  6) =     -4.11345  eV     1   --> G_3            
     e(  7 -  7) =     -3.47735  eV     1   --> G_3            
     e(  8 -  8) =     -3.34478  eV     1   --> G_3            
     e(  9 -  9) =     -3.23885  eV     1   --> G_3            
     e( 10 - 10) =     -2.75321  eV     1   --> G_4            
     e( 11 - 11) =     -2.67727  eV     1   --> G_3            
     e( 12 - 12) =     -1.17391  eV     1   --> G_4            
     e( 13 - 13) =     -0.66118  eV     1   --> G_3            
     e( 14 - 14) =     -0.02385  eV     1   --> G_4            
     e( 15 - 15) =      2.99867  eV     1   --> G_3            
     e( 16 - 16) =      3.03426  eV     1   --> G_4            
     e( 17 - 17) =      3.88501  eV     1   --> G_4            
     e( 18 - 18) =      3.96559  eV     1   --> G_3            

 **************************************************************************

 **************************************************************************

                    xk=(   0.12381,   0.07148,   0.00000  )

     Band symmetry, C_2v (mm2)  [C_s (m)    ] magnetic double point group,
     using C_s (m)    

     e(  1 -  1) =     -8.16478  eV     1   --> G_4            
     e(  2 -  2) =     -7.89199  eV     1   --> G_3            
     e(  3 -  3) =     -4.88109  eV     1   --> G_4            
     e(  4 -  4) =     -4.85303  eV     1   --> G_4            
     e(  5 -  5) =     -4.28920  eV     1   --> G_4            
     e(  6 -  6) =     -4.03279  eV     1   --> G_3            
     e(  7 -  7) =     -3.48088  eV     1   --> G_3            
     e(  8 -  8) =     -3.34106  eV     1   --> G_3            
     e(  9 -  9) =     -3.23088  eV     1   --> G_3            
     e( 10 - 10) =     -2.72956  eV     1   --> G_3            
     e( 11 - 11) =     -2.68614  eV     1   --> G_4            
     e( 12 - 12) =     -1.16270  eV     1   --> G_4            
     e( 13 - 13) =     -0.80106  eV     1   --> G_3            
     e( 14 - 14) =     -0.14025  eV     1   --> G_4            
     e( 15 - 15) =      2.90949  eV     1   --> G_3            
     e( 16 - 16) =      2.94431  eV     1   --> G_4            
     e( 17 - 17) =      3.78631  eV     1   --> G_4            
     e( 18 - 18) =      3.86893  eV     1   --> G_3            

 **************************************************************************

 **************************************************************************

                    xk=(   0.11429,   0.06598,   0.00000  )

     Band symmetry, C_2v (mm2)  [C_s (m)    ] magnetic double point group,
     using C_s (m)    

     e(  1 -  1) =     -8.25580  eV     1   --> G_4            
     e(  2 -  2) =     -7.98664  eV     1   --> G_3            
     e(  3 -  3) =     -4.91138  eV     1   --> G_4            
     e(  4 -  4) =     -4.82777  eV     1   --> G_4            
     e(  5 -  5) =     -4.33407  eV     1   --> G_4            
     e(  6 -  6) =     -3.95208  eV     1   --> G_3            
     e(  7 -  7) =     -3.49760  eV     1   --> G_3            
     e(  8 -  8) =     -3.32509  eV     1   --> G_3            
     e(  9 -  9) =     -3.22090  eV     1   --> G_3            
     e( 10 - 10) =     -2.77813  eV     1   --> G_3            
     e( 11 - 11) =     -2.61904  eV     1   --> G_4            
     e( 12 - 12) =     -1.15218  eV     1   --> G_4            
     e( 13 - 13) =     -0.93657  eV     1   --> G_3            
     e( 14 - 14) =     -0.25198  eV     1   --> G_4            
     e( 15 - 15) =      2.82693  eV     1   --> G_3            
     e( 16 - 16) =      2.86103  eV     1   --> G_4            
     e( 17 - 17) =      3.69457  eV     1   --> G_4            
     e( 18 - 18) =      3.77926  eV     1   --> G_3            

 **************************************************************************

 **************************************************************************

                    xk=(   0.10476,   0.06048,   0.00000  )

     Band symmetry, C_2v (mm2)  [C_s (m)    ] magnetic double point group,
     using C_s (m)    

     e(  1 -  1) =     -8.34083  eV     1   --> G_4            
     e(  2 -  2) =     -8.07459  eV     1   --> G_3            
     e(  3 -  3) =     -4.93982  eV     1   --> G_4            
     e(  4 -  4) =     -4.80307  eV     1   --> G_4            
     e(  5 -  5) =     -4.37525  eV     1   --> G_4            
     e(  6 -  6) =     -3.87201  eV     1   --> G_3            
     e(  7 -  7) =     -3.51947  eV     1   --> G_3            
     e(  8 -  8) =     -3.30443  eV     1   --> G_3            
     e(  9 -  9) =     -3.20941  eV     1   --> G_3            
     e( 10 - 10) =     -2.82278  eV     1   --> G_3            
     e( 11 - 11) =     -2.55213  eV     1   --> G_4            
     e( 12 - 12) =     -1.14241  eV     1   --> G_4            
     e( 13 - 13) =     -1.06756  eV     1   --> G_3            
     e( 14 - 14) =     -0.35899  eV     1   --> G_4            
     e( 15 - 15) =      2.75097  eV     1   --> G_3            
     e( 16 - 16) =      2.78441  eV     1   --> G_4            
     e( 17 - 17) =      3.60986  eV     1   --> G_4            
     e( 18 - 18) =      3.69661  eV     1   --> G_3            

 **************************************************************************

 **************************************************************************

                    xk=(   0.09524,   0.05499,   0.00000  )

     Band symmetry, C_2v (mm2)  [C_s (m)    ] magnetic double point group,
     using C_s (m)    

     e(  1 -  1) =     -8.41948  eV     1   --> G_4            
     e(  2 -  2) =     -8.15561  eV     1   --> G_3            
     e(  3 -  3) =     -4.96605  eV     1   --> G_4            
     e(  4 -  4) =     -4.77985  eV     1   --> G_4            
     e(  5 -  5) =     -4.41248  eV     1   --> G_4            
     e(  6 -  6) =     -3.79394  eV     1   --> G_3            
     e(  7 -  7) =     -3.54096  eV     1   --> G_3            
     e(  8 -  8) =     -3.28406  eV     1   --> G_3            
     e(  9 -  9) =     -3.19634  eV     1   --> G_3            
     e( 10 - 10) =     -2.86330  eV     1   --> G_3            
     e( 11 - 11) =     -2.48571  eV     1   --> G_4            
     e( 12 - 12) =     -1.19381  eV     1   --> G_3            
     e( 13 - 13) =     -1.13346  eV     1   --> G_4            
     e( 14 - 14) =     -0.46117  eV     1   --> G_4            
     e( 15 - 15) =      2.68161  eV     1   --> G_3            
     e( 16 - 16) =      2.71445  eV     1   --> G_4            
     e( 17 - 17) =      3.53222  eV     1   --> G_4            
     e( 18 - 18) =      3.62101  eV     1   --> G_3            

 **************************************************************************

 **************************************************************************

                    xk=(   0.08571,   0.04949,   0.00000  )

     Band symmetry, C_2v (mm2)  [C_s (m)    ] magnetic double point group,
     using C_s (m)    

     e(  1 -  1) =     -8.49142  eV     1   --> G_4            
     e(  2 -  2) =     -8.22948  eV     1   --> G_3            
     e(  3 -  3) =     -4.98997  eV     1   --> G_4            
     e(  4 -  4) =     -4.75872  eV     1   --> G_4            
     e(  5 -  5) =     -4.44549  eV     1   --> G_4            
     e(  6 -  6) =     -3.72158  eV     1   --> G_3            
     e(  7 -  7) =     -3.55685  eV     1   --> G_3            
     e(  8 -  8) =     -3.26644  eV     1   --> G_3            
     e(  9 -  9) =     -3.18167  eV     1   --> G_3            
     e( 10 - 10) =     -2.89944  eV     1   --> G_3            
     e( 11 - 11) =     -2.42013  eV     1   --> G_4            
     e( 12 - 12) =     -1.31499  eV     1   --> G_3            
     e( 13 - 13) =     -1.12539  eV     1   --> G_4            
     e( 14 - 14) =     -0.55830  eV     1   --> G_4            
     e( 15 - 15) =      2.61887  eV     1   --> G_3            
     e( 16 - 16) =      2.65116  eV     1   --> G_4            
     e( 17 - 17) =      3.46174  eV     1   --> G_4            
     e( 18 - 18) =      3.55249  eV     1   --> G_3            

 **************************************************************************

 **************************************************************************

                    xk=(   0.07619,   0.04399,   0.00000  )

     Band symmetry, C_2v (mm2)  [C_s (m)    ] magnetic double point group,
     using C_s (m)    

     e(  1 -  1) =     -8.55639  eV     1   --> G_4            
     e(  2 -  2) =     -8.29601  eV     1   --> G_3            
     e(  3 -  3) =     -5.01153  eV     1   --> G_4            
     e(  4 -  4) =     -4.74026  eV     1   --> G_4            
     e(  5 -  5) =     -4.47397  eV     1   --> G_4            
     e(  6 -  6) =     -3.66770  eV     1   --> G_3            
     e(  7 -  7) =     -3.55403  eV     1   --> G_3            
     e(  8 -  8) =     -3.25245  eV     1   --> G_3            
     e(  9 -  9) =     -3.16583  eV     1   --> G_3            
     e( 10 - 10) =     -2.93096  eV     1   --> G_3            
     e( 11 - 11) =     -2.35585  eV     1   --> G_4            
     e( 12 - 12) =     -1.43062  eV     1   --> G_3            
     e( 13 - 13) =     -1.11831  eV     1   --> G_4            
     e( 14 - 14) =     -0.65004  eV     1   --> G_4            
     e( 15 - 15) =      2.56272  eV     1   --> G_3            
     e( 16 - 16) =      2.59454  eV     1   --> G_4            
     e( 17 - 17) =      3.39846  eV     1   --> G_4            
     e( 18 - 18) =      3.49109  eV     1   --> G_3            

 **************************************************************************

 **************************************************************************

                    xk=(   0.06667,   0.03849,   0.00000  )

     Band symmetry, C_2v (mm2)  [C_s (m)    ] magnetic double point group,
     using C_s (m)    

     e(  1 -  1) =     -8.61418  eV     1   --> G_4            
     e(  2 -  2) =     -8.35504  eV     1   --> G_3            
     e(  3 -  3) =     -5.03068  eV     1   --> G_4            
     e(  4 -  4) =     -4.72503  eV     1   --> G_4            
     e(  5 -  5) =     -4.49758  eV     1   --> G_4            
     e(  6 -  6) =     -3.65202  eV     1   --> G_3            
     e(  7 -  7) =     -3.51320  eV     1   --> G_3            
     e(  8 -  8) =     -3.24196  eV     1   --> G_3            
     e(  9 -  9) =     -3.14976  eV     1   --> G_3            
     e( 10 - 10) =     -2.95756  eV     1   --> G_3            
     e( 11 - 11) =     -2.29349  eV     1   --> G_4            
     e( 12 - 12) =     -1.53998  eV     1   --> G_3            
     e( 13 - 13) =     -1.11233  eV     1   --> G_4            
     e( 14 - 14) =     -0.73584  eV     1   --> G_4            
     e( 15 - 15) =      2.51319  eV     1   --> G_3            
     e( 16 - 16) =      2.54458  eV     1   --> G_4            
     e( 17 - 17) =      3.34246  eV     1   --> G_4            
     e( 18 - 18) =      3.43683  eV     1   --> G_3            

 **************************************************************************

 **************************************************************************

                    xk=(   0.05714,   0.03299,   0.00000  )

     Band symmetry, C_2v (mm2)  [C_s (m)    ] magnetic double point group,
     using C_s (m)    

     e(  1 -  1) =     -8.66458  eV     1   --> G_4            
     e(  2 -  2) =     -8.40644  eV     1   --> G_3            
     e(  3 -  3) =     -5.04737  eV     1   --> G_4            
     e(  4 -  4) =     -4.71345  eV     1   --> G_4            
     e(  5 -  5) =     -4.51608  eV     1   --> G_4            
     e(  6 -  6) =     -3.65863  eV     1   --> G_3            
     e(  7 -  7) =     -3.45127  eV     1   --> G_3            
     e(  8 -  8) =     -3.23441  eV     1   --> G_3            
     e(  9 -  9) =     -3.13454  eV     1   --> G_3            
     e( 10 - 10) =     -2.97895  eV     1   --> G_3            
     e( 11 - 11) =     -2.23388  eV     1   --> G_4            
     e( 12 - 12) =     -1.64209  eV     1   --> G_3            
     e( 13 - 13) =     -1.10768  eV     1   --> G_4            
     e( 14 - 14) =     -0.81485  eV     1   --> G_4            
     e( 15 - 15) =      2.47026  eV     1   --> G_3            
     e( 16 - 16) =      2.50128  eV     1   --> G_4            
     e( 17 - 17) =      3.29378  eV     1   --> G_4            
     e( 18 - 18) =      3.38975  eV     1   --> G_3            

 **************************************************************************

 **************************************************************************

                    xk=(   0.04762,   0.02749,   0.00000  )

     Band symmetry, C_2v (mm2)  [C_s (m)    ] magnetic double point group,
     using C_s (m)    

     e(  1 -  1) =     -8.70747  eV     1   --> G_4            
     e(  2 -  2) =     -8.45012  eV     1   --> G_3            
     e(  3 -  3) =     -5.06156  eV     1   --> G_4            
     e(  4 -  4) =     -4.70568  eV     1   --> G_4            
     e(  5 -  5) =     -4.52946  eV     1   --> G_4            
     e(  6 -  6) =     -3.66983  eV     1   --> G_3            
     e(  7 -  7) =     -3.38754  eV     1   --> G_3            
     e(  8 -  8) =     -3.22918  eV     1   --> G_3            
     e(  9 -  9) =     -3.12095  eV     1   --> G_3            
     e( 10 - 10) =     -2.99497  eV     1   --> G_3            
     e( 11 - 11) =     -2.17814  eV     1   --> G_4            
     e( 12 - 12) =     -1.73554  eV     1   --> G_3            
     e( 13 - 13) =     -1.10473  eV     1   --> G_4            
     e( 14 - 14) =     -0.88572  eV     1   --> G_4            
     e( 15 - 15) =      2.43393  eV     1   --> G_3            
     e( 16 - 16) =      2.46464  eV     1   --> G_4            
     e( 17 - 17) =      3.25249  eV     1   --> G_4            
     e( 18 - 18) =      3.34987  eV     1   --> G_3            

 **************************************************************************

 **************************************************************************

                    xk=(   0.03810,   0.02199,   0.00000  )

     Band symmetry, C_2v (mm2)  [C_s (m)    ] magnetic double point group,
     using C_s (m)    

     e(  1 -  1) =     -8.74271  eV     1   --> G_4            
     e(  2 -  2) =     -8.48597  eV     1   --> G_3            
     e(  3 -  3) =     -5.07321  eV     1   --> G_4            
     e(  4 -  4) =     -4.70139  eV     1   --> G_4            
     e(  5 -  5) =     -4.53817  eV     1   --> G_4            
     e(  6 -  6) =     -3.68068  eV     1   --> G_3            
     e(  7 -  7) =     -3.32924  eV     1   --> G_3            
     e(  8 -  8) =     -3.22571  eV     1   --> G_3            
     e(  9 -  9) =     -3.10917  eV     1   --> G_3            
     e( 10 - 10) =     -3.00575  eV     1   --> G_3            
     e( 11 - 11) =     -2.12775  eV     1   --> G_4            
     e( 12 - 12) =     -1.81841  eV     1   --> G_3            
     e( 13 - 13) =     -1.10422  eV     1   --> G_4            
     e( 14 - 14) =     -0.94637  eV     1   --> G_4            
     e( 15 - 15) =      2.40421  eV     1   --> G_3            
     e( 16 - 16) =      2.43467  eV     1   --> G_4            
     e( 17 - 17) =      3.21864  eV     1   --> G_4            
     e( 18 - 18) =      3.31721  eV     1   --> G_3            

 **************************************************************************

 **************************************************************************

                    xk=(   0.02857,   0.01650,   0.00000  )

     Band symmetry, C_2v (mm2)  [C_s (m)    ] magnetic double point group,
     using C_s (m)    

     e(  1 -  1) =     -8.77021  eV     1   --> G_4            
     e(  2 -  2) =     -8.51392  eV     1   --> G_3            
     e(  3 -  3) =     -5.08231  eV     1   --> G_4            
     e(  4 -  4) =     -4.69975  eV     1   --> G_4            
     e(  5 -  5) =     -4.54315  eV     1   --> G_4            
     e(  6 -  6) =     -3.68974  eV     1   --> G_3            
     e(  7 -  7) =     -3.28085  eV     1   --> G_3            
     e(  8 -  8) =     -3.22346  eV     1   --> G_3            
     e(  9 -  9) =     -3.09875  eV     1   --> G_3            
     e( 10 - 10) =     -3.01197  eV     1   --> G_3            
     e( 11 - 11) =     -2.08466  eV     1   --> G_4            
     e( 12 - 12) =     -1.88814  eV     1   --> G_3            
     e( 13 - 13) =     -1.10741  eV     1   --> G_4            
     e( 14 - 14) =     -0.99373  eV     1   --> G_4            
     e( 15 - 15) =      2.38109  eV     1   --> G_3            
     e( 16 - 16) =      2.41135  eV     1   --> G_4            
     e( 17 - 17) =      3.19226  eV     1   --> G_4            
     e( 18 - 18) =      3.29178  eV     1   --> G_3            

 **************************************************************************

 **************************************************************************

                    xk=(   0.01905,   0.01100,   0.00000  )

     Band symmetry, C_2v (mm2)  [C_s (m)    ] magnetic double point group,
     using C_s (m)    

     e(  1 -  1) =     -8.78990  eV     1   --> G_4            
     e(  2 -  2) =     -8.53392  eV     1   --> G_3            
     e(  3 -  3) =     -5.08882  eV     1   --> G_4            
     e(  4 -  4) =     -4.69964  eV     1   --> G_4            
     e(  5 -  5) =     -4.54559  eV     1   --> G_4            
     e(  6 -  6) =     -3.69644  eV     1   --> G_3            
     e(  7 -  7) =     -3.24615  eV     1   --> G_3            
     e(  8 -  8) =     -3.22159  eV     1   --> G_3            
     e(  9 -  9) =     -3.08929  eV     1   --> G_3            
     e( 10 - 10) =     -3.01487  eV     1   --> G_3            
     e( 11 - 11) =     -2.05120  eV     1   --> G_4            
     e( 12 - 12) =     -1.94160  eV     1   --> G_3            
     e( 13 - 13) =     -1.11519  eV     1   --> G_4            
     e( 14 - 14) =     -1.02467  eV     1   --> G_4            
     e( 15 - 15) =      2.36458  eV     1   --> G_3            
     e( 16 - 16) =      2.39470  eV     1   --> G_4            
     e( 17 - 17) =      3.17340  eV     1   --> G_4            
     e( 18 - 18) =      3.27361  eV     1   --> G_3            

 **************************************************************************

 **************************************************************************

                    xk=(   0.00952,   0.00550,   0.00000  )

     Band symmetry, C_2v (mm2)  [C_s (m)    ] magnetic double point group,
     using C_s (m)    

     e(  1 -  1) =     -8.80174  eV     1   --> G_4            
     e(  2 -  2) =     -8.54594  eV     1   --> G_3            
     e(  3 -  3) =     -5.09273  eV     1   --> G_4            
     e(  4 -  4) =     -4.70002  eV     1   --> G_4            
     e(  5 -  5) =     -4.54658  eV     1   --> G_4            
     e(  6 -  6) =     -3.70054  eV     1   --> G_3            
     e(  7 -  7) =     -3.22894  eV     1   --> G_3            
     e(  8 -  8) =     -3.21746  eV     1   --> G_3            
     e(  9 -  9) =     -3.08183  eV     1   --> G_3            
     e( 10 - 10) =     -3.01586  eV     1   --> G_3            
     e( 11 - 11) =     -2.02980  eV     1   --> G_4            
     e( 12 - 12) =     -1.97550  eV     1   --> G_3            
     e( 13 - 13) =     -1.12451  eV     1   --> G_4            
     e( 14 - 14) =     -1.03986  eV     1   --> G_4            
     e( 15 - 15) =      2.35467  eV     1   --> G_3            
     e( 16 - 16) =      2.38471  eV     1   --> G_4            
     e( 17 - 17) =      3.16207  eV     1   --> G_4            
     e( 18 - 18) =      3.26271  eV     1   --> G_3            

 **************************************************************************

 **************************************************************************

                    xk=(   0.00000,   0.00000,   0.00000  )

     the magnetic double point group is D_6h(6/mmm) [C_6h (6/m) ]
     using the double point group C_6h (6/m) 
     there are 24 classes and 12 irreducible representations
     the character table:

       E     -E    C6    -C6   C3    -C3   C2    -C2   C3^2  -C3^2 C6^5  -C6^5
                                                                              
G_7+   1.00 -1.00  0.87 -0.87  0.50 -0.50  0.00  0.00  0.50 -0.50  0.87 -0.87
G_8+   1.00 -1.00  0.87 -0.87  0.50 -0.50  0.00  0.00  0.50 -0.50  0.87 -0.87
G_9+   1.00 -1.00 -0.87  0.87  0.50 -0.50  0.00  0.00  0.50 -0.50 -0.87  0.87
G_10+  1.00 -1.00 -0.87  0.87  0.50 -0.50  0.00  0.00  0.50 -0.50 -0.87  0.87
G_11+  1.00 -1.00  0.00  0.00 -1.00  1.00  0.00  0.00 -1.00  1.00  0.00  0.00
G_12+  1.00 -1.00  0.00  0.00 -1.00  1.00  0.00  0.00 -1.00  1.00  0.00  0.00
G_7-   1.00 -1.00  0.87 -0.87  0.50 -0.50  0.00  0.00  0.50 -0.50  0.87 -0.87
G_8-   1.00 -1.00  0.87 -0.87  0.50 -0.50  0.00  0.00  0.50 -0.50  0.87 -0.87
G_9-   1.00 -1.00 -0.87  0.87  0.50 -0.50  0.00  0.00  0.50 -0.50 -0.87  0.87
G_10-  1.00 -1.00 -0.87  0.87  0.50 -0.50  0.00  0.00  0.50 -0.50 -0.87  0.87
G_11-  1.00 -1.00  0.00  0.00 -1.00  1.00  0.00  0.00 -1.00  1.00  0.00  0.00
G_12-  1.00 -1.00  0.00  0.00 -1.00  1.00  0.00  0.00 -1.00  1.00  0.00  0.00

       i     -i    S3^5  -S3^5 S6^5  -S6^5 s_h   -s_h  S6    -S6   S3    -S3  
                                                                              
G_7+   1.00 -1.00  0.87 -0.87  0.50 -0.50  0.00  0.00  0.50 -0.50  0.87 -0.87
G_8+   1.00 -1.00  0.87 -0.87  0.50 -0.50  0.00  0.00  0.50 -0.50  0.87 -0.87
G_9+   1.00 -1.00 -0.87  0.87  0.50 -0.50  0.00  0.00  0.50 -0.50 -0.87  0.87
G_10+  1.00 -1.00 -0.87  0.87  0.50 -0.50  0.00  0.00  0.50 -0.50 -0.87  0.87
G_11+  1.00 -1.00  0.00  0.00 -1.00  1.00  0.00  0.00 -1.00  1.00  0.00  0.00
G_12+  1.00 -1.00  0.00  0.00 -1.00  1.00  0.00  0.00 -1.00  1.00  0.00  0.00
G_7-  -1.00  1.00 -0.87  0.87 -0.50  0.50  0.00  0.00 -0.50  0.50 -0.87  0.87
G_8-  -1.00  1.00 -0.87  0.87 -0.50  0.50  0.00  0.00 -0.50  0.50 -0.87  0.87
G_9-  -1.00  1.00  0.87 -0.87 -0.50  0.50  0.00  0.00 -0.50  0.50  0.87 -0.87
G_10- -1.00  1.00  0.87 -0.87 -0.50  0.50  0.00  0.00 -0.50  0.50  0.87 -0.87
G_11- -1.00  1.00  0.00  0.00  1.00 -1.00  0.00  0.00  1.00 -1.00  0.00  0.00
G_12- -1.00  1.00  0.00  0.00  1.00 -1.00  0.00  0.00  1.00 -1.00  0.00  0.00

     imaginary part

       E     -E    C6    -C6   C3    -C3   C2    -C2   C3^2  -C3^2 C6^5  -C6^5
                                                                              
G_7+   0.00  0.00  0.50 -0.50  0.87 -0.87  1.00 -1.00 -0.87  0.87 -0.50  0.50
G_8+   0.00  0.00 -0.50  0.50 -0.87  0.87 -1.00  1.00  0.87 -0.87  0.50 -0.50
G_9+   0.00  0.00 -0.50  0.50  0.87 -0.87 -1.00  1.00 -0.87  0.87  0.50 -0.50
G_10+  0.00  0.00  0.50 -0.50 -0.87  0.87  1.00 -1.00  0.87 -0.87 -0.50  0.50
G_11+  0.00  0.00  1.00 -1.00  0.00  0.00 -1.00  1.00  0.00  0.00 -1.00  1.00
G_12+  0.00  0.00 -1.00  1.00  0.00  0.00  1.00 -1.00  0.00  0.00  1.00 -1.00
G_7-   0.00  0.00  0.50 -0.50  0.87 -0.87  1.00 -1.00 -0.87  0.87 -0.50  0.50
G_8-   0.00  0.00 -0.50  0.50 -0.87  0.87 -1.00  1.00  0.87 -0.87  0.50 -0.50
G_9-   0.00  0.00 -0.50  0.50  0.87 -0.87 -1.00  1.00 -0.87  0.87  0.50 -0.50
G_10-  0.00  0.00  0.50 -0.50 -0.87  0.87  1.00 -1.00  0.87 -0.87 -0.50  0.50
G_11-  0.00  0.00  1.00 -1.00  0.00  0.00 -1.00  1.00  0.00  0.00 -1.00  1.00
G_12-  0.00  0.00 -1.00  1.00  0.00  0.00  1.00 -1.00  0.00  0.00  1.00 -1.00

       i     -i    S3^5  -S3^5 S6^5  -S6^5 s_h   -s_h  S6    -S6   S3    -S3  
                                                                              
G_7+   0.00  0.00  0.50 -0.50  0.87 -0.87  1.00 -1.00 -0.87  0.87 -0.50  0.50
G_8+   0.00  0.00 -0.50  0.50 -0.87  0.87 -1.00  1.00  0.87 -0.87  0.50 -0.50
G_9+   0.00  0.00 -0.50  0.50  0.87 -0.87 -1.00  1.00 -0.87  0.87  0.50 -0.50
G_10+  0.00  0.00  0.50 -0.50 -0.87  0.87  1.00 -1.00  0.87 -0.87 -0.50  0.50
G_11+  0.00  0.00  1.00 -1.00  0.00  0.00 -1.00  1.00  0.00  0.00 -1.00  1.00
G_12+  0.00  0.00 -1.00  1.00  0.00  0.00  1.00 -1.00  0.00  0.00  1.00 -1.00
G_7-   0.00  0.00 -0.50  0.50 -0.87  0.87 -1.00  1.00  0.87 -0.87  0.50 -0.50
G_8-   0.00  0.00  0.50 -0.50  0.87 -0.87  1.00 -1.00 -0.87  0.87 -0.50  0.50
G_9-   0.00  0.00  0.50 -0.50 -0.87  0.87  1.00 -1.00  0.87 -0.87 -0.50  0.50
G_10-  0.00  0.00 -0.50  0.50  0.87 -0.87 -1.00  1.00 -0.87  0.87  0.50 -0.50
G_11-  0.00  0.00 -1.00  1.00  0.00  0.00  1.00 -1.00  0.00  0.00  1.00 -1.00
G_12-  0.00  0.00  1.00 -1.00  0.00  0.00 -1.00  1.00  0.00  0.00 -1.00  1.00

     the symmetry operations in each class and the name of the first element:

     E             1
                                                                 
     -E           -1
                                                                 
     C6            3
                                                                 
     -C6          -3
                                                                 
     C3            5
                                                                 
     -C3          -5
                                                                 
     C2            2
                                                                 
     -C2          -2
                                                                 
     C3^2          6
                                                                 
     -C3^2        -6
                                                                 
     C6^5          4
                                                                 
     -C6^5        -4
                                                                 
     i             7
                                                                 
     -i           -7
                                                                 
     S3^5          9
                                                                 
     -S3^5        -9
                                                                 
     S6^5         11
                                                                 
     -S6^5       -11
                                                                 
     s_h           8
                                                                 
     -s_h         -8
                                                                 
     S6           12
                                                                 
     -S6         -12
                                                                 
     S3           10
                                                                 
     -S3         -10
                                                                 

     Band symmetry, D_6h(6/mmm) [C_6h (6/m) ] magnetic double point group,
     using C_6h (6/m) 

     e(  1 -  1) =     -8.80568  eV     1   --> G_8+           
     e(  2 -  2) =     -8.54995  eV     1   --> G_7+           
     e(  3 -  3) =     -5.09404  eV     1   --> G_8+           
     e(  4 -  4) =     -4.70023  eV     1   --> G_11+          
     e(  5 -  5) =     -4.54683  eV     1   --> G_9+           
     e(  6 -  6) =     -3.70192  eV     1   --> G_7+           
     e(  7 -  7) =     -3.22605  eV     1   --> G_12+          
     e(  8 -  8) =     -3.21348  eV     1   --> G_7+           
     e(  9 -  9) =     -3.07887  eV     1   --> G_12+          
     e( 10 - 10) =     -3.01605  eV     1   --> G_10+          
     e( 11 - 11) =     -2.02242  eV     1   --> G_7-           
     e( 12 - 12) =     -1.98714  eV     1   --> G_8-           
     e( 13 - 13) =     -1.12871  eV     1   --> G_8+           
     e( 14 - 14) =     -1.04409  eV     1   --> G_11+          
     e( 15 - 15) =      2.35137  eV     1   --> G_7+           
     e( 16 - 16) =      2.38138  eV     1   --> G_8+           
     e( 17 - 17) =      3.15829  eV     1   --> G_7-           
     e( 18 - 18) =      3.25907  eV     1   --> G_8-           

 **************************************************************************
 
     BANDS        :     11.60s CPU     16.68s WALL

 
   This run was terminated on:  12: 4:52  22Jul2025            

=------------------------------------------------------------------------------=
   JOB DONE.
=------------------------------------------------------------------------------=
