
     Program BANDS v.7.2 starts on 23Jul2025 at 11:13:11 

     This program is part of the open-source Quantum ESPRESSO suite
     for quantum simulation of materials; please cite
         "P. Giannozzi et al., J. Phys.:Condens. Matter 21 395502 (2009);
         "P. Giannozzi et al., J. Phys.:Condens. Matter 29 465901 (2017);
         "P. Giannozzi et al., J. Chem. Phys. 152 154105 (2020);
          URL http://www.quantum-espresso.org", 
     in publications or presentations arising from this work. More details at
     http://www.quantum-espresso.org/quote

     Parallel version (MPI), running on    16 processors

     MPI processes distributed on     1 nodes
     R & G space division:  proc/nbgrp/npool/nimage =      16
     15101 MiB available memory on the printing compute node when the environment starts
 

     Reading xml data from directory:

     ./tmp/scf.save/
     Message from routine  set_nelup_neldw :
     BEWARE: non-integer number of up and down electrons!
     file Mo.pbe-spn-kjpaw_psl.1.0.0.UPF: wavefunction(s)  4S 4D renormalized
     file S.pbe-n-kjpaw_psl.1.0.0.UPF: wavefunction(s)  3S 3P renormalized
     file Co.pbe-n-kjpaw_psl.1.0.0.UPF: wavefunction(s)  4S 3D renormalized

     IMPORTANT: XC functional enforced from input :
     Exchange-correlation= PBE
                           (   1   4   3   4   0   0   0)
     Any further DFT definition will be discarded
     Please, verify this is what you really want

 
     Parallelization info
     --------------------
     sticks:   dense  smooth     PW     G-vecs:    dense   smooth      PW
     Min         108      42     12                28601     7220    1136
     Max         110      43     13                28616     7259    1171
     Sum        1735     685    199               457675   115763   18407
 
     Using Slab Decomposition
 

     negative rho (up, down):  5.095E-05 5.086E-05
     Reading collected, re-writing distributed wavefunctions
     high-symmetry point:  0.0000 0.0000 0.0000   x coordinate   0.0000
     high-symmetry point:  0.5000 0.2887 0.0000   x coordinate   0.5774
     high-symmetry point:  0.3333 0.5774 0.0000   x coordinate   0.9107
     high-symmetry point:  0.0000 0.0000 0.0000   x coordinate   1.5774

     Plottable bands (eV) written to file bands_down.dat.gnu
     Bands written to file bands_down.dat

 **************************************************************************

                    xk=(   0.00000,   0.00000,   0.00000  )

     point group C_1 (1)    
     there are  1 classes
     the character table:

       E    
A      1.00

     the symmetry operations in each class and the name of the first element:

     E        1
                                                                 

     Band symmetry, C_1 (1)     point group:

     e(  1 -  1) =    -61.57150  eV     1   --> A              
     e(  2 -  2) =    -35.84436  eV     1   --> A              
     e(  3 -  4) =    -35.46012  eV     2   -->   2 A              
     e(  5 -  5) =    -16.43974  eV     1   --> A              
     e(  6 -  6) =    -14.29637  eV     1   --> A              
     e(  7 -  7) =     -7.63132  eV     1   --> A              
     e(  8 -  9) =     -5.01661  eV     2   -->   2 A              
     e( 10 - 10) =     -4.92271  eV     1   --> A              
     e( 11 - 12) =     -3.09109  eV     2   -->   2 A              
     e( 13 - 13) =     -1.87489  eV     1   --> A              
     e( 14 - 15) =     -1.85978  eV     2   -->   2 A              
     e( 16 - 17) =     -0.79428  eV     2   -->   2 A              
     e( 18 - 18) =     -0.44135  eV     1   --> A              
     e( 19 - 19) =      1.89026  eV     1   --> A              
     e( 20 - 21) =      2.14152  eV     2   -->   2 A              
     e( 22 - 22) =      2.63193  eV     1   --> A              

 **************************************************************************

 **************************************************************************

                    xk=(   0.01351,   0.00780,   0.00000  )

     Band symmetry, C_1 (1)     point group:

     e(  1 -  1) =    -61.57142  eV     1   --> A              
     e(  2 -  2) =    -35.84422  eV     1   --> A              
     e(  3 -  3) =    -35.46083  eV     1   --> A              
     e(  4 -  4) =    -35.46028  eV     1   --> A              
     e(  5 -  5) =    -16.43740  eV     1   --> A              
     e(  6 -  6) =    -14.29458  eV     1   --> A              
     e(  7 -  7) =     -7.62856  eV     1   --> A              
     e(  8 -  8) =     -5.02402  eV     1   --> A              
     e(  9 -  9) =     -5.01706  eV     1   --> A              
     e( 10 - 10) =     -4.92104  eV     1   --> A              
     e( 11 - 11) =     -3.09664  eV     1   --> A              
     e( 12 - 12) =     -3.09030  eV     1   --> A              
     e( 13 - 13) =     -1.90715  eV     1   --> A              
     e( 14 - 14) =     -1.85919  eV     1   --> A              
     e( 15 - 15) =     -1.82790  eV     1   --> A              
     e( 16 - 16) =     -0.79861  eV     1   --> A              
     e( 17 - 17) =     -0.79519  eV     1   --> A              
     e( 18 - 18) =     -0.43945  eV     1   --> A              
     e( 19 - 19) =      1.89530  eV     1   --> A              
     e( 20 - 20) =      2.13639  eV     1   --> A              
     e( 21 - 21) =      2.14498  eV     1   --> A              
     e( 22 - 22) =      2.62225  eV     1   --> A              

 **************************************************************************

 **************************************************************************

                    xk=(   0.02703,   0.01560,   0.00000  )

     Band symmetry, C_1 (1)     point group:

     e(  1 -  1) =    -61.57121  eV     1   --> A              
     e(  2 -  2) =    -35.84380  eV     1   --> A              
     e(  3 -  3) =    -35.46298  eV     1   --> A              
     e(  4 -  4) =    -35.46077  eV     1   --> A              
     e(  5 -  5) =    -16.43037  eV     1   --> A              
     e(  6 -  6) =    -14.28922  eV     1   --> A              
     e(  7 -  7) =     -7.62033  eV     1   --> A              
     e(  8 -  8) =     -5.04566  eV     1   --> A              
     e(  9 -  9) =     -5.01846  eV     1   --> A              
     e( 10 - 10) =     -4.91660  eV     1   --> A              
     e( 11 - 11) =     -3.11310  eV     1   --> A              
     e( 12 - 12) =     -3.08798  eV     1   --> A              
     e( 13 - 13) =     -1.94619  eV     1   --> A              
     e( 14 - 14) =     -1.85740  eV     1   --> A              
     e( 15 - 15) =     -1.79016  eV     1   --> A              
     e( 16 - 16) =     -0.81135  eV     1   --> A              
     e( 17 - 17) =     -0.79786  eV     1   --> A              
     e( 18 - 18) =     -0.43394  eV     1   --> A              
     e( 19 - 19) =      1.91001  eV     1   --> A              
     e( 20 - 20) =      2.12164  eV     1   --> A              
     e( 21 - 21) =      2.15514  eV     1   --> A              
     e( 22 - 22) =      2.59395  eV     1   --> A              

 **************************************************************************

 **************************************************************************

                    xk=(   0.04054,   0.02341,   0.00000  )

     Band symmetry, C_1 (1)     point group:

     e(  1 -  1) =    -61.57085  eV     1   --> A              
     e(  2 -  2) =    -35.84310  eV     1   --> A              
     e(  3 -  3) =    -35.46655  eV     1   --> A              
     e(  4 -  4) =    -35.46158  eV     1   --> A              
     e(  5 -  5) =    -16.41870  eV     1   --> A              
     e(  6 -  6) =    -14.28031  eV     1   --> A              
     e(  7 -  7) =     -7.60668  eV     1   --> A              
     e(  8 -  8) =     -5.08049  eV     1   --> A              
     e(  9 -  9) =     -5.02083  eV     1   --> A              
     e( 10 - 10) =     -4.91029  eV     1   --> A              
     e( 11 - 11) =     -3.13988  eV     1   --> A              
     e( 12 - 12) =     -3.08421  eV     1   --> A              
     e( 13 - 13) =     -1.98580  eV     1   --> A              
     e( 14 - 14) =     -1.85428  eV     1   --> A              
     e( 15 - 15) =     -1.75315  eV     1   --> A              
     e( 16 - 16) =     -0.83179  eV     1   --> A              
     e( 17 - 17) =     -0.80206  eV     1   --> A              
     e( 18 - 18) =     -0.42528  eV     1   --> A              
     e( 19 - 19) =      1.93283  eV     1   --> A              
     e( 20 - 20) =      2.09966  eV     1   --> A              
     e( 21 - 21) =      2.17146  eV     1   --> A              
     e( 22 - 22) =      2.54897  eV     1   --> A              

 **************************************************************************

 **************************************************************************

                    xk=(   0.05405,   0.03121,   0.00000  )

     Band symmetry, C_1 (1)     point group:

     e(  1 -  1) =    -61.57036  eV     1   --> A              
     e(  2 -  2) =    -35.84214  eV     1   --> A              
     e(  3 -  3) =    -35.47150  eV     1   --> A              
     e(  4 -  4) =    -35.46271  eV     1   --> A              
     e(  5 -  5) =    -16.40243  eV     1   --> A              
     e(  6 -  6) =    -14.26788  eV     1   --> A              
     e(  7 -  7) =     -7.58774  eV     1   --> A              
     e(  8 -  8) =     -5.12775  eV     1   --> A              
     e(  9 -  9) =     -5.02423  eV     1   --> A              
     e( 10 - 10) =     -4.90265  eV     1   --> A              
     e( 11 - 11) =     -3.17606  eV     1   --> A              
     e( 12 - 12) =     -3.07913  eV     1   --> A              
     e( 13 - 13) =     -2.02580  eV     1   --> A              
     e( 14 - 14) =     -1.84965  eV     1   --> A              
     e( 15 - 15) =     -1.71762  eV     1   --> A              
     e( 16 - 16) =     -0.85905  eV     1   --> A              
     e( 17 - 17) =     -0.80743  eV     1   --> A              
     e( 18 - 18) =     -0.41403  eV     1   --> A              
     e( 19 - 19) =      1.95846  eV     1   --> A              
     e( 20 - 20) =      2.07690  eV     1   --> A              
     e( 21 - 21) =      2.19296  eV     1   --> A              
     e( 22 - 22) =      2.49023  eV     1   --> A              

 **************************************************************************

 **************************************************************************

                    xk=(   0.06757,   0.03901,   0.00000  )

     Band symmetry, C_1 (1)     point group:

     e(  1 -  1) =    -61.56973  eV     1   --> A              
     e(  2 -  2) =    -35.84091  eV     1   --> A              
     e(  3 -  3) =    -35.47781  eV     1   --> A              
     e(  4 -  4) =    -35.46415  eV     1   --> A              
     e(  5 -  5) =    -16.38162  eV     1   --> A              
     e(  6 -  6) =    -14.25197  eV     1   --> A              
     e(  7 -  7) =     -7.56366  eV     1   --> A              
     e(  8 -  8) =     -5.18688  eV     1   --> A              
     e(  9 -  9) =     -5.02873  eV     1   --> A              
     e( 10 - 10) =     -4.89398  eV     1   --> A              
     e( 11 - 11) =     -3.22047  eV     1   --> A              
     e( 12 - 12) =     -3.07292  eV     1   --> A              
     e( 13 - 13) =     -2.06613  eV     1   --> A              
     e( 14 - 14) =     -1.84329  eV     1   --> A              
     e( 15 - 15) =     -1.68432  eV     1   --> A              
     e( 16 - 16) =     -0.89222  eV     1   --> A              
     e( 17 - 17) =     -0.81349  eV     1   --> A              
     e( 18 - 18) =     -0.40068  eV     1   --> A              
     e( 19 - 19) =      1.96858  eV     1   --> A              
     e( 20 - 20) =      2.07297  eV     1   --> A              
     e( 21 - 21) =      2.21803  eV     1   --> A              
     e( 22 - 22) =      2.42096  eV     1   --> A              

 **************************************************************************

 **************************************************************************

                    xk=(   0.08108,   0.04681,   0.00000  )

     Band symmetry, C_1 (1)     point group:

     e(  1 -  1) =    -61.56897  eV     1   --> A              
     e(  2 -  2) =    -35.83942  eV     1   --> A              
     e(  3 -  3) =    -35.48541  eV     1   --> A              
     e(  4 -  4) =    -35.46588  eV     1   --> A              
     e(  5 -  5) =    -16.35637  eV     1   --> A              
     e(  6 -  6) =    -14.23266  eV     1   --> A              
     e(  7 -  7) =     -7.53468  eV     1   --> A              
     e(  8 -  8) =     -5.25725  eV     1   --> A              
     e(  9 -  9) =     -5.03440  eV     1   --> A              
     e( 10 - 10) =     -4.88463  eV     1   --> A              
     e( 11 - 11) =     -3.27177  eV     1   --> A              
     e( 12 - 12) =     -3.06582  eV     1   --> A              
     e( 13 - 13) =     -2.10668  eV     1   --> A              
     e( 14 - 14) =     -1.83491  eV     1   --> A              
     e( 15 - 15) =     -1.65405  eV     1   --> A              
     e( 16 - 16) =     -0.93044  eV     1   --> A              
     e( 17 - 17) =     -0.81966  eV     1   --> A              
     e( 18 - 18) =     -0.38557  eV     1   --> A              
     e( 19 - 19) =      1.94660  eV     1   --> A              
     e( 20 - 20) =      2.10519  eV     1   --> A              
     e( 21 - 21) =      2.24412  eV     1   --> A              
     e( 22 - 22) =      2.34499  eV     1   --> A              

 **************************************************************************

 **************************************************************************

                    xk=(   0.09459,   0.05461,   0.00000  )

     Band symmetry, C_1 (1)     point group:

     e(  1 -  1) =    -61.56809  eV     1   --> A              
     e(  2 -  2) =    -35.83769  eV     1   --> A              
     e(  3 -  3) =    -35.49425  eV     1   --> A              
     e(  4 -  4) =    -35.46790  eV     1   --> A              
     e(  5 -  5) =    -16.32678  eV     1   --> A              
     e(  6 -  6) =    -14.21000  eV     1   --> A              
     e(  7 -  7) =     -7.50104  eV     1   --> A              
     e(  8 -  8) =     -5.33815  eV     1   --> A              
     e(  9 -  9) =     -5.04133  eV     1   --> A              
     e( 10 - 10) =     -4.87505  eV     1   --> A              
     e( 11 - 11) =     -3.32849  eV     1   --> A              
     e( 12 - 12) =     -3.05808  eV     1   --> A              
     e( 13 - 13) =     -2.14725  eV     1   --> A              
     e( 14 - 14) =     -1.82423  eV     1   --> A              
     e( 15 - 15) =     -1.62766  eV     1   --> A              
     e( 16 - 16) =     -0.97302  eV     1   --> A              
     e( 17 - 17) =     -0.82530  eV     1   --> A              
     e( 18 - 18) =     -0.36891  eV     1   --> A              
     e( 19 - 19) =      1.90947  eV     1   --> A              
     e( 20 - 20) =      2.15282  eV     1   --> A              
     e( 21 - 21) =      2.26708  eV     1   --> A              
     e( 22 - 22) =      2.27047  eV     1   --> A              

 **************************************************************************

 **************************************************************************

                    xk=(   0.10811,   0.06242,   0.00000  )

     Band symmetry, C_1 (1)     point group:

     e(  1 -  1) =    -61.56709  eV     1   --> A              
     e(  2 -  2) =    -35.83572  eV     1   --> A              
     e(  3 -  3) =    -35.50426  eV     1   --> A              
     e(  4 -  4) =    -35.47019  eV     1   --> A              
     e(  5 -  5) =    -16.29297  eV     1   --> A              
     e(  6 -  6) =    -14.18410  eV     1   --> A              
     e(  7 -  7) =     -7.46307  eV     1   --> A              
     e(  8 -  8) =     -5.42877  eV     1   --> A              
     e(  9 -  9) =     -5.04962  eV     1   --> A              
     e( 10 - 10) =     -4.86587  eV     1   --> A              
     e( 11 - 11) =     -3.38907  eV     1   --> A              
     e( 12 - 12) =     -3.04998  eV     1   --> A              
     e( 13 - 13) =     -2.18758  eV     1   --> A              
     e( 14 - 14) =     -1.81101  eV     1   --> A              
     e( 15 - 15) =     -1.60593  eV     1   --> A              
     e( 16 - 16) =     -1.01939  eV     1   --> A              
     e( 17 - 17) =     -0.82974  eV     1   --> A              
     e( 18 - 18) =     -0.35087  eV     1   --> A              
     e( 19 - 19) =      1.86897  eV     1   --> A              
     e( 20 - 20) =      2.14972  eV     1   --> A              
     e( 21 - 21) =      2.25555  eV     1   --> A              
     e( 22 - 22) =      2.28062  eV     1   --> A              

 **************************************************************************

 **************************************************************************

                    xk=(   0.12162,   0.07022,   0.00000  )

     Band symmetry, C_1 (1)     point group:

     e(  1 -  1) =    -61.56597  eV     1   --> A              
     e(  2 -  2) =    -35.83353  eV     1   --> A              
     e(  3 -  3) =    -35.51536  eV     1   --> A              
     e(  4 -  4) =    -35.47273  eV     1   --> A              
     e(  5 -  5) =    -16.25511  eV     1   --> A              
     e(  6 -  6) =    -14.15504  eV     1   --> A              
     e(  7 -  7) =     -7.42115  eV     1   --> A              
     e(  8 -  8) =     -5.52824  eV     1   --> A              
     e(  9 -  9) =     -5.05933  eV     1   --> A              
     e( 10 - 10) =     -4.85787  eV     1   --> A              
     e( 11 - 11) =     -3.45189  eV     1   --> A              
     e( 12 - 12) =     -3.04180  eV     1   --> A              
     e( 13 - 13) =     -2.22734  eV     1   --> A              
     e( 14 - 14) =     -1.79502  eV     1   --> A              
     e( 15 - 15) =     -1.58951  eV     1   --> A              
     e( 16 - 16) =     -1.06903  eV     1   --> A              
     e( 17 - 17) =     -0.83225  eV     1   --> A              
     e( 18 - 18) =     -0.33155  eV     1   --> A              
     e( 19 - 19) =      1.82912  eV     1   --> A              
     e( 20 - 20) =      2.07574  eV     1   --> A              
     e( 21 - 21) =      2.27844  eV     1   --> A              
     e( 22 - 22) =      2.31976  eV     1   --> A              

 **************************************************************************

 **************************************************************************

                    xk=(   0.13514,   0.07802,   0.00000  )

     Band symmetry, C_1 (1)     point group:

     e(  1 -  1) =    -61.56475  eV     1   --> A              
     e(  2 -  2) =    -35.83115  eV     1   --> A              
     e(  3 -  3) =    -35.52747  eV     1   --> A              
     e(  4 -  4) =    -35.47551  eV     1   --> A              
     e(  5 -  5) =    -16.21335  eV     1   --> A              
     e(  6 -  6) =    -14.12295  eV     1   --> A              
     e(  7 -  7) =     -7.37571  eV     1   --> A              
     e(  8 -  8) =     -5.63563  eV     1   --> A              
     e(  9 -  9) =     -5.07052  eV     1   --> A              
     e( 10 - 10) =     -4.85203  eV     1   --> A              
     e( 11 - 11) =     -3.51523  eV     1   --> A              
     e( 12 - 12) =     -3.03381  eV     1   --> A              
     e( 13 - 13) =     -2.26618  eV     1   --> A              
     e( 14 - 14) =     -1.77613  eV     1   --> A              
     e( 15 - 15) =     -1.57889  eV     1   --> A              
     e( 16 - 16) =     -1.12141  eV     1   --> A              
     e( 17 - 17) =     -0.83209  eV     1   --> A              
     e( 18 - 18) =     -0.31118  eV     1   --> A              
     e( 19 - 19) =      1.79087  eV     1   --> A              
     e( 20 - 20) =      1.99658  eV     1   --> A              
     e( 21 - 21) =      2.25934  eV     1   --> A              
     e( 22 - 22) =      2.39921  eV     1   --> A              

 **************************************************************************

 **************************************************************************

                    xk=(   0.14865,   0.08582,   0.00000  )

     Band symmetry, C_1 (1)     point group:

     e(  1 -  1) =    -61.56344  eV     1   --> A              
     e(  2 -  2) =    -35.82857  eV     1   --> A              
     e(  3 -  3) =    -35.54050  eV     1   --> A              
     e(  4 -  4) =    -35.47850  eV     1   --> A              
     e(  5 -  5) =    -16.16788  eV     1   --> A              
     e(  6 -  6) =    -14.08795  eV     1   --> A              
     e(  7 -  7) =     -7.32725  eV     1   --> A              
     e(  8 -  8) =     -5.74999  eV     1   --> A              
     e(  9 -  9) =     -5.08325  eV     1   --> A              
     e( 10 - 10) =     -4.84948  eV     1   --> A              
     e( 11 - 11) =     -3.57733  eV     1   --> A              
     e( 12 - 12) =     -3.02626  eV     1   --> A              
     e( 13 - 13) =     -2.30371  eV     1   --> A              
     e( 14 - 14) =     -1.75433  eV     1   --> A              
     e( 15 - 15) =     -1.57435  eV     1   --> A              
     e( 16 - 16) =     -1.17584  eV     1   --> A              
     e( 17 - 17) =     -0.82853  eV     1   --> A              
     e( 18 - 18) =     -0.29011  eV     1   --> A              
     e( 19 - 19) =      1.75248  eV     1   --> A              
     e( 20 - 20) =      1.92488  eV     1   --> A              
     e( 21 - 21) =      2.22745  eV     1   --> A              
     e( 22 - 22) =      2.48530  eV     1   --> A              

 **************************************************************************

 **************************************************************************

                    xk=(   0.16216,   0.09362,   0.00000  )

     Band symmetry, C_1 (1)     point group:

     e(  1 -  1) =    -61.56204  eV     1   --> A              
     e(  2 -  2) =    -35.82583  eV     1   --> A              
     e(  3 -  3) =    -35.55434  eV     1   --> A              
     e(  4 -  4) =    -35.48168  eV     1   --> A              
     e(  5 -  5) =    -16.11891  eV     1   --> A              
     e(  6 -  6) =    -14.05020  eV     1   --> A              
     e(  7 -  7) =     -7.27632  eV     1   --> A              
     e(  8 -  8) =     -5.87033  eV     1   --> A              
     e(  9 -  9) =     -5.09751  eV     1   --> A              
     e( 10 - 10) =     -4.85149  eV     1   --> A              
     e( 11 - 11) =     -3.63644  eV     1   --> A              
     e( 12 - 12) =     -3.01936  eV     1   --> A              
     e( 13 - 13) =     -2.33961  eV     1   --> A              
     e( 14 - 14) =     -1.72970  eV     1   --> A              
     e( 15 - 15) =     -1.57610  eV     1   --> A              
     e( 16 - 16) =     -1.23134  eV     1   --> A              
     e( 17 - 17) =     -0.82086  eV     1   --> A              
     e( 18 - 18) =     -0.26887  eV     1   --> A              
     e( 19 - 19) =      1.70905  eV     1   --> A              
     e( 20 - 20) =      1.86927  eV     1   --> A              
     e( 21 - 21) =      2.18747  eV     1   --> A              
     e( 22 - 22) =      2.57594  eV     1   --> A              

 **************************************************************************

 **************************************************************************

                    xk=(   0.17568,   0.10143,   0.00000  )

     Band symmetry, C_1 (1)     point group:

     e(  1 -  1) =    -61.56057  eV     1   --> A              
     e(  2 -  2) =    -35.82294  eV     1   --> A              
     e(  3 -  3) =    -35.56890  eV     1   --> A              
     e(  4 -  4) =    -35.48503  eV     1   --> A              
     e(  5 -  5) =    -16.06668  eV     1   --> A              
     e(  6 -  6) =    -14.00985  eV     1   --> A              
     e(  7 -  7) =     -7.22358  eV     1   --> A              
     e(  8 -  8) =     -5.99569  eV     1   --> A              
     e(  9 -  9) =     -5.11329  eV     1   --> A              
     e( 10 - 10) =     -4.85934  eV     1   --> A              
     e( 11 - 11) =     -3.69088  eV     1   --> A              
     e( 12 - 12) =     -3.01329  eV     1   --> A              
     e( 13 - 13) =     -2.37354  eV     1   --> A              
     e( 14 - 14) =     -1.70245  eV     1   --> A              
     e( 15 - 15) =     -1.58433  eV     1   --> A              
     e( 16 - 16) =     -1.28645  eV     1   --> A              
     e( 17 - 17) =     -0.80839  eV     1   --> A              
     e( 18 - 18) =     -0.24823  eV     1   --> A              
     e( 19 - 19) =      1.65673  eV     1   --> A              
     e( 20 - 20) =      1.83602  eV     1   --> A              
     e( 21 - 21) =      2.14260  eV     1   --> A              
     e( 22 - 22) =      2.66654  eV     1   --> A              

 **************************************************************************

 **************************************************************************

                    xk=(   0.18919,   0.10923,   0.00000  )

     Band symmetry, C_1 (1)     point group:

     e(  1 -  1) =    -61.55903  eV     1   --> A              
     e(  2 -  2) =    -35.81992  eV     1   --> A              
     e(  3 -  3) =    -35.58405  eV     1   --> A              
     e(  4 -  4) =    -35.48852  eV     1   --> A              
     e(  5 -  5) =    -16.01144  eV     1   --> A              
     e(  6 -  6) =    -13.96708  eV     1   --> A              
     e(  7 -  7) =     -7.16975  eV     1   --> A              
     e(  8 -  8) =     -6.12504  eV     1   --> A              
     e(  9 -  9) =     -5.13053  eV     1   --> A              
     e( 10 - 10) =     -4.87419  eV     1   --> A              
     e( 11 - 11) =     -3.73922  eV     1   --> A              
     e( 12 - 12) =     -3.00816  eV     1   --> A              
     e( 13 - 13) =     -2.40526  eV     1   --> A              
     e( 14 - 14) =     -1.67292  eV     1   --> A              
     e( 15 - 15) =     -1.59938  eV     1   --> A              
     e( 16 - 16) =     -1.33914  eV     1   --> A              
     e( 17 - 17) =     -0.79050  eV     1   --> A              
     e( 18 - 18) =     -0.22910  eV     1   --> A              
     e( 19 - 19) =      1.59875  eV     1   --> A              
     e( 20 - 20) =      1.82356  eV     1   --> A              
     e( 21 - 21) =      2.09480  eV     1   --> A              
     e( 22 - 22) =      2.70764  eV     1   --> A              

 **************************************************************************

 **************************************************************************

                    xk=(   0.20270,   0.11703,   0.00000  )

     Band symmetry, C_1 (1)     point group:

     e(  1 -  1) =    -61.55744  eV     1   --> A              
     e(  2 -  2) =    -35.81679  eV     1   --> A              
     e(  3 -  3) =    -35.59970  eV     1   --> A              
     e(  4 -  4) =    -35.49214  eV     1   --> A              
     e(  5 -  5) =    -15.95346  eV     1   --> A              
     e(  6 -  6) =    -13.92209  eV     1   --> A              
     e(  7 -  7) =     -7.11570  eV     1   --> A              
     e(  8 -  8) =     -6.25735  eV     1   --> A              
     e(  9 -  9) =     -5.14916  eV     1   --> A              
     e( 10 - 10) =     -4.89681  eV     1   --> A              
     e( 11 - 11) =     -3.78050  eV     1   --> A              
     e( 12 - 12) =     -3.00407  eV     1   --> A              
     e( 13 - 13) =     -2.43459  eV     1   --> A              
     e( 14 - 14) =     -1.64150  eV     1   --> A              
     e( 15 - 15) =     -1.62163  eV     1   --> A              
     e( 16 - 16) =     -1.38690  eV     1   --> A              
     e( 17 - 17) =     -0.76669  eV     1   --> A              
     e( 18 - 18) =     -0.21253  eV     1   --> A              
     e( 19 - 19) =      1.54136  eV     1   --> A              
     e( 20 - 20) =      1.82670  eV     1   --> A              
     e( 21 - 21) =      2.04537  eV     1   --> A              
     e( 22 - 22) =      2.74730  eV     1   --> A              

 **************************************************************************

 **************************************************************************

                    xk=(   0.21622,   0.12483,   0.00000  )

     Band symmetry, C_1 (1)     point group:

     e(  1 -  1) =    -61.55581  eV     1   --> A              
     e(  2 -  2) =    -35.81358  eV     1   --> A              
     e(  3 -  3) =    -35.61571  eV     1   --> A              
     e(  4 -  4) =    -35.49584  eV     1   --> A              
     e(  5 -  5) =    -15.89306  eV     1   --> A              
     e(  6 -  6) =    -13.87510  eV     1   --> A              
     e(  7 -  7) =     -7.06249  eV     1   --> A              
     e(  8 -  8) =     -6.39142  eV     1   --> A              
     e(  9 -  9) =     -5.16904  eV     1   --> A              
     e( 10 - 10) =     -4.92747  eV     1   --> A              
     e( 11 - 11) =     -3.81440  eV     1   --> A              
     e( 12 - 12) =     -3.00105  eV     1   --> A              
     e( 13 - 13) =     -2.46146  eV     1   --> A              
     e( 14 - 14) =     -1.65096  eV     1   --> A              
     e( 15 - 15) =     -1.60864  eV     1   --> A              
     e( 16 - 16) =     -1.42741  eV     1   --> A              
     e( 17 - 17) =     -0.73659  eV     1   --> A              
     e( 18 - 18) =     -0.19959  eV     1   --> A              
     e( 19 - 19) =      1.48892  eV     1   --> A              
     e( 20 - 20) =      1.84161  eV     1   --> A              
     e( 21 - 21) =      1.99522  eV     1   --> A              
     e( 22 - 22) =      2.78447  eV     1   --> A              

 **************************************************************************

 **************************************************************************

                    xk=(   0.22973,   0.13263,   0.00000  )

     Band symmetry, C_1 (1)     point group:

     e(  1 -  1) =    -61.55414  eV     1   --> A              
     e(  2 -  2) =    -35.81031  eV     1   --> A              
     e(  3 -  3) =    -35.63198  eV     1   --> A              
     e(  4 -  4) =    -35.49961  eV     1   --> A              
     e(  5 -  5) =    -15.83056  eV     1   --> A              
     e(  6 -  6) =    -13.82633  eV     1   --> A              
     e(  7 -  7) =     -7.01172  eV     1   --> A              
     e(  8 -  8) =     -6.52562  eV     1   --> A              
     e(  9 -  9) =     -5.19002  eV     1   --> A              
     e( 10 - 10) =     -4.96575  eV     1   --> A              
     e( 11 - 11) =     -3.84134  eV     1   --> A              
     e( 12 - 12) =     -2.99910  eV     1   --> A              
     e( 13 - 13) =     -2.48590  eV     1   --> A              
     e( 14 - 14) =     -1.68588  eV     1   --> A              
     e( 15 - 15) =     -1.57477  eV     1   --> A              
     e( 16 - 16) =     -1.45948  eV     1   --> A              
     e( 17 - 17) =     -0.70003  eV     1   --> A              
     e( 18 - 18) =     -0.19129  eV     1   --> A              
     e( 19 - 19) =      1.44391  eV     1   --> A              
     e( 20 - 20) =      1.86580  eV     1   --> A              
     e( 21 - 21) =      1.94507  eV     1   --> A              
     e( 22 - 22) =      2.81842  eV     1   --> A              

 **************************************************************************

 **************************************************************************

                    xk=(   0.24324,   0.14044,   0.00000  )

     Band symmetry, C_1 (1)     point group:

     e(  1 -  1) =    -61.55245  eV     1   --> A              
     e(  2 -  2) =    -35.80701  eV     1   --> A              
     e(  3 -  3) =    -35.64839  eV     1   --> A              
     e(  4 -  4) =    -35.50342  eV     1   --> A              
     e(  5 -  5) =    -15.76632  eV     1   --> A              
     e(  6 -  6) =    -13.77605  eV     1   --> A              
     e(  7 -  7) =     -6.96677  eV     1   --> A              
     e(  8 -  8) =     -6.65658  eV     1   --> A              
     e(  9 -  9) =     -5.21193  eV     1   --> A              
     e( 10 - 10) =     -5.01059  eV     1   --> A              
     e( 11 - 11) =     -3.86243  eV     1   --> A              
     e( 12 - 12) =     -2.99821  eV     1   --> A              
     e( 13 - 13) =     -2.50800  eV     1   --> A              
     e( 14 - 14) =     -1.72328  eV     1   --> A              
     e( 15 - 15) =     -1.54026  eV     1   --> A              
     e( 16 - 16) =     -1.48339  eV     1   --> A              
     e( 17 - 17) =     -0.65705  eV     1   --> A              
     e( 18 - 18) =     -0.18845  eV     1   --> A              
     e( 19 - 19) =      1.40766  eV     1   --> A              
     e( 20 - 20) =      1.89555  eV     1   --> A              
     e( 21 - 21) =      1.89734  eV     1   --> A              
     e( 22 - 22) =      2.84862  eV     1   --> A              

 **************************************************************************

 **************************************************************************

                    xk=(   0.25676,   0.14824,   0.00000  )

     Band symmetry, C_1 (1)     point group:

     e(  1 -  1) =    -61.55076  eV     1   --> A              
     e(  2 -  2) =    -35.80369  eV     1   --> A              
     e(  3 -  3) =    -35.66481  eV     1   --> A              
     e(  4 -  4) =    -35.50724  eV     1   --> A              
     e(  5 -  5) =    -15.70071  eV     1   --> A              
     e(  6 -  6) =    -13.72452  eV     1   --> A              
     e(  7 -  7) =     -6.94133  eV     1   --> A              
     e(  8 -  8) =     -6.77071  eV     1   --> A              
     e(  9 -  9) =     -5.23457  eV     1   --> A              
     e( 10 - 10) =     -5.06048  eV     1   --> A              
     e( 11 - 11) =     -3.87929  eV     1   --> A              
     e( 12 - 12) =     -2.99832  eV     1   --> A              
     e( 13 - 13) =     -2.52793  eV     1   --> A              
     e( 14 - 14) =     -1.75932  eV     1   --> A              
     e( 15 - 15) =     -1.50542  eV     1   --> A              
     e( 16 - 16) =     -1.50025  eV     1   --> A              
     e( 17 - 17) =     -0.60800  eV     1   --> A              
     e( 18 - 18) =     -0.19166  eV     1   --> A              
     e( 19 - 19) =      1.38080  eV     1   --> A              
     e( 20 - 20) =      1.84721  eV     1   --> A              
     e( 21 - 21) =      1.93444  eV     1   --> A              
     e( 22 - 22) =      2.87472  eV     1   --> A              

 **************************************************************************

 **************************************************************************

                    xk=(   0.27027,   0.15604,   0.00000  )

     Band symmetry, C_1 (1)     point group:

     e(  1 -  1) =    -61.54908  eV     1   --> A              
     e(  2 -  2) =    -35.80038  eV     1   --> A              
     e(  3 -  3) =    -35.68113  eV     1   --> A              
     e(  4 -  4) =    -35.51104  eV     1   --> A              
     e(  5 -  5) =    -15.63415  eV     1   --> A              
     e(  6 -  6) =    -13.67206  eV     1   --> A              
     e(  7 -  7) =     -6.99044  eV     1   --> A              
     e(  8 -  8) =     -6.81305  eV     1   --> A              
     e(  9 -  9) =     -5.25771  eV     1   --> A              
     e( 10 - 10) =     -5.11360  eV     1   --> A              
     e( 11 - 11) =     -3.89377  eV     1   --> A              
     e( 12 - 12) =     -2.99937  eV     1   --> A              
     e( 13 - 13) =     -2.54584  eV     1   --> A              
     e( 14 - 14) =     -1.79049  eV     1   --> A              
     e( 15 - 15) =     -1.51097  eV     1   --> A              
     e( 16 - 16) =     -1.47044  eV     1   --> A              
     e( 17 - 17) =     -0.55347  eV     1   --> A              
     e( 18 - 18) =     -0.20119  eV     1   --> A              
     e( 19 - 19) =      1.36337  eV     1   --> A              
     e( 20 - 20) =      1.80057  eV     1   --> A              
     e( 21 - 21) =      1.97529  eV     1   --> A              
     e( 22 - 22) =      2.89652  eV     1   --> A              

 **************************************************************************

 **************************************************************************

                    xk=(   0.28378,   0.16384,   0.00000  )

     Band symmetry, C_1 (1)     point group:

     e(  1 -  1) =    -61.54741  eV     1   --> A              
     e(  2 -  2) =    -35.79711  eV     1   --> A              
     e(  3 -  3) =    -35.69723  eV     1   --> A              
     e(  4 -  4) =    -35.51480  eV     1   --> A              
     e(  5 -  5) =    -15.56708  eV     1   --> A              
     e(  6 -  6) =    -13.61898  eV     1   --> A              
     e(  7 -  7) =     -7.10492  eV     1   --> A              
     e(  8 -  8) =     -6.79288  eV     1   --> A              
     e(  9 -  9) =     -5.28112  eV     1   --> A              
     e( 10 - 10) =     -5.16809  eV     1   --> A              
     e( 11 - 11) =     -3.90771  eV     1   --> A              
     e( 12 - 12) =     -3.00127  eV     1   --> A              
     e( 13 - 13) =     -2.56178  eV     1   --> A              
     e( 14 - 14) =     -1.81411  eV     1   --> A              
     e( 15 - 15) =     -1.51608  eV     1   --> A              
     e( 16 - 16) =     -1.43545  eV     1   --> A              
     e( 17 - 17) =     -0.49429  eV     1   --> A              
     e( 18 - 18) =     -0.21703  eV     1   --> A              
     e( 19 - 19) =      1.35499  eV     1   --> A              
     e( 20 - 20) =      1.75618  eV     1   --> A              
     e( 21 - 21) =      2.01794  eV     1   --> A              
     e( 22 - 22) =      2.91396  eV     1   --> A              

 **************************************************************************

 **************************************************************************

                    xk=(   0.29730,   0.17164,   0.00000  )

     Band symmetry, C_1 (1)     point group:

     e(  1 -  1) =    -61.54577  eV     1   --> A              
     e(  2 -  2) =    -35.79391  eV     1   --> A              
     e(  3 -  3) =    -35.71299  eV     1   --> A              
     e(  4 -  4) =    -35.51849  eV     1   --> A              
     e(  5 -  5) =    -15.49995  eV     1   --> A              
     e(  6 -  6) =    -13.56565  eV     1   --> A              
     e(  7 -  7) =     -7.23139  eV     1   --> A              
     e(  8 -  8) =     -6.76362  eV     1   --> A              
     e(  9 -  9) =     -5.30457  eV     1   --> A              
     e( 10 - 10) =     -5.22213  eV     1   --> A              
     e( 11 - 11) =     -3.92269  eV     1   --> A              
     e( 12 - 12) =     -3.00392  eV     1   --> A              
     e( 13 - 13) =     -2.57567  eV     1   --> A              
     e( 14 - 14) =     -1.82847  eV     1   --> A              
     e( 15 - 15) =     -1.51574  eV     1   --> A              
     e( 16 - 16) =     -1.40053  eV     1   --> A              
     e( 17 - 17) =     -0.43155  eV     1   --> A              
     e( 18 - 18) =     -0.23892  eV     1   --> A              
     e( 19 - 19) =      1.35494  eV     1   --> A              
     e( 20 - 20) =      1.71457  eV     1   --> A              
     e( 21 - 21) =      2.06037  eV     1   --> A              
     e( 22 - 22) =      2.92707  eV     1   --> A              

 **************************************************************************

 **************************************************************************

                    xk=(   0.31081,   0.17945,   0.00000  )

     Band symmetry, C_1 (1)     point group:

     e(  1 -  1) =    -61.54417  eV     1   --> A              
     e(  2 -  2) =    -35.79079  eV     1   --> A              
     e(  3 -  3) =    -35.72830  eV     1   --> A              
     e(  4 -  4) =    -35.52208  eV     1   --> A              
     e(  5 -  5) =    -15.43327  eV     1   --> A              
     e(  6 -  6) =    -13.51243  eV     1   --> A              
     e(  7 -  7) =     -7.35820  eV     1   --> A              
     e(  8 -  8) =     -6.73686  eV     1   --> A              
     e(  9 -  9) =     -5.32781  eV     1   --> A              
     e( 10 - 10) =     -5.27410  eV     1   --> A              
     e( 11 - 11) =     -3.93993  eV     1   --> A              
     e( 12 - 12) =     -3.00723  eV     1   --> A              
     e( 13 - 13) =     -2.58730  eV     1   --> A              
     e( 14 - 14) =     -1.83279  eV     1   --> A              
     e( 15 - 15) =     -1.50991  eV     1   --> A              
     e( 16 - 16) =     -1.36572  eV     1   --> A              
     e( 17 - 17) =     -0.36650  eV     1   --> A              
     e( 18 - 18) =     -0.26642  eV     1   --> A              
     e( 19 - 19) =      1.36223  eV     1   --> A              
     e( 20 - 20) =      1.67627  eV     1   --> A              
     e( 21 - 21) =      2.10043  eV     1   --> A              
     e( 22 - 22) =      2.93599  eV     1   --> A              

 **************************************************************************

 **************************************************************************

                    xk=(   0.32432,   0.18725,   0.00000  )

     Band symmetry, C_1 (1)     point group:

     e(  1 -  1) =    -61.54262  eV     1   --> A              
     e(  2 -  2) =    -35.78780  eV     1   --> A              
     e(  3 -  3) =    -35.74304  eV     1   --> A              
     e(  4 -  4) =    -35.52555  eV     1   --> A              
     e(  5 -  5) =    -15.36757  eV     1   --> A              
     e(  6 -  6) =    -13.45973  eV     1   --> A              
     e(  7 -  7) =     -7.48232  eV     1   --> A              
     e(  8 -  8) =     -6.71536  eV     1   --> A              
     e(  9 -  9) =     -5.35060  eV     1   --> A              
     e( 10 - 10) =     -5.32263  eV     1   --> A              
     e( 11 - 11) =     -3.96015  eV     1   --> A              
     e( 12 - 12) =     -3.01107  eV     1   --> A              
     e( 13 - 13) =     -2.59639  eV     1   --> A              
     e( 14 - 14) =     -1.82704  eV     1   --> A              
     e( 15 - 15) =     -1.49845  eV     1   --> A              
     e( 16 - 16) =     -1.33110  eV     1   --> A              
     e( 17 - 17) =     -0.30051  eV     1   --> A              
     e( 18 - 18) =     -0.29901  eV     1   --> A              
     e( 19 - 19) =      1.37574  eV     1   --> A              
     e( 20 - 20) =      1.64186  eV     1   --> A              
     e( 21 - 21) =      2.13606  eV     1   --> A              
     e( 22 - 22) =      2.94093  eV     1   --> A              

 **************************************************************************

 **************************************************************************

                    xk=(   0.33784,   0.19505,   0.00000  )

     Band symmetry, C_1 (1)     point group:

     e(  1 -  1) =    -61.54115  eV     1   --> A              
     e(  2 -  2) =    -35.78498  eV     1   --> A              
     e(  3 -  3) =    -35.75708  eV     1   --> A              
     e(  4 -  4) =    -35.52887  eV     1   --> A              
     e(  5 -  5) =    -15.30338  eV     1   --> A              
     e(  6 -  6) =    -13.40799  eV     1   --> A              
     e(  7 -  7) =     -7.60228  eV     1   --> A              
     e(  8 -  8) =     -6.70010  eV     1   --> A              
     e(  9 -  9) =     -5.37272  eV     1   --> A              
     e( 10 - 10) =     -5.36664  eV     1   --> A              
     e( 11 - 11) =     -3.98355  eV     1   --> A              
     e( 12 - 12) =     -3.01532  eV     1   --> A              
     e( 13 - 13) =     -2.60273  eV     1   --> A              
     e( 14 - 14) =     -1.81181  eV     1   --> A              
     e( 15 - 15) =     -1.48134  eV     1   --> A              
     e( 16 - 16) =     -1.29678  eV     1   --> A              
     e( 17 - 17) =     -0.33617  eV     1   --> A              
     e( 18 - 18) =     -0.23508  eV     1   --> A              
     e( 19 - 19) =      1.39431  eV     1   --> A              
     e( 20 - 20) =      1.61190  eV     1   --> A              
     e( 21 - 21) =      2.16535  eV     1   --> A              
     e( 22 - 22) =      2.94221  eV     1   --> A              

 **************************************************************************

 **************************************************************************

                    xk=(   0.35135,   0.20285,   0.00000  )

     Band symmetry, C_1 (1)     point group:

     e(  1 -  1) =    -61.53973  eV     1   --> A              
     e(  2 -  2) =    -35.78257  eV     1   --> A              
     e(  3 -  3) =    -35.77011  eV     1   --> A              
     e(  4 -  4) =    -35.53201  eV     1   --> A              
     e(  5 -  5) =    -15.24127  eV     1   --> A              
     e(  6 -  6) =    -13.35766  eV     1   --> A              
     e(  7 -  7) =     -7.71701  eV     1   --> A              
     e(  8 -  8) =     -6.69132  eV     1   --> A              
     e(  9 -  9) =     -5.40541  eV     1   --> A              
     e( 10 - 10) =     -5.39393  eV     1   --> A              
     e( 11 - 11) =     -4.00987  eV     1   --> A              
     e( 12 - 12) =     -3.01984  eV     1   --> A              
     e( 13 - 13) =     -2.60628  eV     1   --> A              
     e( 14 - 14) =     -1.78802  eV     1   --> A              
     e( 15 - 15) =     -1.45871  eV     1   --> A              
     e( 16 - 16) =     -1.26291  eV     1   --> A              
     e( 17 - 17) =     -0.37740  eV     1   --> A              
     e( 18 - 18) =     -0.17166  eV     1   --> A              
     e( 19 - 19) =      1.41682  eV     1   --> A              
     e( 20 - 20) =      1.58691  eV     1   --> A              
     e( 21 - 21) =      2.18682  eV     1   --> A              
     e( 22 - 22) =      2.94018  eV     1   --> A              

 **************************************************************************

 **************************************************************************

                    xk=(   0.36486,   0.21065,   0.00000  )

     Band symmetry, C_1 (1)     point group:

     e(  1 -  1) =    -61.53842  eV     1   --> A              
     e(  2 -  2) =    -35.78465  eV     1   --> A              
     e(  3 -  3) =    -35.77798  eV     1   --> A              
     e(  4 -  4) =    -35.53497  eV     1   --> A              
     e(  5 -  5) =    -15.18183  eV     1   --> A              
     e(  6 -  6) =    -13.30923  eV     1   --> A              
     e(  7 -  7) =     -7.82557  eV     1   --> A              
     e(  8 -  8) =     -6.68876  eV     1   --> A              
     e(  9 -  9) =     -5.43861  eV     1   --> A              
     e( 10 - 10) =     -5.41403  eV     1   --> A              
     e( 11 - 11) =     -4.03847  eV     1   --> A              
     e( 12 - 12) =     -3.02452  eV     1   --> A              
     e( 13 - 13) =     -2.60724  eV     1   --> A              
     e( 14 - 14) =     -1.75676  eV     1   --> A              
     e( 15 - 15) =     -1.43097  eV     1   --> A              
     e( 16 - 16) =     -1.22974  eV     1   --> A              
     e( 17 - 17) =     -0.42226  eV     1   --> A              
     e( 18 - 18) =     -0.11173  eV     1   --> A              
     e( 19 - 19) =      1.44217  eV     1   --> A              
     e( 20 - 20) =      1.56730  eV     1   --> A              
     e( 21 - 21) =      2.19957  eV     1   --> A              
     e( 22 - 22) =      2.93525  eV     1   --> A              

 **************************************************************************

 **************************************************************************

                    xk=(   0.37838,   0.21846,   0.00000  )

     Band symmetry, C_1 (1)     point group:

     e(  1 -  1) =    -61.53719  eV     1   --> A              
     e(  2 -  2) =    -35.79529  eV     1   --> A              
     e(  3 -  3) =    -35.77655  eV     1   --> A              
     e(  4 -  4) =    -35.53771  eV     1   --> A              
     e(  5 -  5) =    -15.12566  eV     1   --> A              
     e(  6 -  6) =    -13.26321  eV     1   --> A              
     e(  7 -  7) =     -7.92710  eV     1   --> A              
     e(  8 -  8) =     -6.69175  eV     1   --> A              
     e(  9 -  9) =     -5.46626  eV     1   --> A              
     e( 10 - 10) =     -5.43282  eV     1   --> A              
     e( 11 - 11) =     -4.06843  eV     1   --> A              
     e( 12 - 12) =     -3.02922  eV     1   --> A              
     e( 13 - 13) =     -2.60601  eV     1   --> A              
     e( 14 - 14) =     -1.71912  eV     1   --> A              
     e( 15 - 15) =     -1.39886  eV     1   --> A              
     e( 16 - 16) =     -1.19759  eV     1   --> A              
     e( 17 - 17) =     -0.47034  eV     1   --> A              
     e( 18 - 18) =     -0.05656  eV     1   --> A              
     e( 19 - 19) =      1.46937  eV     1   --> A              
     e( 20 - 20) =      1.55335  eV     1   --> A              
     e( 21 - 21) =      2.20347  eV     1   --> A              
     e( 22 - 22) =      2.92790  eV     1   --> A              

 **************************************************************************

 **************************************************************************

                    xk=(   0.39189,   0.22626,   0.00000  )

     Band symmetry, C_1 (1)     point group:

     e(  1 -  1) =    -61.53607  eV     1   --> A              
     e(  2 -  2) =    -35.80575  eV     1   --> A              
     e(  3 -  3) =    -35.77450  eV     1   --> A              
     e(  4 -  4) =    -35.54021  eV     1   --> A              
     e(  5 -  5) =    -15.07335  eV     1   --> A              
     e(  6 -  6) =    -13.22011  eV     1   --> A              
     e(  7 -  7) =     -8.02076  eV     1   --> A              
     e(  8 -  8) =     -6.69928  eV     1   --> A              
     e(  9 -  9) =     -5.48867  eV     1   --> A              
     e( 10 - 10) =     -5.45013  eV     1   --> A              
     e( 11 - 11) =     -4.09872  eV     1   --> A              
     e( 12 - 12) =     -3.03382  eV     1   --> A              
     e( 13 - 13) =     -2.60310  eV     1   --> A              
     e( 14 - 14) =     -1.67614  eV     1   --> A              
     e( 15 - 15) =     -1.36349  eV     1   --> A              
     e( 16 - 16) =     -1.16684  eV     1   --> A              
     e( 17 - 17) =     -0.52125  eV     1   --> A              
     e( 18 - 18) =     -0.00723  eV     1   --> A              
     e( 19 - 19) =      1.49749  eV     1   --> A              
     e( 20 - 20) =      1.54503  eV     1   --> A              
     e( 21 - 21) =      2.19915  eV     1   --> A              
     e( 22 - 22) =      2.91865  eV     1   --> A              

 **************************************************************************

 **************************************************************************

                    xk=(   0.40541,   0.23406,   0.00000  )

     Band symmetry, C_1 (1)     point group:

     e(  1 -  1) =    -61.53507  eV     1   --> A              
     e(  2 -  2) =    -35.81522  eV     1   --> A              
     e(  3 -  3) =    -35.77258  eV     1   --> A              
     e(  4 -  4) =    -35.54247  eV     1   --> A              
     e(  5 -  5) =    -15.02549  eV     1   --> A              
     e(  6 -  6) =    -13.18046  eV     1   --> A              
     e(  7 -  7) =     -8.10574  eV     1   --> A              
     e(  8 -  8) =     -6.71010  eV     1   --> A              
     e(  9 -  9) =     -5.50638  eV     1   --> A              
     e( 10 - 10) =     -5.46579  eV     1   --> A              
     e( 11 - 11) =     -4.12825  eV     1   --> A              
     e( 12 - 12) =     -3.03819  eV     1   --> A              
     e( 13 - 13) =     -2.59911  eV     1   --> A              
     e( 14 - 14) =     -1.62884  eV     1   --> A              
     e( 15 - 15) =     -1.32623  eV     1   --> A              
     e( 16 - 16) =     -1.13793  eV     1   --> A              
     e( 17 - 17) =     -0.57452  eV     1   --> A              
     e( 18 - 18) =      0.03552  eV     1   --> A              
     e( 19 - 19) =      1.52569  eV     1   --> A              
     e( 20 - 20) =      1.54203  eV     1   --> A              
     e( 21 - 21) =      2.18797  eV     1   --> A              
     e( 22 - 22) =      2.90810  eV     1   --> A              

 **************************************************************************

 **************************************************************************

                    xk=(   0.41892,   0.24186,   0.00000  )

     Band symmetry, C_1 (1)     point group:

     e(  1 -  1) =    -61.53418  eV     1   --> A              
     e(  2 -  2) =    -35.82359  eV     1   --> A              
     e(  3 -  3) =    -35.77086  eV     1   --> A              
     e(  4 -  4) =    -35.54445  eV     1   --> A              
     e(  5 -  5) =    -14.98266  eV     1   --> A              
     e(  6 -  6) =    -13.14478  eV     1   --> A              
     e(  7 -  7) =     -8.18126  eV     1   --> A              
     e(  8 -  8) =     -6.72288  eV     1   --> A              
     e(  9 -  9) =     -5.52004  eV     1   --> A              
     e( 10 - 10) =     -5.47965  eV     1   --> A              
     e( 11 - 11) =     -4.15600  eV     1   --> A              
     e( 12 - 12) =     -3.04222  eV     1   --> A              
     e( 13 - 13) =     -2.59460  eV     1   --> A              
     e( 14 - 14) =     -1.57835  eV     1   --> A              
     e( 15 - 15) =     -1.28868  eV     1   --> A              
     e( 16 - 16) =     -1.11136  eV     1   --> A              
     e( 17 - 17) =     -0.62955  eV     1   --> A              
     e( 18 - 18) =      0.07133  eV     1   --> A              
     e( 19 - 19) =      1.54363  eV     1   --> A              
     e( 20 - 20) =      1.55317  eV     1   --> A              
     e( 21 - 21) =      2.17172  eV     1   --> A              
     e( 22 - 22) =      2.89688  eV     1   --> A              

 **************************************************************************

 **************************************************************************

                    xk=(   0.43243,   0.24967,   0.00000  )

     Band symmetry, C_1 (1)     point group:

     e(  1 -  1) =    -61.53341  eV     1   --> A              
     e(  2 -  2) =    -35.83078  eV     1   --> A              
     e(  3 -  3) =    -35.76937  eV     1   --> A              
     e(  4 -  4) =    -35.54616  eV     1   --> A              
     e(  5 -  5) =    -14.94538  eV     1   --> A              
     e(  6 -  6) =    -13.11357  eV     1   --> A              
     e(  7 -  7) =     -8.24659  eV     1   --> A              
     e(  8 -  8) =     -6.73629  eV     1   --> A              
     e(  9 -  9) =     -5.53032  eV     1   --> A              
     e( 10 - 10) =     -5.49160  eV     1   --> A              
     e( 11 - 11) =     -4.18104  eV     1   --> A              
     e( 12 - 12) =     -3.04582  eV     1   --> A              
     e( 13 - 13) =     -2.59007  eV     1   --> A              
     e( 14 - 14) =     -1.52605  eV     1   --> A              
     e( 15 - 15) =     -1.25248  eV     1   --> A              
     e( 16 - 16) =     -1.08765  eV     1   --> A              
     e( 17 - 17) =     -0.68543  eV     1   --> A              
     e( 18 - 18) =      0.10024  eV     1   --> A              
     e( 19 - 19) =      1.54872  eV     1   --> A              
     e( 20 - 20) =      1.57910  eV     1   --> A              
     e( 21 - 21) =      2.15251  eV     1   --> A              
     e( 22 - 22) =      2.88568  eV     1   --> A              

 **************************************************************************

 **************************************************************************

                    xk=(   0.44595,   0.25747,   0.00000  )

     Band symmetry, C_1 (1)     point group:

     e(  1 -  1) =    -61.53278  eV     1   --> A              
     e(  2 -  2) =    -35.83673  eV     1   --> A              
     e(  3 -  3) =    -35.76814  eV     1   --> A              
     e(  4 -  4) =    -35.54757  eV     1   --> A              
     e(  5 -  5) =    -14.91415  eV     1   --> A              
     e(  6 -  6) =    -13.08730  eV     1   --> A              
     e(  7 -  7) =     -8.30107  eV     1   --> A              
     e(  8 -  8) =     -6.74908  eV     1   --> A              
     e(  9 -  9) =     -5.53785  eV     1   --> A              
     e( 10 - 10) =     -5.50152  eV     1   --> A              
     e( 11 - 11) =     -4.20260  eV     1   --> A              
     e( 12 - 12) =     -3.04889  eV     1   --> A              
     e( 13 - 13) =     -2.58590  eV     1   --> A              
     e( 14 - 14) =     -1.47387  eV     1   --> A              
     e( 15 - 15) =     -1.21921  eV     1   --> A              
     e( 16 - 16) =     -1.06733  eV     1   --> A              
     e( 17 - 17) =     -0.74076  eV     1   --> A              
     e( 18 - 18) =      0.12260  eV     1   --> A              
     e( 19 - 19) =      1.55592  eV     1   --> A              
     e( 20 - 20) =      1.60260  eV     1   --> A              
     e( 21 - 21) =      2.13251  eV     1   --> A              
     e( 22 - 22) =      2.87518  eV     1   --> A              

 **************************************************************************

 **************************************************************************

                    xk=(   0.45946,   0.26527,   0.00000  )

     Band symmetry, C_1 (1)     point group:

     e(  1 -  1) =    -61.53228  eV     1   --> A              
     e(  2 -  2) =    -35.84140  eV     1   --> A              
     e(  3 -  3) =    -35.76716  eV     1   --> A              
     e(  4 -  4) =    -35.54868  eV     1   --> A              
     e(  5 -  5) =    -14.88938  eV     1   --> A              
     e(  6 -  6) =    -13.06638  eV     1   --> A              
     e(  7 -  7) =     -8.34411  eV     1   --> A              
     e(  8 -  8) =     -6.76019  eV     1   --> A              
     e(  9 -  9) =     -5.54315  eV     1   --> A              
     e( 10 - 10) =     -5.50932  eV     1   --> A              
     e( 11 - 11) =     -4.22001  eV     1   --> A              
     e( 12 - 12) =     -3.05135  eV     1   --> A              
     e( 13 - 13) =     -2.58239  eV     1   --> A              
     e( 14 - 14) =     -1.42463  eV     1   --> A              
     e( 15 - 15) =     -1.19027  eV     1   --> A              
     e( 16 - 16) =     -1.05090  eV     1   --> A              
     e( 17 - 17) =     -0.79325  eV     1   --> A              
     e( 18 - 18) =      0.13900  eV     1   --> A              
     e( 19 - 19) =      1.56370  eV     1   --> A              
     e( 20 - 20) =      1.62267  eV     1   --> A              
     e( 21 - 21) =      2.11389  eV     1   --> A              
     e( 22 - 22) =      2.86609  eV     1   --> A              

 **************************************************************************

 **************************************************************************

                    xk=(   0.47297,   0.27307,   0.00000  )

     Band symmetry, C_1 (1)     point group:

     e(  1 -  1) =    -61.53192  eV     1   --> A              
     e(  2 -  2) =    -35.84476  eV     1   --> A              
     e(  3 -  3) =    -35.76646  eV     1   --> A              
     e(  4 -  4) =    -35.54948  eV     1   --> A              
     e(  5 -  5) =    -14.87143  eV     1   --> A              
     e(  6 -  6) =    -13.05118  eV     1   --> A              
     e(  7 -  7) =     -8.37522  eV     1   --> A              
     e(  8 -  8) =     -6.76875  eV     1   --> A              
     e(  9 -  9) =     -5.54665  eV     1   --> A              
     e( 10 - 10) =     -5.51495  eV     1   --> A              
     e( 11 - 11) =     -4.23280  eV     1   --> A              
     e( 12 - 12) =     -3.05315  eV     1   --> A              
     e( 13 - 13) =     -2.57976  eV     1   --> A              
     e( 14 - 14) =     -1.38255  eV     1   --> A              
     e( 15 - 15) =     -1.16693  eV     1   --> A              
     e( 16 - 16) =     -1.03882  eV     1   --> A              
     e( 17 - 17) =     -0.83904  eV     1   --> A              
     e( 18 - 18) =      0.15010  eV     1   --> A              
     e( 19 - 19) =      1.57053  eV     1   --> A              
     e( 20 - 20) =      1.63822  eV     1   --> A              
     e( 21 - 21) =      2.09871  eV     1   --> A              
     e( 22 - 22) =      2.85906  eV     1   --> A              

 **************************************************************************

 **************************************************************************

                    xk=(   0.48649,   0.28087,   0.00000  )

     Band symmetry, C_1 (1)     point group:

     e(  1 -  1) =    -61.53171  eV     1   --> A              
     e(  2 -  2) =    -35.84678  eV     1   --> A              
     e(  3 -  3) =    -35.76604  eV     1   --> A              
     e(  4 -  4) =    -35.54996  eV     1   --> A              
     e(  5 -  5) =    -14.86055  eV     1   --> A              
     e(  6 -  6) =    -13.04195  eV     1   --> A              
     e(  7 -  7) =     -8.39403  eV     1   --> A              
     e(  8 -  8) =     -6.77414  eV     1   --> A              
     e(  9 -  9) =     -5.54863  eV     1   --> A              
     e( 10 - 10) =     -5.51834  eV     1   --> A              
     e( 11 - 11) =     -4.24061  eV     1   --> A              
     e( 12 - 12) =     -3.05425  eV     1   --> A              
     e( 13 - 13) =     -2.57814  eV     1   --> A              
     e( 14 - 14) =     -1.35330  eV     1   --> A              
     e( 15 - 15) =     -1.15096  eV     1   --> A              
     e( 16 - 16) =     -1.03142  eV     1   --> A              
     e( 17 - 17) =     -0.87196  eV     1   --> A              
     e( 18 - 18) =      0.15648  eV     1   --> A              
     e( 19 - 19) =      1.57518  eV     1   --> A              
     e( 20 - 20) =      1.64813  eV     1   --> A              
     e( 21 - 21) =      2.08874  eV     1   --> A              
     e( 22 - 22) =      2.85461  eV     1   --> A              

 **************************************************************************

 **************************************************************************

                    xk=(   0.50000,   0.28868,   0.00000  )

     Band symmetry, C_1 (1)     point group:

     e(  1 -  1) =    -61.53164  eV     1   --> A              
     e(  2 -  2) =    -35.84746  eV     1   --> A              
     e(  3 -  3) =    -35.76590  eV     1   --> A              
     e(  4 -  4) =    -35.55012  eV     1   --> A              
     e(  5 -  5) =    -14.85691  eV     1   --> A              
     e(  6 -  6) =    -13.03885  eV     1   --> A              
     e(  7 -  7) =     -8.40033  eV     1   --> A              
     e(  8 -  8) =     -6.77598  eV     1   --> A              
     e(  9 -  9) =     -5.54927  eV     1   --> A              
     e( 10 - 10) =     -5.51948  eV     1   --> A              
     e( 11 - 11) =     -4.24324  eV     1   --> A              
     e( 12 - 12) =     -3.05462  eV     1   --> A              
     e( 13 - 13) =     -2.57759  eV     1   --> A              
     e( 14 - 14) =     -1.34268  eV     1   --> A              
     e( 15 - 15) =     -1.14506  eV     1   --> A              
     e( 16 - 16) =     -1.02893  eV     1   --> A              
     e( 17 - 17) =     -0.88429  eV     1   --> A              
     e( 18 - 18) =      0.15856  eV     1   --> A              
     e( 19 - 19) =      1.57683  eV     1   --> A              
     e( 20 - 20) =      1.65155  eV     1   --> A              
     e( 21 - 21) =      2.08526  eV     1   --> A              
     e( 22 - 22) =      2.85308  eV     1   --> A              

 **************************************************************************

 **************************************************************************

                    xk=(   0.49383,   0.29937,   0.00000  )

     Band symmetry, C_1 (1)     point group:

     e(  1 -  1) =    -61.53162  eV     1   --> A              
     e(  2 -  2) =    -35.84727  eV     1   --> A              
     e(  3 -  3) =    -35.76587  eV     1   --> A              
     e(  4 -  4) =    -35.55049  eV     1   --> A              
     e(  5 -  5) =    -14.85629  eV     1   --> A              
     e(  6 -  6) =    -13.03821  eV     1   --> A              
     e(  7 -  7) =     -8.39895  eV     1   --> A              
     e(  8 -  8) =     -6.77470  eV     1   --> A              
     e(  9 -  9) =     -5.57710  eV     1   --> A              
     e( 10 - 10) =     -5.49519  eV     1   --> A              
     e( 11 - 11) =     -4.24350  eV     1   --> A              
     e( 12 - 12) =     -3.05932  eV     1   --> A              
     e( 13 - 13) =     -2.57471  eV     1   --> A              
     e( 14 - 14) =     -1.34570  eV     1   --> A              
     e( 15 - 15) =     -1.14715  eV     1   --> A              
     e( 16 - 16) =     -1.02559  eV     1   --> A              
     e( 17 - 17) =     -0.88440  eV     1   --> A              
     e( 18 - 18) =      0.15769  eV     1   --> A              
     e( 19 - 19) =      1.56577  eV     1   --> A              
     e( 20 - 20) =      1.66568  eV     1   --> A              
     e( 21 - 21) =      2.08650  eV     1   --> A              
     e( 22 - 22) =      2.84636  eV     1   --> A              

 **************************************************************************

 **************************************************************************

                    xk=(   0.48765,   0.31006,   0.00000  )

     Band symmetry, C_1 (1)     point group:

     e(  1 -  1) =    -61.53157  eV     1   --> A              
     e(  2 -  2) =    -35.84673  eV     1   --> A              
     e(  3 -  3) =    -35.76578  eV     1   --> A              
     e(  4 -  4) =    -35.55160  eV     1   --> A              
     e(  5 -  5) =    -14.85445  eV     1   --> A              
     e(  6 -  6) =    -13.03631  eV     1   --> A              
     e(  7 -  7) =     -8.39480  eV     1   --> A              
     e(  8 -  8) =     -6.77089  eV     1   --> A              
     e(  9 -  9) =     -5.61910  eV     1   --> A              
     e( 10 - 10) =     -5.46381  eV     1   --> A              
     e( 11 - 11) =     -4.24429  eV     1   --> A              
     e( 12 - 12) =     -3.07304  eV     1   --> A              
     e( 13 - 13) =     -2.56640  eV     1   --> A              
     e( 14 - 14) =     -1.35430  eV     1   --> A              
     e( 15 - 15) =     -1.15327  eV     1   --> A              
     e( 16 - 16) =     -1.01659  eV     1   --> A              
     e( 17 - 17) =     -0.88429  eV     1   --> A              
     e( 18 - 18) =      0.15513  eV     1   --> A              
     e( 19 - 19) =      1.54451  eV     1   --> A              
     e( 20 - 20) =      1.69582  eV     1   --> A              
     e( 21 - 21) =      2.09048  eV     1   --> A              
     e( 22 - 22) =      2.82661  eV     1   --> A              

 **************************************************************************

 **************************************************************************

                    xk=(   0.48148,   0.32075,   0.00000  )

     Band symmetry, C_1 (1)     point group:

     e(  1 -  1) =    -61.53150  eV     1   --> A              
     e(  2 -  2) =    -35.84583  eV     1   --> A              
     e(  3 -  3) =    -35.76564  eV     1   --> A              
     e(  4 -  4) =    -35.55345  eV     1   --> A              
     e(  5 -  5) =    -14.85139  eV     1   --> A              
     e(  6 -  6) =    -13.03315  eV     1   --> A              
     e(  7 -  7) =     -8.38790  eV     1   --> A              
     e(  8 -  8) =     -6.76463  eV     1   --> A              
     e(  9 -  9) =     -5.66526  eV     1   --> A              
     e( 10 - 10) =     -5.43521  eV     1   --> A              
     e( 11 - 11) =     -4.24567  eV     1   --> A              
     e( 12 - 12) =     -3.09476  eV     1   --> A              
     e( 13 - 13) =     -2.55347  eV     1   --> A              
     e( 14 - 14) =     -1.36732  eV     1   --> A              
     e( 15 - 15) =     -1.16308  eV     1   --> A              
     e( 16 - 16) =     -1.00475  eV     1   --> A              
     e( 17 - 17) =     -0.88245  eV     1   --> A              
     e( 18 - 18) =      0.15096  eV     1   --> A              
     e( 19 - 19) =      1.52279  eV     1   --> A              
     e( 20 - 20) =      1.73103  eV     1   --> A              
     e( 21 - 21) =      2.09803  eV     1   --> A              
     e( 22 - 22) =      2.79493  eV     1   --> A              

 **************************************************************************

 **************************************************************************

                    xk=(   0.47531,   0.33144,   0.00000  )

     Band symmetry, C_1 (1)     point group:

     e(  1 -  1) =    -61.53140  eV     1   --> A              
     e(  2 -  2) =    -35.84456  eV     1   --> A              
     e(  3 -  3) =    -35.76544  eV     1   --> A              
     e(  4 -  4) =    -35.55602  eV     1   --> A              
     e(  5 -  5) =    -14.84715  eV     1   --> A              
     e(  6 -  6) =    -13.02877  eV     1   --> A              
     e(  7 -  7) =     -8.37830  eV     1   --> A              
     e(  8 -  8) =     -6.75607  eV     1   --> A              
     e(  9 -  9) =     -5.71471  eV     1   --> A              
     e( 10 - 10) =     -5.41008  eV     1   --> A              
     e( 11 - 11) =     -4.24771  eV     1   --> A              
     e( 12 - 12) =     -3.12311  eV     1   --> A              
     e( 13 - 13) =     -2.53694  eV     1   --> A              
     e( 14 - 14) =     -1.38339  eV     1   --> A              
     e( 15 - 15) =     -1.17623  eV     1   --> A              
     e( 16 - 16) =     -0.99430  eV     1   --> A              
     e( 17 - 17) =     -0.87608  eV     1   --> A              
     e( 18 - 18) =      0.14536  eV     1   --> A              
     e( 19 - 19) =      1.50311  eV     1   --> A              
     e( 20 - 20) =      1.76680  eV     1   --> A              
     e( 21 - 21) =      2.11064  eV     1   --> A              
     e( 22 - 22) =      2.75306  eV     1   --> A              

 **************************************************************************

 **************************************************************************

                    xk=(   0.46914,   0.34213,   0.00000  )

     Band symmetry, C_1 (1)     point group:

     e(  1 -  1) =    -61.53127  eV     1   --> A              
     e(  2 -  2) =    -35.84294  eV     1   --> A              
     e(  3 -  3) =    -35.76518  eV     1   --> A              
     e(  4 -  4) =    -35.55930  eV     1   --> A              
     e(  5 -  5) =    -14.84176  eV     1   --> A              
     e(  6 -  6) =    -13.02321  eV     1   --> A              
     e(  7 -  7) =     -8.36602  eV     1   --> A              
     e(  8 -  8) =     -6.74541  eV     1   --> A              
     e(  9 -  9) =     -5.76700  eV     1   --> A              
     e( 10 - 10) =     -5.38859  eV     1   --> A              
     e( 11 - 11) =     -4.25052  eV     1   --> A              
     e( 12 - 12) =     -3.15666  eV     1   --> A              
     e( 13 - 13) =     -2.51780  eV     1   --> A              
     e( 14 - 14) =     -1.40129  eV     1   --> A              
     e( 15 - 15) =     -1.19240  eV     1   --> A              
     e( 16 - 16) =     -0.98956  eV     1   --> A              
     e( 17 - 17) =     -0.86201  eV     1   --> A              
     e( 18 - 18) =      0.13855  eV     1   --> A              
     e( 19 - 19) =      1.48597  eV     1   --> A              
     e( 20 - 20) =      1.79963  eV     1   --> A              
     e( 21 - 21) =      2.13043  eV     1   --> A              
     e( 22 - 22) =      2.70311  eV     1   --> A              

 **************************************************************************

 **************************************************************************

                    xk=(   0.46296,   0.35283,   0.00000  )

     Band symmetry, C_1 (1)     point group:

     e(  1 -  1) =    -61.53111  eV     1   --> A              
     e(  2 -  2) =    -35.84097  eV     1   --> A              
     e(  3 -  3) =    -35.76488  eV     1   --> A              
     e(  4 -  4) =    -35.56326  eV     1   --> A              
     e(  5 -  5) =    -14.83527  eV     1   --> A              
     e(  6 -  6) =    -13.01652  eV     1   --> A              
     e(  7 -  7) =     -8.35112  eV     1   --> A              
     e(  8 -  8) =     -6.73295  eV     1   --> A              
     e(  9 -  9) =     -5.82167  eV     1   --> A              
     e( 10 - 10) =     -5.37080  eV     1   --> A              
     e( 11 - 11) =     -4.25425  eV     1   --> A              
     e( 12 - 12) =     -3.19403  eV     1   --> A              
     e( 13 - 13) =     -2.49686  eV     1   --> A              
     e( 14 - 14) =     -1.42003  eV     1   --> A              
     e( 15 - 15) =     -1.21122  eV     1   --> A              
     e( 16 - 16) =     -0.99237  eV     1   --> A              
     e( 17 - 17) =     -0.83925  eV     1   --> A              
     e( 18 - 18) =      0.13082  eV     1   --> A              
     e( 19 - 19) =      1.47127  eV     1   --> A              
     e( 20 - 20) =      1.82617  eV     1   --> A              
     e( 21 - 21) =      2.15968  eV     1   --> A              
     e( 22 - 22) =      2.64752  eV     1   --> A              

 **************************************************************************

 **************************************************************************

                    xk=(   0.45679,   0.36352,   0.00000  )

     Band symmetry, C_1 (1)     point group:

     e(  1 -  1) =    -61.53093  eV     1   --> A              
     e(  2 -  2) =    -35.83866  eV     1   --> A              
     e(  3 -  3) =    -35.76453  eV     1   --> A              
     e(  4 -  4) =    -35.56786  eV     1   --> A              
     e(  5 -  5) =    -14.82774  eV     1   --> A              
     e(  6 -  6) =    -13.00877  eV     1   --> A              
     e(  7 -  7) =     -8.33368  eV     1   --> A              
     e(  8 -  8) =     -6.71913  eV     1   --> A              
     e(  9 -  9) =     -5.87817  eV     1   --> A              
     e( 10 - 10) =     -5.35676  eV     1   --> A              
     e( 11 - 11) =     -4.25905  eV     1   --> A              
     e( 12 - 12) =     -3.23396  eV     1   --> A              
     e( 13 - 13) =     -2.47472  eV     1   --> A              
     e( 14 - 14) =     -1.43890  eV     1   --> A              
     e( 15 - 15) =     -1.23226  eV     1   --> A              
     e( 16 - 16) =     -1.00172  eV     1   --> A              
     e( 17 - 17) =     -0.80939  eV     1   --> A              
     e( 18 - 18) =      0.12250  eV     1   --> A              
     e( 19 - 19) =      1.45863  eV     1   --> A              
     e( 20 - 20) =      1.84380  eV     1   --> A              
     e( 21 - 21) =      2.19965  eV     1   --> A              
     e( 22 - 22) =      2.58913  eV     1   --> A              

 **************************************************************************

 **************************************************************************

                    xk=(   0.45062,   0.37421,   0.00000  )

     Band symmetry, C_1 (1)     point group:

     e(  1 -  1) =    -61.53073  eV     1   --> A              
     e(  2 -  2) =    -35.83600  eV     1   --> A              
     e(  3 -  3) =    -35.76413  eV     1   --> A              
     e(  4 -  4) =    -35.57309  eV     1   --> A              
     e(  5 -  5) =    -14.81923  eV     1   --> A              
     e(  6 -  6) =    -13.00003  eV     1   --> A              
     e(  7 -  7) =     -8.31377  eV     1   --> A              
     e(  8 -  8) =     -6.70452  eV     1   --> A              
     e(  9 -  9) =     -5.93577  eV     1   --> A              
     e( 10 - 10) =     -5.34649  eV     1   --> A              
     e( 11 - 11) =     -4.26510  eV     1   --> A              
     e( 12 - 12) =     -3.27531  eV     1   --> A              
     e( 13 - 13) =     -2.45185  eV     1   --> A              
     e( 14 - 14) =     -1.45738  eV     1   --> A              
     e( 15 - 15) =     -1.25504  eV     1   --> A              
     e( 16 - 16) =     -1.01585  eV     1   --> A              
     e( 17 - 17) =     -0.77456  eV     1   --> A              
     e( 18 - 18) =      0.11396  eV     1   --> A              
     e( 19 - 19) =      1.44749  eV     1   --> A              
     e( 20 - 20) =      1.85138  eV     1   --> A              
     e( 21 - 21) =      2.24917  eV     1   --> A              
     e( 22 - 22) =      2.53167  eV     1   --> A              

 **************************************************************************

 **************************************************************************

                    xk=(   0.44444,   0.38490,   0.00000  )

     Band symmetry, C_1 (1)     point group:

     e(  1 -  1) =    -61.53050  eV     1   --> A              
     e(  2 -  2) =    -35.83302  eV     1   --> A              
     e(  3 -  3) =    -35.76369  eV     1   --> A              
     e(  4 -  4) =    -35.57891  eV     1   --> A              
     e(  5 -  5) =    -14.80983  eV     1   --> A              
     e(  6 -  6) =    -12.99039  eV     1   --> A              
     e(  7 -  7) =     -8.29150  eV     1   --> A              
     e(  8 -  8) =     -6.68995  eV     1   --> A              
     e(  9 -  9) =     -5.99351  eV     1   --> A              
     e( 10 - 10) =     -5.34002  eV     1   --> A              
     e( 11 - 11) =     -4.27257  eV     1   --> A              
     e( 12 - 12) =     -3.31700  eV     1   --> A              
     e( 13 - 13) =     -2.42856  eV     1   --> A              
     e( 14 - 14) =     -1.47509  eV     1   --> A              
     e( 15 - 15) =     -1.27902  eV     1   --> A              
     e( 16 - 16) =     -1.03346  eV     1   --> A              
     e( 17 - 17) =     -0.73633  eV     1   --> A              
     e( 18 - 18) =      0.10560  eV     1   --> A              
     e( 19 - 19) =      1.43718  eV     1   --> A              
     e( 20 - 20) =      1.84897  eV     1   --> A              
     e( 21 - 21) =      2.30224  eV     1   --> A              
     e( 22 - 22) =      2.48235  eV     1   --> A              

 **************************************************************************

 **************************************************************************

                    xk=(   0.43827,   0.39559,   0.00000  )

     Band symmetry, C_1 (1)     point group:

     e(  1 -  1) =    -61.53026  eV     1   --> A              
     e(  2 -  2) =    -35.82971  eV     1   --> A              
     e(  3 -  3) =    -35.76322  eV     1   --> A              
     e(  4 -  4) =    -35.58527  eV     1   --> A              
     e(  5 -  5) =    -14.79963  eV     1   --> A              
     e(  6 -  6) =    -12.97995  eV     1   --> A              
     e(  7 -  7) =     -8.26698  eV     1   --> A              
     e(  8 -  8) =     -6.67659  eV     1   --> A              
     e(  9 -  9) =     -6.05008  eV     1   --> A              
     e( 10 - 10) =     -5.33736  eV     1   --> A              
     e( 11 - 11) =     -4.28162  eV     1   --> A              
     e( 12 - 12) =     -3.35811  eV     1   --> A              
     e( 13 - 13) =     -2.40511  eV     1   --> A              
     e( 14 - 14) =     -1.49173  eV     1   --> A              
     e( 15 - 15) =     -1.30362  eV     1   --> A              
     e( 16 - 16) =     -1.05370  eV     1   --> A              
     e( 17 - 17) =     -0.69571  eV     1   --> A              
     e( 18 - 18) =      0.09783  eV     1   --> A              
     e( 19 - 19) =      1.42697  eV     1   --> A              
     e( 20 - 20) =      1.83692  eV     1   --> A              
     e( 21 - 21) =      2.33608  eV     1   --> A              
     e( 22 - 22) =      2.46469  eV     1   --> A              

 **************************************************************************

 **************************************************************************

                    xk=(   0.43210,   0.40628,   0.00000  )

     Band symmetry, C_1 (1)     point group:

     e(  1 -  1) =    -61.53001  eV     1   --> A              
     e(  2 -  2) =    -35.82608  eV     1   --> A              
     e(  3 -  3) =    -35.76272  eV     1   --> A              
     e(  4 -  4) =    -35.59212  eV     1   --> A              
     e(  5 -  5) =    -14.78872  eV     1   --> A              
     e(  6 -  6) =    -12.96881  eV     1   --> A              
     e(  7 -  7) =     -8.24033  eV     1   --> A              
     e(  8 -  8) =     -6.66609  eV     1   --> A              
     e(  9 -  9) =     -6.10367  eV     1   --> A              
     e( 10 - 10) =     -5.33851  eV     1   --> A              
     e( 11 - 11) =     -4.29234  eV     1   --> A              
     e( 12 - 12) =     -3.39780  eV     1   --> A              
     e( 13 - 13) =     -2.38169  eV     1   --> A              
     e( 14 - 14) =     -1.50711  eV     1   --> A              
     e( 15 - 15) =     -1.32824  eV     1   --> A              
     e( 16 - 16) =     -1.07598  eV     1   --> A              
     e( 17 - 17) =     -0.65344  eV     1   --> A              
     e( 18 - 18) =      0.09106  eV     1   --> A              
     e( 19 - 19) =      1.41613  eV     1   --> A              
     e( 20 - 20) =      1.81545  eV     1   --> A              
     e( 21 - 21) =      2.32181  eV     1   --> A              
     e( 22 - 22) =      2.50833  eV     1   --> A              

 **************************************************************************

 **************************************************************************

                    xk=(   0.42593,   0.41698,   0.00000  )

     Band symmetry, C_1 (1)     point group:

     e(  1 -  1) =    -61.52974  eV     1   --> A              
     e(  2 -  2) =    -35.82216  eV     1   --> A              
     e(  3 -  3) =    -35.76220  eV     1   --> A              
     e(  4 -  4) =    -35.59943  eV     1   --> A              
     e(  5 -  5) =    -14.77723  eV     1   --> A              
     e(  6 -  6) =    -12.95709  eV     1   --> A              
     e(  7 -  7) =     -8.21171  eV     1   --> A              
     e(  8 -  8) =     -6.66073  eV     1   --> A              
     e(  9 -  9) =     -6.15185  eV     1   --> A              
     e( 10 - 10) =     -5.34342  eV     1   --> A              
     e( 11 - 11) =     -4.30475  eV     1   --> A              
     e( 12 - 12) =     -3.43540  eV     1   --> A              
     e( 13 - 13) =     -2.35848  eV     1   --> A              
     e( 14 - 14) =     -1.52106  eV     1   --> A              
     e( 15 - 15) =     -1.35228  eV     1   --> A              
     e( 16 - 16) =     -1.09986  eV     1   --> A              
     e( 17 - 17) =     -0.61005  eV     1   --> A              
     e( 18 - 18) =      0.08568  eV     1   --> A              
     e( 19 - 19) =      1.40397  eV     1   --> A              
     e( 20 - 20) =      1.78477  eV     1   --> A              
     e( 21 - 21) =      2.29007  eV     1   --> A              
     e( 22 - 22) =      2.58316  eV     1   --> A              

 **************************************************************************

 **************************************************************************

                    xk=(   0.41975,   0.42767,   0.00000  )

     Band symmetry, C_1 (1)     point group:

     e(  1 -  1) =    -61.52946  eV     1   --> A              
     e(  2 -  2) =    -35.81794  eV     1   --> A              
     e(  3 -  3) =    -35.76165  eV     1   --> A              
     e(  4 -  4) =    -35.60714  eV     1   --> A              
     e(  5 -  5) =    -14.76526  eV     1   --> A              
     e(  6 -  6) =    -12.94493  eV     1   --> A              
     e(  7 -  7) =     -8.18129  eV     1   --> A              
     e(  8 -  8) =     -6.66333  eV     1   --> A              
     e(  9 -  9) =     -6.19166  eV     1   --> A              
     e( 10 - 10) =     -5.35197  eV     1   --> A              
     e( 11 - 11) =     -4.31873  eV     1   --> A              
     e( 12 - 12) =     -3.47041  eV     1   --> A              
     e( 13 - 13) =     -2.33564  eV     1   --> A              
     e( 14 - 14) =     -1.53345  eV     1   --> A              
     e( 15 - 15) =     -1.37513  eV     1   --> A              
     e( 16 - 16) =     -1.12497  eV     1   --> A              
     e( 17 - 17) =     -0.56604  eV     1   --> A              
     e( 18 - 18) =      0.08209  eV     1   --> A              
     e( 19 - 19) =      1.38985  eV     1   --> A              
     e( 20 - 20) =      1.74551  eV     1   --> A              
     e( 21 - 21) =      2.26131  eV     1   --> A              
     e( 22 - 22) =      2.66872  eV     1   --> A              

 **************************************************************************

 **************************************************************************

                    xk=(   0.41358,   0.43836,   0.00000  )

     Band symmetry, C_1 (1)     point group:

     e(  1 -  1) =    -61.52918  eV     1   --> A              
     e(  2 -  2) =    -35.81344  eV     1   --> A              
     e(  3 -  3) =    -35.76110  eV     1   --> A              
     e(  4 -  4) =    -35.61519  eV     1   --> A              
     e(  5 -  5) =    -14.75295  eV     1   --> A              
     e(  6 -  6) =    -12.93246  eV     1   --> A              
     e(  7 -  7) =     -8.14926  eV     1   --> A              
     e(  8 -  8) =     -6.67667  eV     1   --> A              
     e(  9 -  9) =     -6.22019  eV     1   --> A              
     e( 10 - 10) =     -5.36401  eV     1   --> A              
     e( 11 - 11) =     -4.33408  eV     1   --> A              
     e( 12 - 12) =     -3.50253  eV     1   --> A              
     e( 13 - 13) =     -2.31334  eV     1   --> A              
     e( 14 - 14) =     -1.54419  eV     1   --> A              
     e( 15 - 15) =     -1.39625  eV     1   --> A              
     e( 16 - 16) =     -1.15101  eV     1   --> A              
     e( 17 - 17) =     -0.52184  eV     1   --> A              
     e( 18 - 18) =      0.08061  eV     1   --> A              
     e( 19 - 19) =      1.37325  eV     1   --> A              
     e( 20 - 20) =      1.69906  eV     1   --> A              
     e( 21 - 21) =      2.23983  eV     1   --> A              
     e( 22 - 22) =      2.75972  eV     1   --> A              

 **************************************************************************

 **************************************************************************

                    xk=(   0.40741,   0.44905,   0.00000  )

     Band symmetry, C_1 (1)     point group:

     e(  1 -  1) =    -61.52889  eV     1   --> A              
     e(  2 -  2) =    -35.80868  eV     1   --> A              
     e(  3 -  3) =    -35.76054  eV     1   --> A              
     e(  4 -  4) =    -35.62352  eV     1   --> A              
     e(  5 -  5) =    -14.74045  eV     1   --> A              
     e(  6 -  6) =    -12.91983  eV     1   --> A              
     e(  7 -  7) =     -8.11584  eV     1   --> A              
     e(  8 -  8) =     -6.70219  eV     1   --> A              
     e(  9 -  9) =     -6.23587  eV     1   --> A              
     e( 10 - 10) =     -5.37925  eV     1   --> A              
     e( 11 - 11) =     -4.35047  eV     1   --> A              
     e( 12 - 12) =     -3.53163  eV     1   --> A              
     e( 13 - 13) =     -2.29174  eV     1   --> A              
     e( 14 - 14) =     -1.55320  eV     1   --> A              
     e( 15 - 15) =     -1.41512  eV     1   --> A              
     e( 16 - 16) =     -1.17769  eV     1   --> A              
     e( 17 - 17) =     -0.47791  eV     1   --> A              
     e( 18 - 18) =      0.08154  eV     1   --> A              
     e( 19 - 19) =      1.35373  eV     1   --> A              
     e( 20 - 20) =      1.64745  eV     1   --> A              
     e( 21 - 21) =      2.22592  eV     1   --> A              
     e( 22 - 22) =      2.85407  eV     1   --> A              

 **************************************************************************

 **************************************************************************

                    xk=(   0.40123,   0.45974,   0.00000  )

     Band symmetry, C_1 (1)     point group:

     e(  1 -  1) =    -61.52861  eV     1   --> A              
     e(  2 -  2) =    -35.80368  eV     1   --> A              
     e(  3 -  3) =    -35.75999  eV     1   --> A              
     e(  4 -  4) =    -35.63208  eV     1   --> A              
     e(  5 -  5) =    -14.72791  eV     1   --> A              
     e(  6 -  6) =    -12.90720  eV     1   --> A              
     e(  7 -  7) =     -8.08131  eV     1   --> A              
     e(  8 -  8) =     -6.73912  eV     1   --> A              
     e(  9 -  9) =     -6.23934  eV     1   --> A              
     e( 10 - 10) =     -5.39732  eV     1   --> A              
     e( 11 - 11) =     -4.36745  eV     1   --> A              
     e( 12 - 12) =     -3.55778  eV     1   --> A              
     e( 13 - 13) =     -2.27104  eV     1   --> A              
     e( 14 - 14) =     -1.56045  eV     1   --> A              
     e( 15 - 15) =     -1.43131  eV     1   --> A              
     e( 16 - 16) =     -1.20476  eV     1   --> A              
     e( 17 - 17) =     -0.43469  eV     1   --> A              
     e( 18 - 18) =      0.08510  eV     1   --> A              
     e( 19 - 19) =      1.33100  eV     1   --> A              
     e( 20 - 20) =      1.59302  eV     1   --> A              
     e( 21 - 21) =      2.21867  eV     1   --> A              
     e( 22 - 22) =      2.95047  eV     1   --> A              

 **************************************************************************

 **************************************************************************

                    xk=(   0.39506,   0.47043,   0.00000  )

     Band symmetry, C_1 (1)     point group:

     e(  1 -  1) =    -61.52833  eV     1   --> A              
     e(  2 -  2) =    -35.79845  eV     1   --> A              
     e(  3 -  3) =    -35.75944  eV     1   --> A              
     e(  4 -  4) =    -35.64079  eV     1   --> A              
     e(  5 -  5) =    -14.71549  eV     1   --> A              
     e(  6 -  6) =    -12.89473  eV     1   --> A              
     e(  7 -  7) =     -8.04597  eV     1   --> A              
     e(  8 -  8) =     -6.78491  eV     1   --> A              
     e(  9 -  9) =     -6.23303  eV     1   --> A              
     e( 10 - 10) =     -5.41771  eV     1   --> A              
     e( 11 - 11) =     -4.38455  eV     1   --> A              
     e( 12 - 12) =     -3.58116  eV     1   --> A              
     e( 13 - 13) =     -2.25141  eV     1   --> A              
     e( 14 - 14) =     -1.56589  eV     1   --> A              
     e( 15 - 15) =     -1.44447  eV     1   --> A              
     e( 16 - 16) =     -1.23198  eV     1   --> A              
     e( 17 - 17) =     -0.39263  eV     1   --> A              
     e( 18 - 18) =      0.09140  eV     1   --> A              
     e( 19 - 19) =      1.30487  eV     1   --> A              
     e( 20 - 20) =      1.53811  eV     1   --> A              
     e( 21 - 21) =      2.21679  eV     1   --> A              
     e( 22 - 22) =      3.04784  eV     1   --> A              

 **************************************************************************

 **************************************************************************

                    xk=(   0.38889,   0.48113,   0.00000  )

     Band symmetry, C_1 (1)     point group:

     e(  1 -  1) =    -61.52806  eV     1   --> A              
     e(  2 -  2) =    -35.79302  eV     1   --> A              
     e(  3 -  3) =    -35.75891  eV     1   --> A              
     e(  4 -  4) =    -35.64958  eV     1   --> A              
     e(  5 -  5) =    -14.70335  eV     1   --> A              
     e(  6 -  6) =    -12.88258  eV     1   --> A              
     e(  7 -  7) =     -8.01020  eV     1   --> A              
     e(  8 -  8) =     -6.83642  eV     1   --> A              
     e(  9 -  9) =     -6.21993  eV     1   --> A              
     e( 10 - 10) =     -5.43980  eV     1   --> A              
     e( 11 - 11) =     -4.40130  eV     1   --> A              
     e( 12 - 12) =     -3.60201  eV     1   --> A              
     e( 13 - 13) =     -2.23306  eV     1   --> A              
     e( 14 - 14) =     -1.56950  eV     1   --> A              
     e( 15 - 15) =     -1.45440  eV     1   --> A              
     e( 16 - 16) =     -1.25913  eV     1   --> A              
     e( 17 - 17) =     -0.35215  eV     1   --> A              
     e( 18 - 18) =      0.10036  eV     1   --> A              
     e( 19 - 19) =      1.27527  eV     1   --> A              
     e( 20 - 20) =      1.48487  eV     1   --> A              
     e( 21 - 21) =      2.21902  eV     1   --> A              
     e( 22 - 22) =      3.14510  eV     1   --> A              

 **************************************************************************

 **************************************************************************

                    xk=(   0.38272,   0.49182,   0.00000  )

     Band symmetry, C_1 (1)     point group:

     e(  1 -  1) =    -61.52780  eV     1   --> A              
     e(  2 -  2) =    -35.78742  eV     1   --> A              
     e(  3 -  3) =    -35.75841  eV     1   --> A              
     e(  4 -  4) =    -35.65838  eV     1   --> A              
     e(  5 -  5) =    -14.69168  eV     1   --> A              
     e(  6 -  6) =    -12.87095  eV     1   --> A              
     e(  7 -  7) =     -7.97444  eV     1   --> A              
     e(  8 -  8) =     -6.89080  eV     1   --> A              
     e(  9 -  9) =     -6.20273  eV     1   --> A              
     e( 10 - 10) =     -5.46281  eV     1   --> A              
     e( 11 - 11) =     -4.41724  eV     1   --> A              
     e( 12 - 12) =     -3.62059  eV     1   --> A              
     e( 13 - 13) =     -2.21616  eV     1   --> A              
     e( 14 - 14) =     -1.57126  eV     1   --> A              
     e( 15 - 15) =     -1.46104  eV     1   --> A              
     e( 16 - 16) =     -1.28600  eV     1   --> A              
     e( 17 - 17) =     -0.31364  eV     1   --> A              
     e( 18 - 18) =      0.11170  eV     1   --> A              
     e( 19 - 19) =      1.24243  eV     1   --> A              
     e( 20 - 20) =      1.43512  eV     1   --> A              
     e( 21 - 21) =      2.22419  eV     1   --> A              
     e( 22 - 22) =      3.24107  eV     1   --> A              

 **************************************************************************

 **************************************************************************

                    xk=(   0.37654,   0.50251,   0.00000  )

     Band symmetry, C_1 (1)     point group:

     e(  1 -  1) =    -61.52756  eV     1   --> A              
     e(  2 -  2) =    -35.78168  eV     1   --> A              
     e(  3 -  3) =    -35.75793  eV     1   --> A              
     e(  4 -  4) =    -35.66711  eV     1   --> A              
     e(  5 -  5) =    -14.68066  eV     1   --> A              
     e(  6 -  6) =    -12.86000  eV     1   --> A              
     e(  7 -  7) =     -7.93926  eV     1   --> A              
     e(  8 -  8) =     -6.94567  eV     1   --> A              
     e(  9 -  9) =     -6.18358  eV     1   --> A              
     e( 10 - 10) =     -5.48589  eV     1   --> A              
     e( 11 - 11) =     -4.43199  eV     1   --> A              
     e( 12 - 12) =     -3.63712  eV     1   --> A              
     e( 13 - 13) =     -2.20089  eV     1   --> A              
     e( 14 - 14) =     -1.57112  eV     1   --> A              
     e( 15 - 15) =     -1.46452  eV     1   --> A              
     e( 16 - 16) =     -1.31239  eV     1   --> A              
     e( 17 - 17) =     -0.27745  eV     1   --> A              
     e( 18 - 18) =      0.12485  eV     1   --> A              
     e( 19 - 19) =      1.20709  eV     1   --> A              
     e( 20 - 20) =      1.39018  eV     1   --> A              
     e( 21 - 21) =      2.23129  eV     1   --> A              
     e( 22 - 22) =      3.33436  eV     1   --> A              

 **************************************************************************

 **************************************************************************

                    xk=(   0.37037,   0.51320,   0.00000  )

     Band symmetry, C_1 (1)     point group:

     e(  1 -  1) =    -61.52734  eV     1   --> A              
     e(  2 -  2) =    -35.77587  eV     1   --> A              
     e(  3 -  3) =    -35.75750  eV     1   --> A              
     e(  4 -  4) =    -35.67566  eV     1   --> A              
     e(  5 -  5) =    -14.67047  eV     1   --> A              
     e(  6 -  6) =    -12.84993  eV     1   --> A              
     e(  7 -  7) =     -7.90536  eV     1   --> A              
     e(  8 -  8) =     -6.99897  eV     1   --> A              
     e(  9 -  9) =     -6.16418  eV     1   --> A              
     e( 10 - 10) =     -5.50811  eV     1   --> A              
     e( 11 - 11) =     -4.44526  eV     1   --> A              
     e( 12 - 12) =     -3.65174  eV     1   --> A              
     e( 13 - 13) =     -2.18740  eV     1   --> A              
     e( 14 - 14) =     -1.56901  eV     1   --> A              
     e( 15 - 15) =     -1.46519  eV     1   --> A              
     e( 16 - 16) =     -1.33810  eV     1   --> A              
     e( 17 - 17) =     -0.24388  eV     1   --> A              
     e( 18 - 18) =      0.13896  eV     1   --> A              
     e( 19 - 19) =      1.17070  eV     1   --> A              
     e( 20 - 20) =      1.35074  eV     1   --> A              
     e( 21 - 21) =      2.23939  eV     1   --> A              
     e( 22 - 22) =      3.42322  eV     1   --> A              

 **************************************************************************

 **************************************************************************

                    xk=(   0.36420,   0.52389,   0.00000  )

     Band symmetry, C_1 (1)     point group:

     e(  1 -  1) =    -61.52715  eV     1   --> A              
     e(  2 -  2) =    -35.77005  eV     1   --> A              
     e(  3 -  3) =    -35.75711  eV     1   --> A              
     e(  4 -  4) =    -35.68390  eV     1   --> A              
     e(  5 -  5) =    -14.66132  eV     1   --> A              
     e(  6 -  6) =    -12.84091  eV     1   --> A              
     e(  7 -  7) =     -7.87363  eV     1   --> A              
     e(  8 -  8) =     -7.04882  eV     1   --> A              
     e(  9 -  9) =     -6.14591  eV     1   --> A              
     e( 10 - 10) =     -5.52851  eV     1   --> A              
     e( 11 - 11) =     -4.45681  eV     1   --> A              
     e( 12 - 12) =     -3.66450  eV     1   --> A              
     e( 13 - 13) =     -2.17583  eV     1   --> A              
     e( 14 - 14) =     -1.56489  eV     1   --> A              
     e( 15 - 15) =     -1.46358  eV     1   --> A              
     e( 16 - 16) =     -1.36289  eV     1   --> A              
     e( 17 - 17) =     -0.21325  eV     1   --> A              
     e( 18 - 18) =      0.15287  eV     1   --> A              
     e( 19 - 19) =      1.13532  eV     1   --> A              
     e( 20 - 20) =      1.31693  eV     1   --> A              
     e( 21 - 21) =      2.24771  eV     1   --> A              
     e( 22 - 22) =      3.50547  eV     1   --> A              

 **************************************************************************

 **************************************************************************

                    xk=(   0.35802,   0.53458,   0.00000  )

     Band symmetry, C_1 (1)     point group:

     e(  1 -  1) =    -61.52698  eV     1   --> A              
     e(  2 -  2) =    -35.76437  eV     1   --> A              
     e(  3 -  3) =    -35.75677  eV     1   --> A              
     e(  4 -  4) =    -35.69167  eV     1   --> A              
     e(  5 -  5) =    -14.65340  eV     1   --> A              
     e(  6 -  6) =    -12.83314  eV     1   --> A              
     e(  7 -  7) =     -7.84515  eV     1   --> A              
     e(  8 -  8) =     -7.09336  eV     1   --> A              
     e(  9 -  9) =     -6.12987  eV     1   --> A              
     e( 10 - 10) =     -5.54617  eV     1   --> A              
     e( 11 - 11) =     -4.46649  eV     1   --> A              
     e( 12 - 12) =     -3.67535  eV     1   --> A              
     e( 13 - 13) =     -2.16626  eV     1   --> A              
     e( 14 - 14) =     -1.55877  eV     1   --> A              
     e( 15 - 15) =     -1.46037  eV     1   --> A              
     e( 16 - 16) =     -1.38645  eV     1   --> A              
     e( 17 - 17) =     -0.18596  eV     1   --> A              
     e( 18 - 18) =      0.16530  eV     1   --> A              
     e( 19 - 19) =      1.10335  eV     1   --> A              
     e( 20 - 20) =      1.28865  eV     1   --> A              
     e( 21 - 21) =      2.25553  eV     1   --> A              
     e( 22 - 22) =      3.57838  eV     1   --> A              

 **************************************************************************

 **************************************************************************

                    xk=(   0.35185,   0.54528,   0.00000  )

     Band symmetry, C_1 (1)     point group:

     e(  1 -  1) =    -61.52684  eV     1   --> A              
     e(  2 -  2) =    -35.75902  eV     1   --> A              
     e(  3 -  3) =    -35.75648  eV     1   --> A              
     e(  4 -  4) =    -35.69872  eV     1   --> A              
     e(  5 -  5) =    -14.64691  eV     1   --> A              
     e(  6 -  6) =    -12.82679  eV     1   --> A              
     e(  7 -  7) =     -7.82120  eV     1   --> A              
     e(  8 -  8) =     -7.13069  eV     1   --> A              
     e(  9 -  9) =     -6.11690  eV     1   --> A              
     e( 10 - 10) =     -5.56033  eV     1   --> A              
     e( 11 - 11) =     -4.47417  eV     1   --> A              
     e( 12 - 12) =     -3.68418  eV     1   --> A              
     e( 13 - 13) =     -2.15878  eV     1   --> A              
     e( 14 - 14) =     -1.55086  eV     1   --> A              
     e( 15 - 15) =     -1.45638  eV     1   --> A              
     e( 16 - 16) =     -1.40827  eV     1   --> A              
     e( 17 - 17) =     -0.16264  eV     1   --> A              
     e( 18 - 18) =      0.17506  eV     1   --> A              
     e( 19 - 19) =      1.07701  eV     1   --> A              
     e( 20 - 20) =      1.26589  eV     1   --> A              
     e( 21 - 21) =      2.26223  eV     1   --> A              
     e( 22 - 22) =      3.63881  eV     1   --> A              

 **************************************************************************

 **************************************************************************

                    xk=(   0.34568,   0.55597,   0.00000  )

     Band symmetry, C_1 (1)     point group:

     e(  1 -  1) =    -61.52674  eV     1   --> A              
     e(  2 -  2) =    -35.75634  eV     1   --> A              
     e(  3 -  3) =    -35.75432  eV     1   --> A              
     e(  4 -  4) =    -35.70462  eV     1   --> A              
     e(  5 -  5) =    -14.64204  eV     1   --> A              
     e(  6 -  6) =    -12.82205  eV     1   --> A              
     e(  7 -  7) =     -7.80313  eV     1   --> A              
     e(  8 -  8) =     -7.15890  eV     1   --> A              
     e(  9 -  9) =     -6.10757  eV     1   --> A              
     e( 10 - 10) =     -5.57047  eV     1   --> A              
     e( 11 - 11) =     -4.47976  eV     1   --> A              
     e( 12 - 12) =     -3.69077  eV     1   --> A              
     e( 13 - 13) =     -2.15342  eV     1   --> A              
     e( 14 - 14) =     -1.54185  eV     1   --> A              
     e( 15 - 15) =     -1.45246  eV     1   --> A              
     e( 16 - 16) =     -1.42743  eV     1   --> A              
     e( 17 - 17) =     -0.14422  eV     1   --> A              
     e( 18 - 18) =      0.18142  eV     1   --> A              
     e( 19 - 19) =      1.05794  eV     1   --> A              
     e( 20 - 20) =      1.24887  eV     1   --> A              
     e( 21 - 21) =      2.26735  eV     1   --> A              
     e( 22 - 22) =      3.68364  eV     1   --> A              

 **************************************************************************

 **************************************************************************

                    xk=(   0.33951,   0.56666,   0.00000  )

     Band symmetry, C_1 (1)     point group:

     e(  1 -  1) =    -61.52667  eV     1   --> A              
     e(  2 -  2) =    -35.75619  eV     1   --> A              
     e(  3 -  3) =    -35.75102  eV     1   --> A              
     e(  4 -  4) =    -35.70872  eV     1   --> A              
     e(  5 -  5) =    -14.63898  eV     1   --> A              
     e(  6 -  6) =    -12.81909  eV     1   --> A              
     e(  7 -  7) =     -7.79204  eV     1   --> A              
     e(  8 -  8) =     -7.17642  eV     1   --> A              
     e(  9 -  9) =     -6.10209  eV     1   --> A              
     e( 10 - 10) =     -5.57639  eV     1   --> A              
     e( 11 - 11) =     -4.48319  eV     1   --> A              
     e( 12 - 12) =     -3.69490  eV     1   --> A              
     e( 13 - 13) =     -2.15021  eV     1   --> A              
     e( 14 - 14) =     -1.53359  eV     1   --> A              
     e( 15 - 15) =     -1.44952  eV     1   --> A              
     e( 16 - 16) =     -1.44188  eV     1   --> A              
     e( 17 - 17) =     -0.13201  eV     1   --> A              
     e( 18 - 18) =      0.18442  eV     1   --> A              
     e( 19 - 19) =      1.04693  eV     1   --> A              
     e( 20 - 20) =      1.23807  eV     1   --> A              
     e( 21 - 21) =      2.27051  eV     1   --> A              
     e( 22 - 22) =      3.71069  eV     1   --> A              

 **************************************************************************

 **************************************************************************

                    xk=(   0.33333,   0.57735,   0.00000  )

     Band symmetry, C_1 (1)     point group:

     e(  1 -  1) =    -61.52665  eV     1   --> A              
     e(  2 -  2) =    -35.75615  eV     1   --> A              
     e(  3 -  3) =    -35.74980  eV     1   --> A              
     e(  4 -  4) =    -35.71021  eV     1   --> A              
     e(  5 -  5) =    -14.63792  eV     1   --> A              
     e(  6 -  6) =    -12.81807  eV     1   --> A              
     e(  7 -  7) =     -7.78840  eV     1   --> A              
     e(  8 -  8) =     -7.18230  eV     1   --> A              
     e(  9 -  9) =     -6.10034  eV     1   --> A              
     e( 10 - 10) =     -5.57827  eV     1   --> A              
     e( 11 - 11) =     -4.48436  eV     1   --> A              
     e( 12 - 12) =     -3.69633  eV     1   --> A              
     e( 13 - 13) =     -2.14915  eV     1   --> A              
     e( 14 - 14) =     -1.52983  eV     1   --> A              
     e( 15 - 15) =     -1.44837  eV     1   --> A              
     e( 16 - 16) =     -1.44770  eV     1   --> A              
     e( 17 - 17) =     -0.12759  eV     1   --> A              
     e( 18 - 18) =      0.18508  eV     1   --> A              
     e( 19 - 19) =      1.04356  eV     1   --> A              
     e( 20 - 20) =      1.23427  eV     1   --> A              
     e( 21 - 21) =      2.27157  eV     1   --> A              
     e( 22 - 22) =      3.71949  eV     1   --> A              

 **************************************************************************

 **************************************************************************

                    xk=(   0.32381,   0.56085,   0.00000  )

     Band symmetry, C_1 (1)     point group:

     e(  1 -  1) =    -61.52670  eV     1   --> A              
     e(  2 -  2) =    -35.75627  eV     1   --> A              
     e(  3 -  3) =    -35.75238  eV     1   --> A              
     e(  4 -  4) =    -35.70695  eV     1   --> A              
     e(  5 -  5) =    -14.64061  eV     1   --> A              
     e(  6 -  6) =    -12.82064  eV     1   --> A              
     e(  7 -  7) =     -7.79592  eV     1   --> A              
     e(  8 -  8) =     -7.16901  eV     1   --> A              
     e(  9 -  9) =     -6.10396  eV     1   --> A              
     e( 10 - 10) =     -5.57444  eV     1   --> A              
     e( 11 - 11) =     -4.48146  eV     1   --> A              
     e( 12 - 12) =     -3.69273  eV     1   --> A              
     e( 13 - 13) =     -2.15166  eV     1   --> A              
     e( 14 - 14) =     -1.53915  eV     1   --> A              
     e( 15 - 15) =     -1.45196  eV     1   --> A              
     e( 16 - 16) =     -1.43324  eV     1   --> A              
     e( 17 - 17) =     -0.13925  eV     1   --> A              
     e( 18 - 18) =      0.18527  eV     1   --> A              
     e( 19 - 19) =      1.04938  eV     1   --> A              
     e( 20 - 20) =      1.24430  eV     1   --> A              
     e( 21 - 21) =      2.26924  eV     1   --> A              
     e( 22 - 22) =      3.70074  eV     1   --> A              

 **************************************************************************

 **************************************************************************

                    xk=(   0.31429,   0.54436,   0.00000  )

     Band symmetry, C_1 (1)     point group:

     e(  1 -  1) =    -61.52688  eV     1   --> A              
     e(  2 -  2) =    -35.75817  eV     1   --> A              
     e(  3 -  3) =    -35.75649  eV     1   --> A              
     e(  4 -  4) =    -35.69918  eV     1   --> A              
     e(  5 -  5) =    -14.64906  eV     1   --> A              
     e(  6 -  6) =    -12.82868  eV     1   --> A              
     e(  7 -  7) =     -7.81404  eV     1   --> A              
     e(  8 -  8) =     -7.13257  eV     1   --> A              
     e(  9 -  9) =     -6.11332  eV     1   --> A              
     e( 10 - 10) =     -5.56483  eV     1   --> A              
     e( 11 - 11) =     -4.47242  eV     1   --> A              
     e( 12 - 12) =     -3.68157  eV     1   --> A              
     e( 13 - 13) =     -2.15915  eV     1   --> A              
     e( 14 - 14) =     -1.55876  eV     1   --> A              
     e( 15 - 15) =     -1.46399  eV     1   --> A              
     e( 16 - 16) =     -1.39834  eV     1   --> A              
     e( 17 - 17) =     -0.17438  eV     1   --> A              
     e( 18 - 18) =      0.18866  eV     1   --> A              
     e( 19 - 19) =      1.06059  eV     1   --> A              
     e( 20 - 20) =      1.27587  eV     1   --> A              
     e( 21 - 21) =      2.26322  eV     1   --> A              
     e( 22 - 22) =      3.65066  eV     1   --> A              

 **************************************************************************

 **************************************************************************

                    xk=(   0.30476,   0.52786,   0.00000  )

     Band symmetry, C_1 (1)     point group:

     e(  1 -  1) =    -61.52718  eV     1   --> A              
     e(  2 -  2) =    -35.76434  eV     1   --> A              
     e(  3 -  3) =    -35.75713  eV     1   --> A              
     e(  4 -  4) =    -35.68934  eV     1   --> A              
     e(  5 -  5) =    -14.66377  eV     1   --> A              
     e(  6 -  6) =    -12.84256  eV     1   --> A              
     e(  7 -  7) =     -7.83537  eV     1   --> A              
     e(  8 -  8) =     -7.07891  eV     1   --> A              
     e(  9 -  9) =     -6.12629  eV     1   --> A              
     e( 10 - 10) =     -5.55209  eV     1   --> A              
     e( 11 - 11) =     -4.45673  eV     1   --> A              
     e( 12 - 12) =     -3.66262  eV     1   --> A              
     e( 13 - 13) =     -2.17149  eV     1   --> A              
     e( 14 - 14) =     -1.57970  eV     1   --> A              
     e( 15 - 15) =     -1.48595  eV     1   --> A              
     e( 16 - 16) =     -1.35210  eV     1   --> A              
     e( 17 - 17) =     -0.22878  eV     1   --> A              
     e( 18 - 18) =      0.19597  eV     1   --> A              
     e( 19 - 19) =      1.06940  eV     1   --> A              
     e( 20 - 20) =      1.32782  eV     1   --> A              
     e( 21 - 21) =      2.25570  eV     1   --> A              
     e( 22 - 22) =      3.57764  eV     1   --> A              

 **************************************************************************

 **************************************************************************

                    xk=(   0.29524,   0.51137,   0.00000  )

     Band symmetry, C_1 (1)     point group:

     e(  1 -  1) =    -61.52761  eV     1   --> A              
     e(  2 -  2) =    -35.76989  eV     1   --> A              
     e(  3 -  3) =    -35.75798  eV     1   --> A              
     e(  4 -  4) =    -35.67857  eV     1   --> A              
     e(  5 -  5) =    -14.68512  eV     1   --> A              
     e(  6 -  6) =    -12.86253  eV     1   --> A              
     e(  7 -  7) =     -7.85368  eV     1   --> A              
     e(  8 -  8) =     -7.01303  eV     1   --> A              
     e(  9 -  9) =     -6.14133  eV     1   --> A              
     e( 10 - 10) =     -5.53824  eV     1   --> A              
     e( 11 - 11) =     -4.43397  eV     1   --> A              
     e( 12 - 12) =     -3.63603  eV     1   --> A              
     e( 13 - 13) =     -2.18859  eV     1   --> A              
     e( 14 - 14) =     -1.59892  eV     1   --> A              
     e( 15 - 15) =     -1.51825  eV     1   --> A              
     e( 16 - 16) =     -1.29807  eV     1   --> A              
     e( 17 - 17) =     -0.29566  eV     1   --> A              
     e( 18 - 18) =      0.20537  eV     1   --> A              
     e( 19 - 19) =      1.07160  eV     1   --> A              
     e( 20 - 20) =      1.39465  eV     1   --> A              
     e( 21 - 21) =      2.24903  eV     1   --> A              
     e( 22 - 22) =      3.48867  eV     1   --> A              

 **************************************************************************

 **************************************************************************

                    xk=(   0.28571,   0.49487,   0.00000  )

     Band symmetry, C_1 (1)     point group:

     e(  1 -  1) =    -61.52819  eV     1   --> A              
     e(  2 -  2) =    -35.77424  eV     1   --> A              
     e(  3 -  3) =    -35.75910  eV     1   --> A              
     e(  4 -  4) =    -35.66734  eV     1   --> A              
     e(  5 -  5) =    -14.71335  eV     1   --> A              
     e(  6 -  6) =    -12.88871  eV     1   --> A              
     e(  7 -  7) =     -7.86451  eV     1   --> A              
     e(  8 -  8) =     -6.93839  eV     1   --> A              
     e(  9 -  9) =     -6.15752  eV     1   --> A              
     e( 10 - 10) =     -5.52441  eV     1   --> A              
     e( 11 - 11) =     -4.40404  eV     1   --> A              
     e( 12 - 12) =     -3.60230  eV     1   --> A              
     e( 13 - 13) =     -2.21035  eV     1   --> A              
     e( 14 - 14) =     -1.61546  eV     1   --> A              
     e( 15 - 15) =     -1.56008  eV     1   --> A              
     e( 16 - 16) =     -1.23822  eV     1   --> A              
     e( 17 - 17) =     -0.36893  eV     1   --> A              
     e( 18 - 18) =      0.21506  eV     1   --> A              
     e( 19 - 19) =      1.06528  eV     1   --> A              
     e( 20 - 20) =      1.46948  eV     1   --> A              
     e( 21 - 21) =      2.24447  eV     1   --> A              
     e( 22 - 22) =      3.39056  eV     1   --> A              

 **************************************************************************

 **************************************************************************

                    xk=(   0.27619,   0.47838,   0.00000  )

     Band symmetry, C_1 (1)     point group:

     e(  1 -  1) =    -61.52890  eV     1   --> A              
     e(  2 -  2) =    -35.77710  eV     1   --> A              
     e(  3 -  3) =    -35.76049  eV     1   --> A              
     e(  4 -  4) =    -35.65589  eV     1   --> A              
     e(  5 -  5) =    -14.74858  eV     1   --> A              
     e(  6 -  6) =    -12.92106  eV     1   --> A              
     e(  7 -  7) =     -7.86496  eV     1   --> A              
     e(  8 -  8) =     -6.85747  eV     1   --> A              
     e(  9 -  9) =     -6.17428  eV     1   --> A              
     e( 10 - 10) =     -5.51090  eV     1   --> A              
     e( 11 - 11) =     -4.36729  eV     1   --> A              
     e( 12 - 12) =     -3.56220  eV     1   --> A              
     e( 13 - 13) =     -2.23663  eV     1   --> A              
     e( 14 - 14) =     -1.63019  eV     1   --> A              
     e( 15 - 15) =     -1.60841  eV     1   --> A              
     e( 16 - 16) =     -1.17448  eV     1   --> A              
     e( 17 - 17) =     -0.44392  eV     1   --> A              
     e( 18 - 18) =      0.22370  eV     1   --> A              
     e( 19 - 19) =      1.05005  eV     1   --> A              
     e( 20 - 20) =      1.54610  eV     1   --> A              
     e( 21 - 21) =      2.24075  eV     1   --> A              
     e( 22 - 22) =      3.29076  eV     1   --> A              

 **************************************************************************

 **************************************************************************

                    xk=(   0.26667,   0.46188,   0.00000  )

     Band symmetry, C_1 (1)     point group:

     e(  1 -  1) =    -61.52977  eV     1   --> A              
     e(  2 -  2) =    -35.77831  eV     1   --> A              
     e(  3 -  3) =    -35.76216  eV     1   --> A              
     e(  4 -  4) =    -35.64437  eV     1   --> A              
     e(  5 -  5) =    -14.79076  eV     1   --> A              
     e(  6 -  6) =    -12.95941  eV     1   --> A              
     e(  7 -  7) =     -7.85321  eV     1   --> A              
     e(  8 -  8) =     -6.77244  eV     1   --> A              
     e(  9 -  9) =     -6.19090  eV     1   --> A              
     e( 10 - 10) =     -5.49739  eV     1   --> A              
     e( 11 - 11) =     -4.32463  eV     1   --> A              
     e( 12 - 12) =     -3.51668  eV     1   --> A              
     e( 13 - 13) =     -2.26721  eV     1   --> A              
     e( 14 - 14) =     -1.66820  eV     1   --> A              
     e( 15 - 15) =     -1.63537  eV     1   --> A              
     e( 16 - 16) =     -1.10963  eV     1   --> A              
     e( 17 - 17) =     -0.51662  eV     1   --> A              
     e( 18 - 18) =      0.22994  eV     1   --> A              
     e( 19 - 19) =      1.02735  eV     1   --> A              
     e( 20 - 20) =      1.61947  eV     1   --> A              
     e( 21 - 21) =      2.23338  eV     1   --> A              
     e( 22 - 22) =      3.19761  eV     1   --> A              

 **************************************************************************

 **************************************************************************

                    xk=(   0.25714,   0.44538,   0.00000  )

     Band symmetry, C_1 (1)     point group:

     e(  1 -  1) =    -61.53079  eV     1   --> A              
     e(  2 -  2) =    -35.77780  eV     1   --> A              
     e(  3 -  3) =    -35.76407  eV     1   --> A              
     e(  4 -  4) =    -35.63287  eV     1   --> A              
     e(  5 -  5) =    -14.83971  eV     1   --> A              
     e(  6 -  6) =    -13.00342  eV     1   --> A              
     e(  7 -  7) =     -7.82821  eV     1   --> A              
     e(  8 -  8) =     -6.68621  eV     1   --> A              
     e(  9 -  9) =     -6.20575  eV     1   --> A              
     e( 10 - 10) =     -5.48319  eV     1   --> A              
     e( 11 - 11) =     -4.27743  eV     1   --> A              
     e( 12 - 12) =     -3.46678  eV     1   --> A              
     e( 13 - 13) =     -2.30169  eV     1   --> A              
     e( 14 - 14) =     -1.72459  eV     1   --> A              
     e( 15 - 15) =     -1.64264  eV     1   --> A              
     e( 16 - 16) =     -1.04849  eV     1   --> A              
     e( 17 - 17) =     -0.58201  eV     1   --> A              
     e( 18 - 18) =      0.23192  eV     1   --> A              
     e( 19 - 19) =      1.00048  eV     1   --> A              
     e( 20 - 20) =      1.68561  eV     1   --> A              
     e( 21 - 21) =      2.21551  eV     1   --> A              
     e( 22 - 22) =      3.11984  eV     1   --> A              

 **************************************************************************

 **************************************************************************

                    xk=(   0.24762,   0.42889,   0.00000  )

     Band symmetry, C_1 (1)     point group:

     e(  1 -  1) =    -61.53195  eV     1   --> A              
     e(  2 -  2) =    -35.77560  eV     1   --> A              
     e(  3 -  3) =    -35.76615  eV     1   --> A              
     e(  4 -  4) =    -35.62147  eV     1   --> A              
     e(  5 -  5) =    -14.89508  eV     1   --> A              
     e(  6 -  6) =    -13.05265  eV     1   --> A              
     e(  7 -  7) =     -7.78948  eV     1   --> A              
     e(  8 -  8) =     -6.60399  eV     1   --> A              
     e(  9 -  9) =     -6.21477  eV     1   --> A              
     e( 10 - 10) =     -5.46745  eV     1   --> A              
     e( 11 - 11) =     -4.22749  eV     1   --> A              
     e( 12 - 12) =     -3.41368  eV     1   --> A              
     e( 13 - 13) =     -2.33935  eV     1   --> A              
     e( 14 - 14) =     -1.78031  eV     1   --> A              
     e( 15 - 15) =     -1.64600  eV     1   --> A              
     e( 16 - 16) =     -1.00027  eV     1   --> A              
     e( 17 - 17) =     -0.63138  eV     1   --> A              
     e( 18 - 18) =      0.22711  eV     1   --> A              
     e( 19 - 19) =      0.97411  eV     1   --> A              
     e( 20 - 20) =      1.74136  eV     1   --> A              
     e( 21 - 21) =      2.18105  eV     1   --> A              
     e( 22 - 22) =      3.06434  eV     1   --> A              

 **************************************************************************

 **************************************************************************

                    xk=(   0.23810,   0.41239,   0.00000  )

     Band symmetry, C_1 (1)     point group:

     e(  1 -  1) =    -61.53325  eV     1   --> A              
     e(  2 -  2) =    -35.77239  eV     1   --> A              
     e(  3 -  3) =    -35.76767  eV     1   --> A              
     e(  4 -  4) =    -35.61024  eV     1   --> A              
     e(  5 -  5) =    -14.95642  eV     1   --> A              
     e(  6 -  6) =    -13.10655  eV     1   --> A              
     e(  7 -  7) =     -7.73698  eV     1   --> A              
     e(  8 -  8) =     -6.53613  eV     1   --> A              
     e(  9 -  9) =     -6.20871  eV     1   --> A              
     e( 10 - 10) =     -5.44930  eV     1   --> A              
     e( 11 - 11) =     -4.17682  eV     1   --> A              
     e( 12 - 12) =     -3.35869  eV     1   --> A              
     e( 13 - 13) =     -2.37901  eV     1   --> A              
     e( 14 - 14) =     -1.83142  eV     1   --> A              
     e( 15 - 15) =     -1.64633  eV     1   --> A              
     e( 16 - 16) =     -0.97989  eV     1   --> A              
     e( 17 - 17) =     -0.65085  eV     1   --> A              
     e( 18 - 18) =      0.21268  eV     1   --> A              
     e( 19 - 19) =      0.95337  eV     1   --> A              
     e( 20 - 20) =      1.78396  eV     1   --> A              
     e( 21 - 21) =      2.12900  eV     1   --> A              
     e( 22 - 22) =      3.03304  eV     1   --> A              

 **************************************************************************

 **************************************************************************

                    xk=(   0.22857,   0.39590,   0.00000  )

     Band symmetry, C_1 (1)     point group:

     e(  1 -  1) =    -61.53469  eV     1   --> A              
     e(  2 -  2) =    -35.77271  eV     1   --> A              
     e(  3 -  3) =    -35.76413  eV     1   --> A              
     e(  4 -  4) =    -35.59921  eV     1   --> A              
     e(  5 -  5) =    -15.02315  eV     1   --> A              
     e(  6 -  6) =    -13.16450  eV     1   --> A              
     e(  7 -  7) =     -7.67097  eV     1   --> A              
     e(  8 -  8) =     -6.49768  eV     1   --> A              
     e(  9 -  9) =     -6.17372  eV     1   --> A              
     e( 10 - 10) =     -5.42791  eV     1   --> A              
     e( 11 - 11) =     -4.12751  eV     1   --> A              
     e( 12 - 12) =     -3.30338  eV     1   --> A              
     e( 13 - 13) =     -2.41889  eV     1   --> A              
     e( 14 - 14) =     -1.87504  eV     1   --> A              
     e( 15 - 15) =     -1.64405  eV     1   --> A              
     e( 16 - 16) =     -0.99601  eV     1   --> A              
     e( 17 - 17) =     -0.63329  eV     1   --> A              
     e( 18 - 18) =      0.18642  eV     1   --> A              
     e( 19 - 19) =      0.94269  eV     1   --> A              
     e( 20 - 20) =      1.81018  eV     1   --> A              
     e( 21 - 21) =      2.06593  eV     1   --> A              
     e( 22 - 22) =      3.02179  eV     1   --> A              

 **************************************************************************

 **************************************************************************

                    xk=(   0.21905,   0.37940,   0.00000  )

     Band symmetry, C_1 (1)     point group:

     e(  1 -  1) =    -61.53625  eV     1   --> A              
     e(  2 -  2) =    -35.77542  eV     1   --> A              
     e(  3 -  3) =    -35.75666  eV     1   --> A              
     e(  4 -  4) =    -35.58845  eV     1   --> A              
     e(  5 -  5) =    -15.09462  eV     1   --> A              
     e(  6 -  6) =    -13.22582  eV     1   --> A              
     e(  7 -  7) =     -7.59201  eV     1   --> A              
     e(  8 -  8) =     -6.49426  eV     1   --> A              
     e(  9 -  9) =     -6.10549  eV     1   --> A              
     e( 10 - 10) =     -5.40250  eV     1   --> A              
     e( 11 - 11) =     -4.08151  eV     1   --> A              
     e( 12 - 12) =     -3.24965  eV     1   --> A              
     e( 13 - 13) =     -2.45654  eV     1   --> A              
     e( 14 - 14) =     -1.90908  eV     1   --> A              
     e( 15 - 15) =     -1.63948  eV     1   --> A              
     e( 16 - 16) =     -1.03771  eV     1   --> A              
     e( 17 - 17) =     -0.59176  eV     1   --> A              
     e( 18 - 18) =      0.14797  eV     1   --> A              
     e( 19 - 19) =      0.94471  eV     1   --> A              
     e( 20 - 20) =      1.81484  eV     1   --> A              
     e( 21 - 21) =      2.00506  eV     1   --> A              
     e( 22 - 22) =      3.02299  eV     1   --> A              

 **************************************************************************

 **************************************************************************

                    xk=(   0.20952,   0.36291,   0.00000  )

     Band symmetry, C_1 (1)     point group:

     e(  1 -  1) =    -61.53794  eV     1   --> A              
     e(  2 -  2) =    -35.77862  eV     1   --> A              
     e(  3 -  3) =    -35.74724  eV     1   --> A              
     e(  4 -  4) =    -35.57798  eV     1   --> A              
     e(  5 -  5) =    -15.17009  eV     1   --> A              
     e(  6 -  6) =    -13.28982  eV     1   --> A              
     e(  7 -  7) =     -7.50085  eV     1   --> A              
     e(  8 -  8) =     -6.51614  eV     1   --> A              
     e(  9 -  9) =     -6.01534  eV     1   --> A              
     e( 10 - 10) =     -5.37229  eV     1   --> A              
     e( 11 - 11) =     -4.04043  eV     1   --> A              
     e( 12 - 12) =     -3.19974  eV     1   --> A              
     e( 13 - 13) =     -2.48902  eV     1   --> A              
     e( 14 - 14) =     -1.93220  eV     1   --> A              
     e( 15 - 15) =     -1.63295  eV     1   --> A              
     e( 16 - 16) =     -1.08999  eV     1   --> A              
     e( 17 - 17) =     -0.54429  eV     1   --> A              
     e( 18 - 18) =      0.09964  eV     1   --> A              
     e( 19 - 19) =      0.95989  eV     1   --> A              
     e( 20 - 20) =      1.79259  eV     1   --> A              
     e( 21 - 21) =      1.96110  eV     1   --> A              
     e( 22 - 22) =      3.02884  eV     1   --> A              

 **************************************************************************

 **************************************************************************

                    xk=(   0.20000,   0.34641,   0.00000  )

     Band symmetry, C_1 (1)     point group:

     e(  1 -  1) =    -61.53973  eV     1   --> A              
     e(  2 -  2) =    -35.78209  eV     1   --> A              
     e(  3 -  3) =    -35.73615  eV     1   --> A              
     e(  4 -  4) =    -35.56785  eV     1   --> A              
     e(  5 -  5) =    -15.24880  eV     1   --> A              
     e(  6 -  6) =    -13.35580  eV     1   --> A              
     e(  7 -  7) =     -7.39840  eV     1   --> A              
     e(  8 -  8) =     -6.55309  eV     1   --> A              
     e(  9 -  9) =     -5.91536  eV     1   --> A              
     e( 10 - 10) =     -5.33645  eV     1   --> A              
     e( 11 - 11) =     -4.00532  eV     1   --> A              
     e( 12 - 12) =     -3.15610  eV     1   --> A              
     e( 13 - 13) =     -2.51333  eV     1   --> A              
     e( 14 - 14) =     -1.94376  eV     1   --> A              
     e( 15 - 15) =     -1.62474  eV     1   --> A              
     e( 16 - 16) =     -1.14412  eV     1   --> A              
     e( 17 - 17) =     -0.50390  eV     1   --> A              
     e( 18 - 18) =      0.04655  eV     1   --> A              
     e( 19 - 19) =      0.98709  eV     1   --> A              
     e( 20 - 20) =      1.75085  eV     1   --> A              
     e( 21 - 21) =      1.93537  eV     1   --> A              
     e( 22 - 22) =      3.03302  eV     1   --> A              

 **************************************************************************

 **************************************************************************

                    xk=(   0.19048,   0.32991,   0.00000  )

     Band symmetry, C_1 (1)     point group:

     e(  1 -  1) =    -61.54161  eV     1   --> A              
     e(  2 -  2) =    -35.78576  eV     1   --> A              
     e(  3 -  3) =    -35.72354  eV     1   --> A              
     e(  4 -  4) =    -35.55808  eV     1   --> A              
     e(  5 -  5) =    -15.32994  eV     1   --> A              
     e(  6 -  6) =    -13.42308  eV     1   --> A              
     e(  7 -  7) =     -7.28572  eV     1   --> A              
     e(  8 -  8) =     -6.59959  eV     1   --> A              
     e(  9 -  9) =     -5.81327  eV     1   --> A              
     e( 10 - 10) =     -5.29412  eV     1   --> A              
     e( 11 - 11) =     -3.97657  eV     1   --> A              
     e( 12 - 12) =     -3.12087  eV     1   --> A              
     e( 13 - 13) =     -2.52708  eV     1   --> A              
     e( 14 - 14) =     -1.94380  eV     1   --> A              
     e( 15 - 15) =     -1.61511  eV     1   --> A              
     e( 16 - 16) =     -1.19560  eV     1   --> A              
     e( 17 - 17) =     -0.48070  eV     1   --> A              
     e( 18 - 18) =     -0.00389  eV     1   --> A              
     e( 19 - 19) =      1.02446  eV     1   --> A              
     e( 20 - 20) =      1.70784  eV     1   --> A              
     e( 21 - 21) =      1.91709  eV     1   --> A              
     e( 22 - 22) =      3.03084  eV     1   --> A              

 **************************************************************************

 **************************************************************************

                    xk=(   0.18095,   0.31342,   0.00000  )

     Band symmetry, C_1 (1)     point group:

     e(  1 -  1) =    -61.54357  eV     1   --> A              
     e(  2 -  2) =    -35.78959  eV     1   --> A              
     e(  3 -  3) =    -35.70959  eV     1   --> A              
     e(  4 -  4) =    -35.54870  eV     1   --> A              
     e(  5 -  5) =    -15.41270  eV     1   --> A              
     e(  6 -  6) =    -13.49102  eV     1   --> A              
     e(  7 -  7) =     -7.16404  eV     1   --> A              
     e(  8 -  8) =     -6.65279  eV     1   --> A              
     e(  9 -  9) =     -5.71417  eV     1   --> A              
     e( 10 - 10) =     -5.24457  eV     1   --> A              
     e( 11 - 11) =     -3.95370  eV     1   --> A              
     e( 12 - 12) =     -3.09511  eV     1   --> A              
     e( 13 - 13) =     -2.52925  eV     1   --> A              
     e( 14 - 14) =     -1.93308  eV     1   --> A              
     e( 15 - 15) =     -1.60432  eV     1   --> A              
     e( 16 - 16) =     -1.24180  eV     1   --> A              
     e( 17 - 17) =     -0.48250  eV     1   --> A              
     e( 18 - 18) =     -0.04410  eV     1   --> A              
     e( 19 - 19) =      1.07029  eV     1   --> A              
     e( 20 - 20) =      1.67590  eV     1   --> A              
     e( 21 - 21) =      1.89991  eV     1   --> A              
     e( 22 - 22) =      3.01912  eV     1   --> A              

 **************************************************************************

 **************************************************************************

                    xk=(   0.17143,   0.29692,   0.00000  )

     Band symmetry, C_1 (1)     point group:

     e(  1 -  1) =    -61.54560  eV     1   --> A              
     e(  2 -  2) =    -35.79355  eV     1   --> A              
     e(  3 -  3) =    -35.69444  eV     1   --> A              
     e(  4 -  4) =    -35.53973  eV     1   --> A              
     e(  5 -  5) =    -15.49629  eV     1   --> A              
     e(  6 -  6) =    -13.55898  eV     1   --> A              
     e(  7 -  7) =     -7.03499  eV     1   --> A              
     e(  8 -  8) =     -6.71069  eV     1   --> A              
     e(  9 -  9) =     -5.62174  eV     1   --> A              
     e( 10 - 10) =     -5.18770  eV     1   --> A              
     e( 11 - 11) =     -3.93541  eV     1   --> A              
     e( 12 - 12) =     -3.07829  eV     1   --> A              
     e( 13 - 13) =     -2.52073  eV     1   --> A              
     e( 14 - 14) =     -1.91318  eV     1   --> A              
     e( 15 - 15) =     -1.59268  eV     1   --> A              
     e( 16 - 16) =     -1.28085  eV     1   --> A              
     e( 17 - 17) =     -0.51117  eV     1   --> A              
     e( 18 - 18) =     -0.07097  eV     1   --> A              
     e( 19 - 19) =      1.12336  eV     1   --> A              
     e( 20 - 20) =      1.66007  eV     1   --> A              
     e( 21 - 21) =      1.88299  eV     1   --> A              
     e( 22 - 22) =      2.99594  eV     1   --> A              

 **************************************************************************

 **************************************************************************

                    xk=(   0.16190,   0.28043,   0.00000  )

     Band symmetry, C_1 (1)     point group:

     e(  1 -  1) =    -61.54766  eV     1   --> A              
     e(  2 -  2) =    -35.79761  eV     1   --> A              
     e(  3 -  3) =    -35.67828  eV     1   --> A              
     e(  4 -  4) =    -35.53120  eV     1   --> A              
     e(  5 -  5) =    -15.57992  eV     1   --> A              
     e(  6 -  6) =    -13.62639  eV     1   --> A              
     e(  7 -  7) =     -6.90301  eV     1   --> A              
     e(  8 -  8) =     -6.76901  eV     1   --> A              
     e(  9 -  9) =     -5.53823  eV     1   --> A              
     e( 10 - 10) =     -5.12471  eV     1   --> A              
     e( 11 - 11) =     -3.91952  eV     1   --> A              
     e( 12 - 12) =     -3.06846  eV     1   --> A              
     e( 13 - 13) =     -2.50383  eV     1   --> A              
     e( 14 - 14) =     -1.88662  eV     1   --> A              
     e( 15 - 15) =     -1.58066  eV     1   --> A              
     e( 16 - 16) =     -1.31100  eV     1   --> A              
     e( 17 - 17) =     -0.56032  eV     1   --> A              
     e( 18 - 18) =     -0.08846  eV     1   --> A              
     e( 19 - 19) =      1.18308  eV     1   --> A              
     e( 20 - 20) =      1.66074  eV     1   --> A              
     e( 21 - 21) =      1.86829  eV     1   --> A              
     e( 22 - 22) =      2.96062  eV     1   --> A              

 **************************************************************************

 **************************************************************************

                    xk=(   0.15238,   0.26393,   0.00000  )

     Band symmetry, C_1 (1)     point group:

     e(  1 -  1) =    -61.54976  eV     1   --> A              
     e(  2 -  2) =    -35.80171  eV     1   --> A              
     e(  3 -  3) =    -35.66132  eV     1   --> A              
     e(  4 -  4) =    -35.52312  eV     1   --> A              
     e(  5 -  5) =    -15.66285  eV     1   --> A              
     e(  6 -  6) =    -13.69270  eV     1   --> A              
     e(  7 -  7) =     -6.85437  eV     1   --> A              
     e(  8 -  8) =     -6.74185  eV     1   --> A              
     e(  9 -  9) =     -5.46424  eV     1   --> A              
     e( 10 - 10) =     -5.05868  eV     1   --> A              
     e( 11 - 11) =     -3.90314  eV     1   --> A              
     e( 12 - 12) =     -3.06311  eV     1   --> A              
     e( 13 - 13) =     -2.48141  eV     1   --> A              
     e( 14 - 14) =     -1.85678  eV     1   --> A              
     e( 15 - 15) =     -1.56914  eV     1   --> A              
     e( 16 - 16) =     -1.33030  eV     1   --> A              
     e( 17 - 17) =     -0.61974  eV     1   --> A              
     e( 18 - 18) =     -0.10330  eV     1   --> A              
     e( 19 - 19) =      1.24934  eV     1   --> A              
     e( 20 - 20) =      1.67449  eV     1   --> A              
     e( 21 - 21) =      1.85976  eV     1   --> A              
     e( 22 - 22) =      2.91357  eV     1   --> A              

 **************************************************************************

 **************************************************************************

                    xk=(   0.14286,   0.24744,   0.00000  )

     Band symmetry, C_1 (1)     point group:

     e(  1 -  1) =    -61.55186  eV     1   --> A              
     e(  2 -  2) =    -35.80583  eV     1   --> A              
     e(  3 -  3) =    -35.64377  eV     1   --> A              
     e(  4 -  4) =    -35.51550  eV     1   --> A              
     e(  5 -  5) =    -15.74435  eV     1   --> A              
     e(  6 -  6) =    -13.75740  eV     1   --> A              
     e(  7 -  7) =     -6.91668  eV     1   --> A              
     e(  8 -  8) =     -6.60206  eV     1   --> A              
     e(  9 -  9) =     -5.39896  eV     1   --> A              
     e( 10 - 10) =     -4.99422  eV     1   --> A              
     e( 11 - 11) =     -3.88295  eV     1   --> A              
     e( 12 - 12) =     -3.06002  eV     1   --> A              
     e( 13 - 13) =     -2.45585  eV     1   --> A              
     e( 14 - 14) =     -1.82763  eV     1   --> A              
     e( 15 - 15) =     -1.55944  eV     1   --> A              
     e( 16 - 16) =     -1.33642  eV     1   --> A              
     e( 17 - 17) =     -0.68051  eV     1   --> A              
     e( 18 - 18) =     -0.12023  eV     1   --> A              
     e( 19 - 19) =      1.32224  eV     1   --> A              
     e( 20 - 20) =      1.69429  eV     1   --> A              
     e( 21 - 21) =      1.86355  eV     1   --> A              
     e( 22 - 22) =      2.85623  eV     1   --> A              

 **************************************************************************

 **************************************************************************

                    xk=(   0.13333,   0.23094,   0.00000  )

     Band symmetry, C_1 (1)     point group:

     e(  1 -  1) =    -61.55394  eV     1   --> A              
     e(  2 -  2) =    -35.80992  eV     1   --> A              
     e(  3 -  3) =    -35.62584  eV     1   --> A              
     e(  4 -  4) =    -35.50836  eV     1   --> A              
     e(  5 -  5) =    -15.82374  eV     1   --> A              
     e(  6 -  6) =    -13.82004  eV     1   --> A              
     e(  7 -  7) =     -6.98598  eV     1   --> A              
     e(  8 -  8) =     -6.45408  eV     1   --> A              
     e(  9 -  9) =     -5.34101  eV     1   --> A              
     e( 10 - 10) =     -4.93643  eV     1   --> A              
     e( 11 - 11) =     -3.85565  eV     1   --> A              
     e( 12 - 12) =     -3.05769  eV     1   --> A              
     e( 13 - 13) =     -2.42876  eV     1   --> A              
     e( 14 - 14) =     -1.80317  eV     1   --> A              
     e( 15 - 15) =     -1.55271  eV     1   --> A              
     e( 16 - 16) =     -1.32755  eV     1   --> A              
     e( 17 - 17) =     -0.73646  eV     1   --> A              
     e( 18 - 18) =     -0.14115  eV     1   --> A              
     e( 19 - 19) =      1.40179  eV     1   --> A              
     e( 20 - 20) =      1.71187  eV     1   --> A              
     e( 21 - 21) =      1.88618  eV     1   --> A              
     e( 22 - 22) =      2.79084  eV     1   --> A              

 **************************************************************************

 **************************************************************************

                    xk=(   0.12381,   0.21444,   0.00000  )

     Band symmetry, C_1 (1)     point group:

     e(  1 -  1) =    -61.55599  eV     1   --> A              
     e(  2 -  2) =    -35.81394  eV     1   --> A              
     e(  3 -  3) =    -35.60777  eV     1   --> A              
     e(  4 -  4) =    -35.50170  eV     1   --> A              
     e(  5 -  5) =    -15.90039  eV     1   --> A              
     e(  6 -  6) =    -13.88018  eV     1   --> A              
     e(  7 -  7) =     -7.05664  eV     1   --> A              
     e(  8 -  8) =     -6.30412  eV     1   --> A              
     e(  9 -  9) =     -5.28910  eV     1   --> A              
     e( 10 - 10) =     -4.88954  eV     1   --> A              
     e( 11 - 11) =     -3.81864  eV     1   --> A              
     e( 12 - 12) =     -3.05535  eV     1   --> A              
     e( 13 - 13) =     -2.40088  eV     1   --> A              
     e( 14 - 14) =     -1.78649  eV     1   --> A              
     e( 15 - 15) =     -1.54888  eV     1   --> A              
     e( 16 - 16) =     -1.30397  eV     1   --> A              
     e( 17 - 17) =     -0.78372  eV     1   --> A              
     e( 18 - 18) =     -0.16601  eV     1   --> A              
     e( 19 - 19) =      1.48779  eV     1   --> A              
     e( 20 - 20) =      1.72446  eV     1   --> A              
     e( 21 - 21) =      1.92824  eV     1   --> A              
     e( 22 - 22) =      2.72012  eV     1   --> A              

 **************************************************************************

 **************************************************************************

                    xk=(   0.11429,   0.19795,   0.00000  )

     Band symmetry, C_1 (1)     point group:

     e(  1 -  1) =    -61.55799  eV     1   --> A              
     e(  2 -  2) =    -35.81786  eV     1   --> A              
     e(  3 -  3) =    -35.58980  eV     1   --> A              
     e(  4 -  4) =    -35.49553  eV     1   --> A              
     e(  5 -  5) =    -15.97371  eV     1   --> A              
     e(  6 -  6) =    -13.93742  eV     1   --> A              
     e(  7 -  7) =     -7.12711  eV     1   --> A              
     e(  8 -  8) =     -6.15430  eV     1   --> A              
     e(  9 -  9) =     -5.24235  eV     1   --> A              
     e( 10 - 10) =     -4.85598  eV     1   --> A              
     e( 11 - 11) =     -3.77067  eV     1   --> A              
     e( 12 - 12) =     -3.05289  eV     1   --> A              
     e( 13 - 13) =     -2.37225  eV     1   --> A              
     e( 14 - 14) =     -1.77894  eV     1   --> A              
     e( 15 - 15) =     -1.54699  eV     1   --> A              
     e( 16 - 16) =     -1.26837  eV     1   --> A              
     e( 17 - 17) =     -0.82025  eV     1   --> A              
     e( 18 - 18) =     -0.19387  eV     1   --> A              
     e( 19 - 19) =      1.57975  eV     1   --> A              
     e( 20 - 20) =      1.73599  eV     1   --> A              
     e( 21 - 21) =      1.98334  eV     1   --> A              
     e( 22 - 22) =      2.64702  eV     1   --> A              

 **************************************************************************

 **************************************************************************

                    xk=(   0.10476,   0.18145,   0.00000  )

     Band symmetry, C_1 (1)     point group:

     e(  1 -  1) =    -61.55991  eV     1   --> A              
     e(  2 -  2) =    -35.82164  eV     1   --> A              
     e(  3 -  3) =    -35.57217  eV     1   --> A              
     e(  4 -  4) =    -35.48985  eV     1   --> A              
     e(  5 -  5) =    -16.04316  eV     1   --> A              
     e(  6 -  6) =    -13.99141  eV     1   --> A              
     e(  7 -  7) =     -7.19628  eV     1   --> A              
     e(  8 -  8) =     -6.00639  eV     1   --> A              
     e(  9 -  9) =     -5.20031  eV     1   --> A              
     e( 10 - 10) =     -4.83602  eV     1   --> A              
     e( 11 - 11) =     -3.71217  eV     1   --> A              
     e( 12 - 12) =     -3.05067  eV     1   --> A              
     e( 13 - 13) =     -2.34241  eV     1   --> A              
     e( 14 - 14) =     -1.77973  eV     1   --> A              
     e( 15 - 15) =     -1.54670  eV     1   --> A              
     e( 16 - 16) =     -1.22451  eV     1   --> A              
     e( 17 - 17) =     -0.84537  eV     1   --> A              
     e( 18 - 18) =     -0.22347  eV     1   --> A              
     e( 19 - 19) =      1.67660  eV     1   --> A              
     e( 20 - 20) =      1.75146  eV     1   --> A              
     e( 21 - 21) =      2.04378  eV     1   --> A              
     e( 22 - 22) =      2.57453  eV     1   --> A              

 **************************************************************************

 **************************************************************************

                    xk=(   0.09524,   0.16496,   0.00000  )

     Band symmetry, C_1 (1)     point group:

     e(  1 -  1) =    -61.56174  eV     1   --> A              
     e(  2 -  2) =    -35.82523  eV     1   --> A              
     e(  3 -  3) =    -35.55510  eV     1   --> A              
     e(  4 -  4) =    -35.48467  eV     1   --> A              
     e(  5 -  5) =    -16.10822  eV     1   --> A              
     e(  6 -  6) =    -14.04181  eV     1   --> A              
     e(  7 -  7) =     -7.26312  eV     1   --> A              
     e(  8 -  8) =     -5.86219  eV     1   --> A              
     e(  9 -  9) =     -5.16283  eV     1   --> A              
     e( 10 - 10) =     -4.82816  eV     1   --> A              
     e( 11 - 11) =     -3.64500  eV     1   --> A              
     e( 12 - 12) =     -3.04929  eV     1   --> A              
     e( 13 - 13) =     -2.31063  eV     1   --> A              
     e( 14 - 14) =     -1.78657  eV     1   --> A              
     e( 15 - 15) =     -1.54912  eV     1   --> A              
     e( 16 - 16) =     -1.17585  eV     1   --> A              
     e( 17 - 17) =     -0.85950  eV     1   --> A              
     e( 18 - 18) =     -0.25357  eV     1   --> A              
     e( 19 - 19) =      1.76507  eV     1   --> A              
     e( 20 - 20) =      1.78593  eV     1   --> A              
     e( 21 - 21) =      2.10248  eV     1   --> A              
     e( 22 - 22) =      2.50606  eV     1   --> A              

 **************************************************************************

 **************************************************************************

                    xk=(   0.08571,   0.14846,   0.00000  )

     Band symmetry, C_1 (1)     point group:

     e(  1 -  1) =    -61.56346  eV     1   --> A              
     e(  2 -  2) =    -35.82860  eV     1   --> A              
     e(  3 -  3) =    -35.53884  eV     1   --> A              
     e(  4 -  4) =    -35.47999  eV     1   --> A              
     e(  5 -  5) =    -16.16845  eV     1   --> A              
     e(  6 -  6) =    -14.08833  eV     1   --> A              
     e(  7 -  7) =     -7.32667  eV     1   --> A              
     e(  8 -  8) =     -5.72350  eV     1   --> A              
     e(  9 -  9) =     -5.12988  eV     1   --> A              
     e( 10 - 10) =     -4.82988  eV     1   --> A              
     e( 11 - 11) =     -3.57182  eV     1   --> A              
     e( 12 - 12) =     -3.04940  eV     1   --> A              
     e( 13 - 13) =     -2.27618  eV     1   --> A              
     e( 14 - 14) =     -1.79683  eV     1   --> A              
     e( 15 - 15) =     -1.55604  eV     1   --> A              
     e( 16 - 16) =     -1.12498  eV     1   --> A              
     e( 17 - 17) =     -0.86390  eV     1   --> A              
     e( 18 - 18) =     -0.28312  eV     1   --> A              
     e( 19 - 19) =      1.79899  eV     1   --> A              
     e( 20 - 20) =      1.88502  eV     1   --> A              
     e( 21 - 21) =      2.15139  eV     1   --> A              
     e( 22 - 22) =      2.44608  eV     1   --> A              

 **************************************************************************

 **************************************************************************

                    xk=(   0.07619,   0.13197,   0.00000  )

     Band symmetry, C_1 (1)     point group:

     e(  1 -  1) =    -61.56505  eV     1   --> A              
     e(  2 -  2) =    -35.83172  eV     1   --> A              
     e(  3 -  3) =    -35.52361  eV     1   --> A              
     e(  4 -  4) =    -35.47580  eV     1   --> A              
     e(  5 -  5) =    -16.22344  eV     1   --> A              
     e(  6 -  6) =    -14.13068  eV     1   --> A              
     e(  7 -  7) =     -7.38604  eV     1   --> A              
     e(  8 -  8) =     -5.59216  eV     1   --> A              
     e(  9 -  9) =     -5.10147  eV     1   --> A              
     e( 10 - 10) =     -4.83836  eV     1   --> A              
     e( 11 - 11) =     -3.49553  eV     1   --> A              
     e( 12 - 12) =     -3.05141  eV     1   --> A              
     e( 13 - 13) =     -2.23855  eV     1   --> A              
     e( 14 - 14) =     -1.80833  eV     1   --> A              
     e( 15 - 15) =     -1.56905  eV     1   --> A              
     e( 16 - 16) =     -1.07362  eV     1   --> A              
     e( 17 - 17) =     -0.86051  eV     1   --> A              
     e( 18 - 18) =     -0.31131  eV     1   --> A              
     e( 19 - 19) =      1.83576  eV     1   --> A              
     e( 20 - 20) =      1.98756  eV     1   --> A              
     e( 21 - 21) =      2.18047  eV     1   --> A              
     e( 22 - 22) =      2.39989  eV     1   --> A              

 **************************************************************************

 **************************************************************************

                    xk=(   0.06667,   0.11547,   0.00000  )

     Band symmetry, C_1 (1)     point group:

     e(  1 -  1) =    -61.56649  eV     1   --> A              
     e(  2 -  2) =    -35.83455  eV     1   --> A              
     e(  3 -  3) =    -35.50962  eV     1   --> A              
     e(  4 -  4) =    -35.47212  eV     1   --> A              
     e(  5 -  5) =    -16.27282  eV     1   --> A              
     e(  6 -  6) =    -14.16862  eV     1   --> A              
     e(  7 -  7) =     -7.44042  eV     1   --> A              
     e(  8 -  8) =     -5.47003  eV     1   --> A              
     e(  9 -  9) =     -5.07760  eV     1   --> A              
     e( 10 - 10) =     -4.85098  eV     1   --> A              
     e( 11 - 11) =     -3.41895  eV     1   --> A              
     e( 12 - 12) =     -3.05542  eV     1   --> A              
     e( 13 - 13) =     -2.19762  eV     1   --> A              
     e( 14 - 14) =     -1.81963  eV     1   --> A              
     e( 15 - 15) =     -1.58899  eV     1   --> A              
     e( 16 - 16) =     -1.02292  eV     1   --> A              
     e( 17 - 17) =     -0.85171  eV     1   --> A              
     e( 18 - 18) =     -0.33758  eV     1   --> A              
     e( 19 - 19) =      1.87876  eV     1   --> A              
     e( 20 - 20) =      2.07363  eV     1   --> A              
     e( 21 - 21) =      2.19320  eV     1   --> A              
     e( 22 - 22) =      2.36349  eV     1   --> A              

 **************************************************************************

 **************************************************************************

                    xk=(   0.05714,   0.09897,   0.00000  )

     Band symmetry, C_1 (1)     point group:

     e(  1 -  1) =    -61.56778  eV     1   --> A              
     e(  2 -  2) =    -35.83707  eV     1   --> A              
     e(  3 -  3) =    -35.49706  eV     1   --> A              
     e(  4 -  4) =    -35.46892  eV     1   --> A              
     e(  5 -  5) =    -16.31627  eV     1   --> A              
     e(  6 -  6) =    -14.20195  eV     1   --> A              
     e(  7 -  7) =     -7.48908  eV     1   --> A              
     e(  8 -  8) =     -5.35899  eV     1   --> A              
     e(  9 -  9) =     -5.05818  eV     1   --> A              
     e( 10 - 10) =     -4.86549  eV     1   --> A              
     e( 11 - 11) =     -3.34477  eV     1   --> A              
     e( 12 - 12) =     -3.06111  eV     1   --> A              
     e( 13 - 13) =     -2.15376  eV     1   --> A              
     e( 14 - 14) =     -1.82992  eV     1   --> A              
     e( 15 - 15) =     -1.61586  eV     1   --> A              
     e( 16 - 16) =     -0.97380  eV     1   --> A              
     e( 17 - 17) =     -0.83999  eV     1   --> A              
     e( 18 - 18) =     -0.36160  eV     1   --> A              
     e( 19 - 19) =      1.92588  eV     1   --> A              
     e( 20 - 20) =      2.08994  eV     1   --> A              
     e( 21 - 21) =      2.24770  eV     1   --> A              
     e( 22 - 22) =      2.31962  eV     1   --> A              

 **************************************************************************

 **************************************************************************

                    xk=(   0.04762,   0.08248,   0.00000  )

     Band symmetry, C_1 (1)     point group:

     e(  1 -  1) =    -61.56889  eV     1   --> A              
     e(  2 -  2) =    -35.83925  eV     1   --> A              
     e(  3 -  3) =    -35.48611  eV     1   --> A              
     e(  4 -  4) =    -35.46623  eV     1   --> A              
     e(  5 -  5) =    -16.35350  eV     1   --> A              
     e(  6 -  6) =    -14.23046  eV     1   --> A              
     e(  7 -  7) =     -7.53137  eV     1   --> A              
     e(  8 -  8) =     -5.26081  eV     1   --> A              
     e(  9 -  9) =     -5.04303  eV     1   --> A              
     e( 10 - 10) =     -4.88010  eV     1   --> A              
     e( 11 - 11) =     -3.27558  eV     1   --> A              
     e( 12 - 12) =     -3.06787  eV     1   --> A              
     e( 13 - 13) =     -2.10763  eV     1   --> A              
     e( 14 - 14) =     -1.83885  eV     1   --> A              
     e( 15 - 15) =     -1.64895  eV     1   --> A              
     e( 16 - 16) =     -0.92728  eV     1   --> A              
     e( 17 - 17) =     -0.82757  eV     1   --> A              
     e( 18 - 18) =     -0.38315  eV     1   --> A              
     e( 19 - 19) =      1.97202  eV     1   --> A              
     e( 20 - 20) =      2.05671  eV     1   --> A              
     e( 21 - 21) =      2.26951  eV     1   --> A              
     e( 22 - 22) =      2.33920  eV     1   --> A              

 **************************************************************************

 **************************************************************************

                    xk=(   0.03810,   0.06598,   0.00000  )

     Band symmetry, C_1 (1)     point group:

     e(  1 -  1) =    -61.56981  eV     1   --> A              
     e(  2 -  2) =    -35.84106  eV     1   --> A              
     e(  3 -  3) =    -35.47694  eV     1   --> A              
     e(  4 -  4) =    -35.46403  eV     1   --> A              
     e(  5 -  5) =    -16.38429  eV     1   --> A              
     e(  6 -  6) =    -14.25402  eV     1   --> A              
     e(  7 -  7) =     -7.56674  eV     1   --> A              
     e(  8 -  8) =     -5.17718  eV     1   --> A              
     e(  9 -  9) =     -5.03188  eV     1   --> A              
     e( 10 - 10) =     -4.89351  eV     1   --> A              
     e( 11 - 11) =     -3.21398  eV     1   --> A              
     e( 12 - 12) =     -3.07489  eV     1   --> A              
     e( 13 - 13) =     -2.06006  eV     1   --> A              
     e( 14 - 14) =     -1.84626  eV     1   --> A              
     e( 15 - 15) =     -1.68712  eV     1   --> A              
     e( 16 - 16) =     -0.88475  eV     1   --> A              
     e( 17 - 17) =     -0.81611  eV     1   --> A              
     e( 18 - 18) =     -0.40207  eV     1   --> A              
     e( 19 - 19) =      1.98686  eV     1   --> A              
     e( 20 - 20) =      2.04403  eV     1   --> A              
     e( 21 - 21) =      2.22433  eV     1   --> A              
     e( 22 - 22) =      2.43068  eV     1   --> A              

 **************************************************************************

 **************************************************************************

                    xk=(   0.02857,   0.04949,   0.00000  )

     Band symmetry, C_1 (1)     point group:

     e(  1 -  1) =    -61.57054  eV     1   --> A              
     e(  2 -  2) =    -35.84249  eV     1   --> A              
     e(  3 -  3) =    -35.46966  eV     1   --> A              
     e(  4 -  4) =    -35.46231  eV     1   --> A              
     e(  5 -  5) =    -16.40844  eV     1   --> A              
     e(  6 -  6) =    -14.27247  eV     1   --> A              
     e(  7 -  7) =     -7.59472  eV     1   --> A              
     e(  8 -  8) =     -5.10955  eV     1   --> A              
     e(  9 -  9) =     -5.02430  eV     1   --> A              
     e( 10 - 10) =     -4.90491  eV     1   --> A              
     e( 11 - 11) =     -3.16252  eV     1   --> A              
     e( 12 - 12) =     -3.08137  eV     1   --> A              
     e( 13 - 13) =     -2.01183  eV     1   --> A              
     e( 14 - 14) =     -1.85211  eV     1   --> A              
     e( 15 - 15) =     -1.72909  eV     1   --> A              
     e( 16 - 16) =     -0.84800  eV     1   --> A              
     e( 17 - 17) =     -0.80667  eV     1   --> A              
     e( 18 - 18) =     -0.41803  eV     1   --> A              
     e( 19 - 19) =      1.95242  eV     1   --> A              
     e( 20 - 20) =      2.07865  eV     1   --> A              
     e( 21 - 21) =      2.18814  eV     1   --> A              
     e( 22 - 22) =      2.51186  eV     1   --> A              

 **************************************************************************

 **************************************************************************

                    xk=(   0.01905,   0.03299,   0.00000  )

     Band symmetry, C_1 (1)     point group:

     e(  1 -  1) =    -61.57107  eV     1   --> A              
     e(  2 -  2) =    -35.84353  eV     1   --> A              
     e(  3 -  3) =    -35.46438  eV     1   --> A              
     e(  4 -  4) =    -35.46109  eV     1   --> A              
     e(  5 -  5) =    -16.42579  eV     1   --> A              
     e(  6 -  6) =    -14.28572  eV     1   --> A              
     e(  7 -  7) =     -7.61496  eV     1   --> A              
     e(  8 -  8) =     -5.05924  eV     1   --> A              
     e(  9 -  9) =     -5.01968  eV     1   --> A              
     e( 10 - 10) =     -4.91395  eV     1   --> A              
     e( 11 - 11) =     -3.12362  eV     1   --> A              
     e( 12 - 12) =     -3.08657  eV     1   --> A              
     e( 13 - 13) =     -1.96354  eV     1   --> A              
     e( 14 - 14) =     -1.85634  eV     1   --> A              
     e( 15 - 15) =     -1.77362  eV     1   --> A              
     e( 16 - 16) =     -0.81923  eV     1   --> A              
     e( 17 - 17) =     -0.79979  eV     1   --> A              
     e( 18 - 18) =     -0.43047  eV     1   --> A              
     e( 19 - 19) =      1.91939  eV     1   --> A              
     e( 20 - 20) =      2.11188  eV     1   --> A              
     e( 21 - 21) =      2.16221  eV     1   --> A              
     e( 22 - 22) =      2.57607  eV     1   --> A              

 **************************************************************************

 **************************************************************************

                    xk=(   0.00952,   0.01650,   0.00000  )

     Band symmetry, C_1 (1)     point group:

     e(  1 -  1) =    -61.57139  eV     1   --> A              
     e(  2 -  2) =    -35.84415  eV     1   --> A              
     e(  3 -  3) =    -35.46118  eV     1   --> A              
     e(  4 -  4) =    -35.46036  eV     1   --> A              
     e(  5 -  5) =    -16.43625  eV     1   --> A              
     e(  6 -  6) =    -14.29370  eV     1   --> A              
     e(  7 -  7) =     -7.62721  eV     1   --> A              
     e(  8 -  8) =     -5.02759  eV     1   --> A              
     e(  9 -  9) =     -5.01731  eV     1   --> A              
     e( 10 - 10) =     -4.92026  eV     1   --> A              
     e( 11 - 11) =     -3.09934  eV     1   --> A              
     e( 12 - 12) =     -3.08992  eV     1   --> A              
     e( 13 - 13) =     -1.91568  eV     1   --> A              
     e( 14 - 14) =     -1.85891  eV     1   --> A              
     e( 15 - 15) =     -1.81955  eV     1   --> A              
     e( 16 - 16) =     -0.80070  eV     1   --> A              
     e( 17 - 17) =     -0.79565  eV     1   --> A              
     e( 18 - 18) =     -0.43853  eV     1   --> A              
     e( 19 - 19) =      1.89774  eV     1   --> A              
     e( 20 - 20) =      2.13387  eV     1   --> A              
     e( 21 - 21) =      2.14669  eV     1   --> A              
     e( 22 - 22) =      2.61755  eV     1   --> A              

 **************************************************************************

 **************************************************************************

                    xk=(   0.00000,   0.00000,   0.00000  )

     Band symmetry, C_1 (1)     point group:

     e(  1 -  1) =    -61.57150  eV     1   --> A              
     e(  2 -  2) =    -35.84436  eV     1   --> A              
     e(  3 -  4) =    -35.46012  eV     2   -->   2 A              
     e(  5 -  5) =    -16.43974  eV     1   --> A              
     e(  6 -  6) =    -14.29637  eV     1   --> A              
     e(  7 -  7) =     -7.63132  eV     1   --> A              
     e(  8 -  9) =     -5.01661  eV     2   -->   2 A              
     e( 10 - 10) =     -4.92271  eV     1   --> A              
     e( 11 - 12) =     -3.09109  eV     2   -->   2 A              
     e( 13 - 13) =     -1.87489  eV     1   --> A              
     e( 14 - 15) =     -1.85978  eV     2   -->   2 A              
     e( 16 - 17) =     -0.79428  eV     2   -->   2 A              
     e( 18 - 18) =     -0.44135  eV     1   --> A              
     e( 19 - 19) =      1.89026  eV     1   --> A              
     e( 20 - 21) =      2.14152  eV     2   -->   2 A              
     e( 22 - 22) =      2.63193  eV     1   --> A              

 **************************************************************************
 
     BANDS        :      5.30s CPU      6.12s WALL

 
   This run was terminated on:  11:13:18  23Jul2025            

=------------------------------------------------------------------------------=
   JOB DONE.
=------------------------------------------------------------------------------=
