
     Program BANDS v.7.2 starts on 23Jul2025 at 11:12:24 

     This program is part of the open-source Quantum ESPRESSO suite
     for quantum simulation of materials; please cite
         "P. Giannozzi et al., J. Phys.:Condens. Matter 21 395502 (2009);
         "P. Giannozzi et al., J. Phys.:Condens. Matter 29 465901 (2017);
         "P. Giannozzi et al., J. Chem. Phys. 152 154105 (2020);
          URL http://www.quantum-espresso.org", 
     in publications or presentations arising from this work. More details at
     http://www.quantum-espresso.org/quote

     Parallel version (MPI), running on    16 processors

     MPI processes distributed on     1 nodes
     R & G space division:  proc/nbgrp/npool/nimage =      16
     14558 MiB available memory on the printing compute node when the environment starts
 

     Reading xml data from directory:

     ./tmp/scf.save/
     Message from routine  set_nelup_neldw :
     BEWARE: non-integer number of up and down electrons!
     file Mo.pbe-spn-kjpaw_psl.1.0.0.UPF: wavefunction(s)  4S 4D renormalized
     file S.pbe-n-kjpaw_psl.1.0.0.UPF: wavefunction(s)  3S 3P renormalized
     file Co.pbe-n-kjpaw_psl.1.0.0.UPF: wavefunction(s)  4S 3D renormalized

     IMPORTANT: XC functional enforced from input :
     Exchange-correlation= PBE
                           (   1   4   3   4   0   0   0)
     Any further DFT definition will be discarded
     Please, verify this is what you really want

 
     Parallelization info
     --------------------
     sticks:   dense  smooth     PW     G-vecs:    dense   smooth      PW
     Min         108      42     12                28601     7220    1136
     Max         110      43     13                28616     7259    1171
     Sum        1735     685    199               457675   115763   18407
 
     Using Slab Decomposition
 

     negative rho (up, down):  5.095E-05 5.086E-05
     Reading collected, re-writing distributed wavefunctions
     high-symmetry point:  0.0000 0.0000 0.0000   x coordinate   0.0000
     high-symmetry point:  0.5000 0.2887 0.0000   x coordinate   0.5774
     high-symmetry point:  0.3333 0.5774 0.0000   x coordinate   0.9107
     high-symmetry point:  0.0000 0.0000 0.0000   x coordinate   1.5774

     Plottable bands (eV) written to file bands.dat.gnu
     Bands written to file bands.dat

 **************************************************************************

                    xk=(   0.00000,   0.00000,   0.00000  )

     point group C_1 (1)    
     there are  1 classes
     the character table:

       E    
A      1.00

     the symmetry operations in each class and the name of the first element:

     E        1
                                                                 

     Band symmetry, C_1 (1)     point group:

     e(  1 -  1) =    -61.57782  eV     1   --> A              
     e(  2 -  2) =    -35.84946  eV     1   --> A              
     e(  3 -  4) =    -35.46802  eV     2   -->   2 A              
     e(  5 -  5) =    -16.44084  eV     1   --> A              
     e(  6 -  6) =    -14.29741  eV     1   --> A              
     e(  7 -  7) =     -7.63475  eV     1   --> A              
     e(  8 -  9) =     -5.02794  eV     2   -->   2 A              
     e( 10 - 10) =     -4.92662  eV     1   --> A              
     e( 11 - 12) =     -3.09573  eV     2   -->   2 A              
     e( 13 - 13) =     -1.88194  eV     1   --> A              
     e( 14 - 15) =     -1.87815  eV     2   -->   2 A              
     e( 16 - 17) =     -0.81628  eV     2   -->   2 A              
     e( 18 - 18) =     -0.45333  eV     1   --> A              
     e( 19 - 19) =      1.88384  eV     1   --> A              
     e( 20 - 21) =      2.13677  eV     2   -->   2 A              
     e( 22 - 22) =      2.61620  eV     1   --> A              

 **************************************************************************

 **************************************************************************

                    xk=(   0.01351,   0.00780,   0.00000  )

     Band symmetry, C_1 (1)     point group:

     e(  1 -  1) =    -61.57775  eV     1   --> A              
     e(  2 -  2) =    -35.84932  eV     1   --> A              
     e(  3 -  3) =    -35.46873  eV     1   --> A              
     e(  4 -  4) =    -35.46818  eV     1   --> A              
     e(  5 -  5) =    -16.43850  eV     1   --> A              
     e(  6 -  6) =    -14.29562  eV     1   --> A              
     e(  7 -  7) =     -7.63200  eV     1   --> A              
     e(  8 -  8) =     -5.03526  eV     1   --> A              
     e(  9 -  9) =     -5.02839  eV     1   --> A              
     e( 10 - 10) =     -4.92501  eV     1   --> A              
     e( 11 - 11) =     -3.10127  eV     1   --> A              
     e( 12 - 12) =     -3.09493  eV     1   --> A              
     e( 13 - 13) =     -1.91923  eV     1   --> A              
     e( 14 - 14) =     -1.87757  eV     1   --> A              
     e( 15 - 15) =     -1.84130  eV     1   --> A              
     e( 16 - 16) =     -0.82050  eV     1   --> A              
     e( 17 - 17) =     -0.81719  eV     1   --> A              
     e( 18 - 18) =     -0.45147  eV     1   --> A              
     e( 19 - 19) =      1.88886  eV     1   --> A              
     e( 20 - 20) =      2.13162  eV     1   --> A              
     e( 21 - 21) =      2.14024  eV     1   --> A              
     e( 22 - 22) =      2.60653  eV     1   --> A              

 **************************************************************************

 **************************************************************************

                    xk=(   0.02703,   0.01560,   0.00000  )

     Band symmetry, C_1 (1)     point group:

     e(  1 -  1) =    -61.57753  eV     1   --> A              
     e(  2 -  2) =    -35.84890  eV     1   --> A              
     e(  3 -  3) =    -35.47089  eV     1   --> A              
     e(  4 -  4) =    -35.46867  eV     1   --> A              
     e(  5 -  5) =    -16.43147  eV     1   --> A              
     e(  6 -  6) =    -14.29026  eV     1   --> A              
     e(  7 -  7) =     -7.62377  eV     1   --> A              
     e(  8 -  8) =     -5.05668  eV     1   --> A              
     e(  9 -  9) =     -5.02978  eV     1   --> A              
     e( 10 - 10) =     -4.92066  eV     1   --> A              
     e( 11 - 11) =     -3.11772  eV     1   --> A              
     e( 12 - 12) =     -3.09257  eV     1   --> A              
     e( 13 - 13) =     -1.95871  eV     1   --> A              
     e( 14 - 14) =     -1.87579  eV     1   --> A              
     e( 15 - 15) =     -1.80330  eV     1   --> A              
     e( 16 - 16) =     -0.83294  eV     1   --> A              
     e( 17 - 17) =     -0.81989  eV     1   --> A              
     e( 18 - 18) =     -0.44607  eV     1   --> A              
     e( 19 - 19) =      1.90352  eV     1   --> A              
     e( 20 - 20) =      2.11681  eV     1   --> A              
     e( 21 - 21) =      2.15046  eV     1   --> A              
     e( 22 - 22) =      2.57823  eV     1   --> A              

 **************************************************************************

 **************************************************************************

                    xk=(   0.04054,   0.02341,   0.00000  )

     Band symmetry, C_1 (1)     point group:

     e(  1 -  1) =    -61.57718  eV     1   --> A              
     e(  2 -  2) =    -35.84821  eV     1   --> A              
     e(  3 -  3) =    -35.47445  eV     1   --> A              
     e(  4 -  4) =    -35.46948  eV     1   --> A              
     e(  5 -  5) =    -16.41980  eV     1   --> A              
     e(  6 -  6) =    -14.28135  eV     1   --> A              
     e(  7 -  7) =     -7.61013  eV     1   --> A              
     e(  8 -  8) =     -5.09126  eV     1   --> A              
     e(  9 -  9) =     -5.03213  eV     1   --> A              
     e( 10 - 10) =     -4.91440  eV     1   --> A              
     e( 11 - 11) =     -3.14448  eV     1   --> A              
     e( 12 - 12) =     -3.08874  eV     1   --> A              
     e( 13 - 13) =     -1.99855  eV     1   --> A              
     e( 14 - 14) =     -1.87271  eV     1   --> A              
     e( 15 - 15) =     -1.76635  eV     1   --> A              
     e( 16 - 16) =     -0.85291  eV     1   --> A              
     e( 17 - 17) =     -0.82412  eV     1   --> A              
     e( 18 - 18) =     -0.43757  eV     1   --> A              
     e( 19 - 19) =      1.92630  eV     1   --> A              
     e( 20 - 20) =      2.09470  eV     1   --> A              
     e( 21 - 21) =      2.16688  eV     1   --> A              
     e( 22 - 22) =      2.53334  eV     1   --> A              

 **************************************************************************

 **************************************************************************

                    xk=(   0.05405,   0.03121,   0.00000  )

     Band symmetry, C_1 (1)     point group:

     e(  1 -  1) =    -61.57668  eV     1   --> A              
     e(  2 -  2) =    -35.84724  eV     1   --> A              
     e(  3 -  3) =    -35.47940  eV     1   --> A              
     e(  4 -  4) =    -35.47061  eV     1   --> A              
     e(  5 -  5) =    -16.40353  eV     1   --> A              
     e(  6 -  6) =    -14.26892  eV     1   --> A              
     e(  7 -  7) =     -7.59119  eV     1   --> A              
     e(  8 -  8) =     -5.13826  eV     1   --> A              
     e(  9 -  9) =     -5.03549  eV     1   --> A              
     e( 10 - 10) =     -4.90676  eV     1   --> A              
     e( 11 - 11) =     -3.18062  eV     1   --> A              
     e( 12 - 12) =     -3.08357  eV     1   --> A              
     e( 13 - 13) =     -2.03874  eV     1   --> A              
     e( 14 - 14) =     -1.86812  eV     1   --> A              
     e( 15 - 15) =     -1.73102  eV     1   --> A              
     e( 16 - 16) =     -0.87955  eV     1   --> A              
     e( 17 - 17) =     -0.82953  eV     1   --> A              
     e( 18 - 18) =     -0.42651  eV     1   --> A              
     e( 19 - 19) =      1.95204  eV     1   --> A              
     e( 20 - 20) =      2.07157  eV     1   --> A              
     e( 21 - 21) =      2.18851  eV     1   --> A              
     e( 22 - 22) =      2.47468  eV     1   --> A              

 **************************************************************************

 **************************************************************************

                    xk=(   0.06757,   0.03901,   0.00000  )

     Band symmetry, C_1 (1)     point group:

     e(  1 -  1) =    -61.57605  eV     1   --> A              
     e(  2 -  2) =    -35.84601  eV     1   --> A              
     e(  3 -  3) =    -35.48571  eV     1   --> A              
     e(  4 -  4) =    -35.47205  eV     1   --> A              
     e(  5 -  5) =    -16.38273  eV     1   --> A              
     e(  6 -  6) =    -14.25302  eV     1   --> A              
     e(  7 -  7) =     -7.56714  eV     1   --> A              
     e(  8 -  8) =     -5.19709  eV     1   --> A              
     e(  9 -  9) =     -5.03995  eV     1   --> A              
     e( 10 - 10) =     -4.89805  eV     1   --> A              
     e( 11 - 11) =     -3.22500  eV     1   --> A              
     e( 12 - 12) =     -3.07726  eV     1   --> A              
     e( 13 - 13) =     -2.07925  eV     1   --> A              
     e( 14 - 14) =     -1.86181  eV     1   --> A              
     e( 15 - 15) =     -1.69805  eV     1   --> A              
     e( 16 - 16) =     -0.91195  eV     1   --> A              
     e( 17 - 17) =     -0.83563  eV     1   --> A              
     e( 18 - 18) =     -0.41336  eV     1   --> A              
     e( 19 - 19) =      1.96282  eV     1   --> A              
     e( 20 - 20) =      2.06658  eV     1   --> A              
     e( 21 - 21) =      2.21374  eV     1   --> A              
     e( 22 - 22) =      2.40558  eV     1   --> A              

 **************************************************************************

 **************************************************************************

                    xk=(   0.08108,   0.04681,   0.00000  )

     Band symmetry, C_1 (1)     point group:

     e(  1 -  1) =    -61.57530  eV     1   --> A              
     e(  2 -  2) =    -35.84452  eV     1   --> A              
     e(  3 -  3) =    -35.49331  eV     1   --> A              
     e(  4 -  4) =    -35.47378  eV     1   --> A              
     e(  5 -  5) =    -16.35748  eV     1   --> A              
     e(  6 -  6) =    -14.23371  eV     1   --> A              
     e(  7 -  7) =     -7.53817  eV     1   --> A              
     e(  8 -  8) =     -5.26713  eV     1   --> A              
     e(  9 -  9) =     -5.04557  eV     1   --> A              
     e( 10 - 10) =     -4.88865  eV     1   --> A              
     e( 11 - 11) =     -3.27627  eV     1   --> A              
     e( 12 - 12) =     -3.07005  eV     1   --> A              
     e( 13 - 13) =     -2.11997  eV     1   --> A              
     e( 14 - 14) =     -1.85350  eV     1   --> A              
     e( 15 - 15) =     -1.66824  eV     1   --> A              
     e( 16 - 16) =     -0.94928  eV     1   --> A              
     e( 17 - 17) =     -0.84185  eV     1   --> A              
     e( 18 - 18) =     -0.39847  eV     1   --> A              
     e( 19 - 19) =      1.94133  eV     1   --> A              
     e( 20 - 20) =      2.09757  eV     1   --> A              
     e( 21 - 21) =      2.23994  eV     1   --> A              
     e( 22 - 22) =      2.33008  eV     1   --> A              

 **************************************************************************

 **************************************************************************

                    xk=(   0.09459,   0.05461,   0.00000  )

     Band symmetry, C_1 (1)     point group:

     e(  1 -  1) =    -61.57441  eV     1   --> A              
     e(  2 -  2) =    -35.84279  eV     1   --> A              
     e(  3 -  3) =    -35.50214  eV     1   --> A              
     e(  4 -  4) =    -35.47580  eV     1   --> A              
     e(  5 -  5) =    -16.32790  eV     1   --> A              
     e(  6 -  6) =    -14.21106  eV     1   --> A              
     e(  7 -  7) =     -7.50455  eV     1   --> A              
     e(  8 -  8) =     -5.34766  eV     1   --> A              
     e(  9 -  9) =     -5.05244  eV     1   --> A              
     e( 10 - 10) =     -4.87901  eV     1   --> A              
     e( 11 - 11) =     -3.33295  eV     1   --> A              
     e( 12 - 12) =     -3.06218  eV     1   --> A              
     e( 13 - 13) =     -2.16069  eV     1   --> A              
     e( 14 - 14) =     -1.84292  eV     1   --> A              
     e( 15 - 15) =     -1.64243  eV     1   --> A              
     e( 16 - 16) =     -0.99086  eV     1   --> A              
     e( 17 - 17) =     -0.84754  eV     1   --> A              
     e( 18 - 18) =     -0.38206  eV     1   --> A              
     e( 19 - 19) =      1.90422  eV     1   --> A              
     e( 20 - 20) =      2.14269  eV     1   --> A              
     e( 21 - 21) =      2.25773  eV     1   --> A              
     e( 22 - 22) =      2.26274  eV     1   --> A              

 **************************************************************************

 **************************************************************************

                    xk=(   0.10811,   0.06242,   0.00000  )

     Band symmetry, C_1 (1)     point group:

     e(  1 -  1) =    -61.57341  eV     1   --> A              
     e(  2 -  2) =    -35.84082  eV     1   --> A              
     e(  3 -  3) =    -35.51215  eV     1   --> A              
     e(  4 -  4) =    -35.47809  eV     1   --> A              
     e(  5 -  5) =    -16.29410  eV     1   --> A              
     e(  6 -  6) =    -14.18517  eV     1   --> A              
     e(  7 -  7) =     -7.46661  eV     1   --> A              
     e(  8 -  8) =     -5.43789  eV     1   --> A              
     e(  9 -  9) =     -5.06066  eV     1   --> A              
     e( 10 - 10) =     -4.86975  eV     1   --> A              
     e( 11 - 11) =     -3.39350  eV     1   --> A              
     e( 12 - 12) =     -3.05396  eV     1   --> A              
     e( 13 - 13) =     -2.20116  eV     1   --> A              
     e( 14 - 14) =     -1.82981  eV     1   --> A              
     e( 15 - 15) =     -1.62139  eV     1   --> A              
     e( 16 - 16) =     -1.03613  eV     1   --> A              
     e( 17 - 17) =     -0.85201  eV     1   --> A              
     e( 18 - 18) =     -0.36428  eV     1   --> A              
     e( 19 - 19) =      1.86355  eV     1   --> A              
     e( 20 - 20) =      2.13290  eV     1   --> A              
     e( 21 - 21) =      2.24934  eV     1   --> A              
     e( 22 - 22) =      2.27545  eV     1   --> A              

 **************************************************************************

 **************************************************************************

                    xk=(   0.12162,   0.07022,   0.00000  )

     Band symmetry, C_1 (1)     point group:

     e(  1 -  1) =    -61.57230  eV     1   --> A              
     e(  2 -  2) =    -35.83864  eV     1   --> A              
     e(  3 -  3) =    -35.52326  eV     1   --> A              
     e(  4 -  4) =    -35.48063  eV     1   --> A              
     e(  5 -  5) =    -16.25624  eV     1   --> A              
     e(  6 -  6) =    -14.15612  eV     1   --> A              
     e(  7 -  7) =     -7.42472  eV     1   --> A              
     e(  8 -  8) =     -5.53695  eV     1   --> A              
     e(  9 -  9) =     -5.07029  eV     1   --> A              
     e( 10 - 10) =     -4.86166  eV     1   --> A              
     e( 11 - 11) =     -3.45627  eV     1   --> A              
     e( 12 - 12) =     -3.04565  eV     1   --> A              
     e( 13 - 13) =     -2.24104  eV     1   --> A              
     e( 14 - 14) =     -1.81396  eV     1   --> A              
     e( 15 - 15) =     -1.60577  eV     1   --> A              
     e( 16 - 16) =     -1.08459  eV     1   --> A              
     e( 17 - 17) =     -0.85453  eV     1   --> A              
     e( 18 - 18) =     -0.34525  eV     1   --> A              
     e( 19 - 19) =      1.82333  eV     1   --> A              
     e( 20 - 20) =      2.05893  eV     1   --> A              
     e( 21 - 21) =      2.27156  eV     1   --> A              
     e( 22 - 22) =      2.31358  eV     1   --> A              

 **************************************************************************

 **************************************************************************

                    xk=(   0.13514,   0.07802,   0.00000  )

     Band symmetry, C_1 (1)     point group:

     e(  1 -  1) =    -61.57108  eV     1   --> A              
     e(  2 -  2) =    -35.83625  eV     1   --> A              
     e(  3 -  3) =    -35.53537  eV     1   --> A              
     e(  4 -  4) =    -35.48341  eV     1   --> A              
     e(  5 -  5) =    -16.21449  eV     1   --> A              
     e(  6 -  6) =    -14.12403  eV     1   --> A              
     e(  7 -  7) =     -7.37932  eV     1   --> A              
     e(  8 -  8) =     -5.64391  eV     1   --> A              
     e(  9 -  9) =     -5.08140  eV     1   --> A              
     e( 10 - 10) =     -4.85571  eV     1   --> A              
     e( 11 - 11) =     -3.51958  eV     1   --> A              
     e( 12 - 12) =     -3.03755  eV     1   --> A              
     e( 13 - 13) =     -2.27998  eV     1   --> A              
     e( 14 - 14) =     -1.79524  eV     1   --> A              
     e( 15 - 15) =     -1.59601  eV     1   --> A              
     e( 16 - 16) =     -1.13574  eV     1   --> A              
     e( 17 - 17) =     -0.85437  eV     1   --> A              
     e( 18 - 18) =     -0.32519  eV     1   --> A              
     e( 19 - 19) =      1.78432  eV     1   --> A              
     e( 20 - 20) =      1.98053  eV     1   --> A              
     e( 21 - 21) =      2.25051  eV     1   --> A              
     e( 22 - 22) =      2.39272  eV     1   --> A              

 **************************************************************************

 **************************************************************************

                    xk=(   0.14865,   0.08582,   0.00000  )

     Band symmetry, C_1 (1)     point group:

     e(  1 -  1) =    -61.56976  eV     1   --> A              
     e(  2 -  2) =    -35.83367  eV     1   --> A              
     e(  3 -  3) =    -35.54839  eV     1   --> A              
     e(  4 -  4) =    -35.48640  eV     1   --> A              
     e(  5 -  5) =    -16.16903  eV     1   --> A              
     e(  6 -  6) =    -14.08904  eV     1   --> A              
     e(  7 -  7) =     -7.33089  eV     1   --> A              
     e(  8 -  8) =     -5.75784  eV     1   --> A              
     e(  9 -  9) =     -5.09402  eV     1   --> A              
     e( 10 - 10) =     -4.85305  eV     1   --> A              
     e( 11 - 11) =     -3.58165  eV     1   --> A              
     e( 12 - 12) =     -3.02990  eV     1   --> A              
     e( 13 - 13) =     -2.31760  eV     1   --> A              
     e( 14 - 14) =     -1.77362  eV     1   --> A              
     e( 15 - 15) =     -1.59238  eV     1   --> A              
     e( 16 - 16) =     -1.18896  eV     1   --> A              
     e( 17 - 17) =     -0.85078  eV     1   --> A              
     e( 18 - 18) =     -0.30444  eV     1   --> A              
     e( 19 - 19) =      1.74438  eV     1   --> A              
     e( 20 - 20) =      1.91029  eV     1   --> A              
     e( 21 - 21) =      2.21703  eV     1   --> A              
     e( 22 - 22) =      2.47862  eV     1   --> A              

 **************************************************************************

 **************************************************************************

                    xk=(   0.16216,   0.09362,   0.00000  )

     Band symmetry, C_1 (1)     point group:

     e(  1 -  1) =    -61.56837  eV     1   --> A              
     e(  2 -  2) =    -35.83093  eV     1   --> A              
     e(  3 -  3) =    -35.56223  eV     1   --> A              
     e(  4 -  4) =    -35.48958  eV     1   --> A              
     e(  5 -  5) =    -16.12008  eV     1   --> A              
     e(  6 -  6) =    -14.05130  eV     1   --> A              
     e(  7 -  7) =     -7.28001  eV     1   --> A              
     e(  8 -  8) =     -5.87776  eV     1   --> A              
     e(  9 -  9) =     -5.10817  eV     1   --> A              
     e( 10 - 10) =     -4.85494  eV     1   --> A              
     e( 11 - 11) =     -3.64073  eV     1   --> A              
     e( 12 - 12) =     -3.02293  eV     1   --> A              
     e( 13 - 13) =     -2.35355  eV     1   --> A              
     e( 14 - 14) =     -1.74920  eV     1   --> A              
     e( 15 - 15) =     -1.59501  eV     1   --> A              
     e( 16 - 16) =     -1.24334  eV     1   --> A              
     e( 17 - 17) =     -0.84305  eV     1   --> A              
     e( 18 - 18) =     -0.28355  eV     1   --> A              
     e( 19 - 19) =      1.69834  eV     1   --> A              
     e( 20 - 20) =      1.85719  eV     1   --> A              
     e( 21 - 21) =      2.17589  eV     1   --> A              
     e( 22 - 22) =      2.56914  eV     1   --> A              

 **************************************************************************

 **************************************************************************

                    xk=(   0.17568,   0.10143,   0.00000  )

     Band symmetry, C_1 (1)     point group:

     e(  1 -  1) =    -61.56690  eV     1   --> A              
     e(  2 -  2) =    -35.82804  eV     1   --> A              
     e(  3 -  3) =    -35.57678  eV     1   --> A              
     e(  4 -  4) =    -35.49293  eV     1   --> A              
     e(  5 -  5) =    -16.06786  eV     1   --> A              
     e(  6 -  6) =    -14.01096  eV     1   --> A              
     e(  7 -  7) =     -7.22732  eV     1   --> A              
     e(  8 -  8) =     -6.00269  eV     1   --> A              
     e(  9 -  9) =     -5.12384  eV     1   --> A              
     e( 10 - 10) =     -4.86266  eV     1   --> A              
     e( 11 - 11) =     -3.69514  eV     1   --> A              
     e( 12 - 12) =     -3.01680  eV     1   --> A              
     e( 13 - 13) =     -2.38751  eV     1   --> A              
     e( 14 - 14) =     -1.72220  eV     1   --> A              
     e( 15 - 15) =     -1.60401  eV     1   --> A              
     e( 16 - 16) =     -1.29751  eV     1   --> A              
     e( 17 - 17) =     -0.83049  eV     1   --> A              
     e( 18 - 18) =     -0.26327  eV     1   --> A              
     e( 19 - 19) =      1.64332  eV     1   --> A              
     e( 20 - 20) =      1.82656  eV     1   --> A              
     e( 21 - 21) =      2.13018  eV     1   --> A              
     e( 22 - 22) =      2.65689  eV     1   --> A              

 **************************************************************************

 **************************************************************************

                    xk=(   0.18919,   0.10923,   0.00000  )

     Band symmetry, C_1 (1)     point group:

     e(  1 -  1) =    -61.56536  eV     1   --> A              
     e(  2 -  2) =    -35.82502  eV     1   --> A              
     e(  3 -  3) =    -35.59194  eV     1   --> A              
     e(  4 -  4) =    -35.49642  eV     1   --> A              
     e(  5 -  5) =    -16.01263  eV     1   --> A              
     e(  6 -  6) =    -13.96820  eV     1   --> A              
     e(  7 -  7) =     -7.17355  eV     1   --> A              
     e(  8 -  8) =     -6.13163  eV     1   --> A              
     e(  9 -  9) =     -5.14096  eV     1   --> A              
     e( 10 - 10) =     -4.87736  eV     1   --> A              
     e( 11 - 11) =     -3.74345  eV     1   --> A              
     e( 12 - 12) =     -3.01165  eV     1   --> A              
     e( 13 - 13) =     -2.41922  eV     1   --> A              
     e( 14 - 14) =     -1.69292  eV     1   --> A              
     e( 15 - 15) =     -1.61954  eV     1   --> A              
     e( 16 - 16) =     -1.34962  eV     1   --> A              
     e( 17 - 17) =     -0.81249  eV     1   --> A              
     e( 18 - 18) =     -0.24453  eV     1   --> A              
     e( 19 - 19) =      1.58362  eV     1   --> A              
     e( 20 - 20) =      1.81578  eV     1   --> A              
     e( 21 - 21) =      2.08175  eV     1   --> A              
     e( 22 - 22) =      2.69848  eV     1   --> A              

 **************************************************************************

 **************************************************************************

                    xk=(   0.20270,   0.11703,   0.00000  )

     Band symmetry, C_1 (1)     point group:

     e(  1 -  1) =    -61.56377  eV     1   --> A              
     e(  2 -  2) =    -35.82189  eV     1   --> A              
     e(  3 -  3) =    -35.60758  eV     1   --> A              
     e(  4 -  4) =    -35.50004  eV     1   --> A              
     e(  5 -  5) =    -15.95468  eV     1   --> A              
     e(  6 -  6) =    -13.92322  eV     1   --> A              
     e(  7 -  7) =     -7.11956  eV     1   --> A              
     e(  8 -  8) =     -6.26354  eV     1   --> A              
     e(  9 -  9) =     -5.15945  eV     1   --> A              
     e( 10 - 10) =     -4.89984  eV     1   --> A              
     e( 11 - 11) =     -3.78469  eV     1   --> A              
     e( 12 - 12) =     -3.00755  eV     1   --> A              
     e( 13 - 13) =     -2.44851  eV     1   --> A              
     e( 14 - 14) =     -1.66179  eV     1   --> A              
     e( 15 - 15) =     -1.64181  eV     1   --> A              
     e( 16 - 16) =     -1.39735  eV     1   --> A              
     e( 17 - 17) =     -0.78855  eV     1   --> A              
     e( 18 - 18) =     -0.22839  eV     1   --> A              
     e( 19 - 19) =      1.52535  eV     1   --> A              
     e( 20 - 20) =      1.81982  eV     1   --> A              
     e( 21 - 21) =      2.03183  eV     1   --> A              
     e( 22 - 22) =      2.73850  eV     1   --> A              

 **************************************************************************

 **************************************************************************

                    xk=(   0.21622,   0.12483,   0.00000  )

     Band symmetry, C_1 (1)     point group:

     e(  1 -  1) =    -61.56213  eV     1   --> A              
     e(  2 -  2) =    -35.81868  eV     1   --> A              
     e(  3 -  3) =    -35.62359  eV     1   --> A              
     e(  4 -  4) =    -35.50374  eV     1   --> A              
     e(  5 -  5) =    -15.89430  eV     1   --> A              
     e(  6 -  6) =    -13.87623  eV     1   --> A              
     e(  7 -  7) =     -7.06643  eV     1   --> A              
     e(  8 -  8) =     -6.39721  eV     1   --> A              
     e(  9 -  9) =     -5.17920  eV     1   --> A              
     e( 10 - 10) =     -4.93036  eV     1   --> A              
     e( 11 - 11) =     -3.81854  eV     1   --> A              
     e( 12 - 12) =     -3.00454  eV     1   --> A              
     e( 13 - 13) =     -2.47529  eV     1   --> A              
     e( 14 - 14) =     -1.67060  eV     1   --> A              
     e( 15 - 15) =     -1.62922  eV     1   --> A              
     e( 16 - 16) =     -1.43848  eV     1   --> A              
     e( 17 - 17) =     -0.75831  eV     1   --> A              
     e( 18 - 18) =     -0.21593  eV     1   --> A              
     e( 19 - 19) =      1.47254  eV     1   --> A              
     e( 20 - 20) =      1.83520  eV     1   --> A              
     e( 21 - 21) =      1.98129  eV     1   --> A              
     e( 22 - 22) =      2.77595  eV     1   --> A              

 **************************************************************************

 **************************************************************************

                    xk=(   0.22973,   0.13263,   0.00000  )

     Band symmetry, C_1 (1)     point group:

     e(  1 -  1) =    -61.56047  eV     1   --> A              
     e(  2 -  2) =    -35.81541  eV     1   --> A              
     e(  3 -  3) =    -35.63986  eV     1   --> A              
     e(  4 -  4) =    -35.50751  eV     1   --> A              
     e(  5 -  5) =    -15.83182  eV     1   --> A              
     e(  6 -  6) =    -13.82748  eV     1   --> A              
     e(  7 -  7) =     -7.01574  eV     1   --> A              
     e(  8 -  8) =     -6.53103  eV     1   --> A              
     e(  9 -  9) =     -5.20005  eV     1   --> A              
     e( 10 - 10) =     -4.96851  eV     1   --> A              
     e( 11 - 11) =     -3.84542  eV     1   --> A              
     e( 12 - 12) =     -3.00263  eV     1   --> A              
     e( 13 - 13) =     -2.49958  eV     1   --> A              
     e( 14 - 14) =     -1.70454  eV     1   --> A              
     e( 15 - 15) =     -1.59565  eV     1   --> A              
     e( 16 - 16) =     -1.47169  eV     1   --> A              
     e( 17 - 17) =     -0.72161  eV     1   --> A              
     e( 18 - 18) =     -0.20814  eV     1   --> A              
     e( 19 - 19) =      1.42745  eV     1   --> A              
     e( 20 - 20) =      1.85965  eV     1   --> A              
     e( 21 - 21) =      1.93084  eV     1   --> A              
     e( 22 - 22) =      2.81013  eV     1   --> A              

 **************************************************************************

 **************************************************************************

                    xk=(   0.24324,   0.14044,   0.00000  )

     Band symmetry, C_1 (1)     point group:

     e(  1 -  1) =    -61.55878  eV     1   --> A              
     e(  2 -  2) =    -35.81211  eV     1   --> A              
     e(  3 -  3) =    -35.65626  eV     1   --> A              
     e(  4 -  4) =    -35.51132  eV     1   --> A              
     e(  5 -  5) =    -15.76760  eV     1   --> A              
     e(  6 -  6) =    -13.77720  eV     1   --> A              
     e(  7 -  7) =     -6.97091  eV     1   --> A              
     e(  8 -  8) =     -6.66161  eV     1   --> A              
     e(  9 -  9) =     -5.22182  eV     1   --> A              
     e( 10 - 10) =     -5.01322  eV     1   --> A              
     e( 11 - 11) =     -3.86643  eV     1   --> A              
     e( 12 - 12) =     -3.00179  eV     1   --> A              
     e( 13 - 13) =     -2.52149  eV     1   --> A              
     e( 14 - 14) =     -1.74084  eV     1   --> A              
     e( 15 - 15) =     -1.56143  eV     1   --> A              
     e( 16 - 16) =     -1.49696  eV     1   --> A              
     e( 17 - 17) =     -0.67851  eV     1   --> A              
     e( 18 - 18) =     -0.20586  eV     1   --> A              
     e( 19 - 19) =      1.39132  eV     1   --> A              
     e( 20 - 20) =      1.88109  eV     1   --> A              
     e( 21 - 21) =      1.89134  eV     1   --> A              
     e( 22 - 22) =      2.84052  eV     1   --> A              

 **************************************************************************

 **************************************************************************

                    xk=(   0.25676,   0.14824,   0.00000  )

     Band symmetry, C_1 (1)     point group:

     e(  1 -  1) =    -61.55709  eV     1   --> A              
     e(  2 -  2) =    -35.80879  eV     1   --> A              
     e(  3 -  3) =    -35.67268  eV     1   --> A              
     e(  4 -  4) =    -35.51514  eV     1   --> A              
     e(  5 -  5) =    -15.70202  eV     1   --> A              
     e(  6 -  6) =    -13.72568  eV     1   --> A              
     e(  7 -  7) =     -6.94566  eV     1   --> A              
     e(  8 -  8) =     -6.77530  eV     1   --> A              
     e(  9 -  9) =     -5.24433  eV     1   --> A              
     e( 10 - 10) =     -5.06299  eV     1   --> A              
     e( 11 - 11) =     -3.88321  eV     1   --> A              
     e( 12 - 12) =     -3.00198  eV     1   --> A              
     e( 13 - 13) =     -2.54118  eV     1   --> A              
     e( 14 - 14) =     -1.77596  eV     1   --> A              
     e( 15 - 15) =     -1.52687  eV     1   --> A              
     e( 16 - 16) =     -1.51507  eV     1   --> A              
     e( 17 - 17) =     -0.62939  eV     1   --> A              
     e( 18 - 18) =     -0.20967  eV     1   --> A              
     e( 19 - 19) =      1.36472  eV     1   --> A              
     e( 20 - 20) =      1.83258  eV     1   --> A              
     e( 21 - 21) =      1.92853  eV     1   --> A              
     e( 22 - 22) =      2.86679  eV     1   --> A              

 **************************************************************************

 **************************************************************************

                    xk=(   0.27027,   0.15604,   0.00000  )

     Band symmetry, C_1 (1)     point group:

     e(  1 -  1) =    -61.55540  eV     1   --> A              
     e(  2 -  2) =    -35.80548  eV     1   --> A              
     e(  3 -  3) =    -35.68899  eV     1   --> A              
     e(  4 -  4) =    -35.51894  eV     1   --> A              
     e(  5 -  5) =    -15.63548  eV     1   --> A              
     e(  6 -  6) =    -13.67323  eV     1   --> A              
     e(  7 -  7) =     -6.99487  eV     1   --> A              
     e(  8 -  8) =     -6.81731  eV     1   --> A              
     e(  9 -  9) =     -5.26733  eV     1   --> A              
     e( 10 - 10) =     -5.11601  eV     1   --> A              
     e( 11 - 11) =     -3.89760  eV     1   --> A              
     e( 12 - 12) =     -3.00311  eV     1   --> A              
     e( 13 - 13) =     -2.55879  eV     1   --> A              
     e( 14 - 14) =     -1.80651  eV     1   --> A              
     e( 15 - 15) =     -1.52682  eV     1   --> A              
     e( 16 - 16) =     -1.49214  eV     1   --> A              
     e( 17 - 17) =     -0.57484  eV     1   --> A              
     e( 18 - 18) =     -0.21983  eV     1   --> A              
     e( 19 - 19) =      1.34767  eV     1   --> A              
     e( 20 - 20) =      1.78585  eV     1   --> A              
     e( 21 - 21) =      1.96941  eV     1   --> A              
     e( 22 - 22) =      2.88874  eV     1   --> A              

 **************************************************************************

 **************************************************************************

                    xk=(   0.28378,   0.16384,   0.00000  )

     Band symmetry, C_1 (1)     point group:

     e(  1 -  1) =    -61.55373  eV     1   --> A              
     e(  2 -  2) =    -35.80221  eV     1   --> A              
     e(  3 -  3) =    -35.70509  eV     1   --> A              
     e(  4 -  4) =    -35.52270  eV     1   --> A              
     e(  5 -  5) =    -15.56844  eV     1   --> A              
     e(  6 -  6) =    -13.62016  eV     1   --> A              
     e(  7 -  7) =     -7.10910  eV     1   --> A              
     e(  8 -  8) =     -6.79718  eV     1   --> A              
     e(  9 -  9) =     -5.29062  eV     1   --> A              
     e( 10 - 10) =     -5.17040  eV     1   --> A              
     e( 11 - 11) =     -3.91145  eV     1   --> A              
     e( 12 - 12) =     -3.00511  eV     1   --> A              
     e( 13 - 13) =     -2.57439  eV     1   --> A              
     e( 14 - 14) =     -1.82984  eV     1   --> A              
     e( 15 - 15) =     -1.53271  eV     1   --> A              
     e( 16 - 16) =     -1.45737  eV     1   --> A              
     e( 17 - 17) =     -0.51571  eV     1   --> A              
     e( 18 - 18) =     -0.23630  eV     1   --> A              
     e( 19 - 19) =      1.33976  eV     1   --> A              
     e( 20 - 20) =      1.74142  eV     1   --> A              
     e( 21 - 21) =      2.01209  eV     1   --> A              
     e( 22 - 22) =      2.90632  eV     1   --> A              

 **************************************************************************

 **************************************************************************

                    xk=(   0.29730,   0.17164,   0.00000  )

     Band symmetry, C_1 (1)     point group:

     e(  1 -  1) =    -61.55209  eV     1   --> A              
     e(  2 -  2) =    -35.79901  eV     1   --> A              
     e(  3 -  3) =    -35.72085  eV     1   --> A              
     e(  4 -  4) =    -35.52639  eV     1   --> A              
     e(  5 -  5) =    -15.50134  eV     1   --> A              
     e(  6 -  6) =    -13.56683  eV     1   --> A              
     e(  7 -  7) =     -7.23528  eV     1   --> A              
     e(  8 -  8) =     -6.76801  eV     1   --> A              
     e(  9 -  9) =     -5.31394  eV     1   --> A              
     e( 10 - 10) =     -5.22436  eV     1   --> A              
     e( 11 - 11) =     -3.92634  eV     1   --> A              
     e( 12 - 12) =     -3.00787  eV     1   --> A              
     e( 13 - 13) =     -2.58792  eV     1   --> A              
     e( 14 - 14) =     -1.84420  eV     1   --> A              
     e( 15 - 15) =     -1.53290  eV     1   --> A              
     e( 16 - 16) =     -1.42263  eV     1   --> A              
     e( 17 - 17) =     -0.45310  eV     1   --> A              
     e( 18 - 18) =     -0.25882  eV     1   --> A              
     e( 19 - 19) =      1.34023  eV     1   --> A              
     e( 20 - 20) =      1.69984  eV     1   --> A              
     e( 21 - 21) =      2.05453  eV     1   --> A              
     e( 22 - 22) =      2.91956  eV     1   --> A              

 **************************************************************************

 **************************************************************************

                    xk=(   0.31081,   0.17945,   0.00000  )

     Band symmetry, C_1 (1)     point group:

     e(  1 -  1) =    -61.55049  eV     1   --> A              
     e(  2 -  2) =    -35.79590  eV     1   --> A              
     e(  3 -  3) =    -35.73615  eV     1   --> A              
     e(  4 -  4) =    -35.52998  eV     1   --> A              
     e(  5 -  5) =    -15.43470  eV     1   --> A              
     e(  6 -  6) =    -13.51362  eV     1   --> A              
     e(  7 -  7) =     -7.36182  eV     1   --> A              
     e(  8 -  8) =     -6.74133  eV     1   --> A              
     e(  9 -  9) =     -5.33706  eV     1   --> A              
     e( 10 - 10) =     -5.27626  eV     1   --> A              
     e( 11 - 11) =     -3.94351  eV     1   --> A              
     e( 12 - 12) =     -3.01129  eV     1   --> A              
     e( 13 - 13) =     -2.59917  eV     1   --> A              
     e( 14 - 14) =     -1.84875  eV     1   --> A              
     e( 15 - 15) =     -1.52736  eV     1   --> A              
     e( 16 - 16) =     -1.38796  eV     1   --> A              
     e( 17 - 17) =     -0.38827  eV     1   --> A              
     e( 18 - 18) =     -0.28693  eV     1   --> A              
     e( 19 - 19) =      1.34808  eV     1   --> A              
     e( 20 - 20) =      1.66165  eV     1   --> A              
     e( 21 - 21) =      2.09460  eV     1   --> A              
     e( 22 - 22) =      2.92860  eV     1   --> A              

 **************************************************************************

 **************************************************************************

                    xk=(   0.32432,   0.18725,   0.00000  )

     Band symmetry, C_1 (1)     point group:

     e(  1 -  1) =    -61.54895  eV     1   --> A              
     e(  2 -  2) =    -35.79291  eV     1   --> A              
     e(  3 -  3) =    -35.75089  eV     1   --> A              
     e(  4 -  4) =    -35.53344  eV     1   --> A              
     e(  5 -  5) =    -15.36903  eV     1   --> A              
     e(  6 -  6) =    -13.46093  eV     1   --> A              
     e(  7 -  7) =     -7.48569  eV     1   --> A              
     e(  8 -  8) =     -6.71990  eV     1   --> A              
     e(  9 -  9) =     -5.35974  eV     1   --> A              
     e( 10 - 10) =     -5.32472  eV     1   --> A              
     e( 11 - 11) =     -3.96367  eV     1   --> A              
     e( 12 - 12) =     -3.01523  eV     1   --> A              
     e( 13 - 13) =     -2.60790  eV     1   --> A              
     e( 14 - 14) =     -1.84345  eV     1   --> A              
     e( 15 - 15) =     -1.51600  eV     1   --> A              
     e( 16 - 16) =     -1.35345  eV     1   --> A              
     e( 17 - 17) =     -0.32260  eV     1   --> A              
     e( 18 - 18) =     -0.32010  eV     1   --> A              
     e( 19 - 19) =      1.36220  eV     1   --> A              
     e( 20 - 20) =      1.62742  eV     1   --> A              
     e( 21 - 21) =      2.13025  eV     1   --> A              
     e( 22 - 22) =      2.93367  eV     1   --> A              

 **************************************************************************

 **************************************************************************

                    xk=(   0.33784,   0.19505,   0.00000  )

     Band symmetry, C_1 (1)     point group:

     e(  1 -  1) =    -61.54747  eV     1   --> A              
     e(  2 -  2) =    -35.79011  eV     1   --> A              
     e(  3 -  3) =    -35.76490  eV     1   --> A              
     e(  4 -  4) =    -35.53676  eV     1   --> A              
     e(  5 -  5) =    -15.30487  eV     1   --> A              
     e(  6 -  6) =    -13.40919  eV     1   --> A              
     e(  7 -  7) =     -7.60542  eV     1   --> A              
     e(  8 -  8) =     -6.70469  eV     1   --> A              
     e(  9 -  9) =     -5.38175  eV     1   --> A              
     e( 10 - 10) =     -5.36869  eV     1   --> A              
     e( 11 - 11) =     -3.98703  eV     1   --> A              
     e( 12 - 12) =     -3.01959  eV     1   --> A              
     e( 13 - 13) =     -2.61389  eV     1   --> A              
     e( 14 - 14) =     -1.82886  eV     1   --> A              
     e( 15 - 15) =     -1.49878  eV     1   --> A              
     e( 16 - 16) =     -1.31919  eV     1   --> A              
     e( 17 - 17) =     -0.35778  eV     1   --> A              
     e( 18 - 18) =     -0.25758  eV     1   --> A              
     e( 19 - 19) =      1.38138  eV     1   --> A              
     e( 20 - 20) =      1.59772  eV     1   --> A              
     e( 21 - 21) =      2.15956  eV     1   --> A              
     e( 22 - 22) =      2.93505  eV     1   --> A              

 **************************************************************************

 **************************************************************************

                    xk=(   0.35135,   0.20285,   0.00000  )

     Band symmetry, C_1 (1)     point group:

     e(  1 -  1) =    -61.54606  eV     1   --> A              
     e(  2 -  2) =    -35.78784  eV     1   --> A              
     e(  3 -  3) =    -35.77779  eV     1   --> A              
     e(  4 -  4) =    -35.53991  eV     1   --> A              
     e(  5 -  5) =    -15.24280  eV     1   --> A              
     e(  6 -  6) =    -13.35887  eV     1   --> A              
     e(  7 -  7) =     -7.71993  eV     1   --> A              
     e(  8 -  8) =     -6.69595  eV     1   --> A              
     e(  9 -  9) =     -5.40745  eV     1   --> A              
     e( 10 - 10) =     -5.40285  eV     1   --> A              
     e( 11 - 11) =     -4.01332  eV     1   --> A              
     e( 12 - 12) =     -3.02422  eV     1   --> A              
     e( 13 - 13) =     -2.61713  eV     1   --> A              
     e( 14 - 14) =     -1.80586  eV     1   --> A              
     e( 15 - 15) =     -1.47585  eV     1   --> A              
     e( 16 - 16) =     -1.28535  eV     1   --> A              
     e( 17 - 17) =     -0.39948  eV     1   --> A              
     e( 18 - 18) =     -0.19466  eV     1   --> A              
     e( 19 - 19) =      1.40450  eV     1   --> A              
     e( 20 - 20) =      1.57306  eV     1   --> A              
     e( 21 - 21) =      2.18105  eV     1   --> A              
     e( 22 - 22) =      2.93314  eV     1   --> A              

 **************************************************************************

 **************************************************************************

                    xk=(   0.36486,   0.21065,   0.00000  )

     Band symmetry, C_1 (1)     point group:

     e(  1 -  1) =    -61.54474  eV     1   --> A              
     e(  2 -  2) =    -35.79209  eV     1   --> A              
     e(  3 -  3) =    -35.78350  eV     1   --> A              
     e(  4 -  4) =    -35.54286  eV     1   --> A              
     e(  5 -  5) =    -15.18340  eV     1   --> A              
     e(  6 -  6) =    -13.31045  eV     1   --> A              
     e(  7 -  7) =     -7.82829  eV     1   --> A              
     e(  8 -  8) =     -6.69342  eV     1   --> A              
     e(  9 -  9) =     -5.44065  eV     1   --> A              
     e( 10 - 10) =     -5.42287  eV     1   --> A              
     e( 11 - 11) =     -4.04191  eV     1   --> A              
     e( 12 - 12) =     -3.02899  eV     1   --> A              
     e( 13 - 13) =     -2.61781  eV     1   --> A              
     e( 14 - 14) =     -1.77553  eV     1   --> A              
     e( 15 - 15) =     -1.44767  eV     1   --> A              
     e( 16 - 16) =     -1.25220  eV     1   --> A              
     e( 17 - 17) =     -0.44474  eV     1   --> A              
     e( 18 - 18) =     -0.13531  eV     1   --> A              
     e( 19 - 19) =      1.43047  eV     1   --> A              
     e( 20 - 20) =      1.55385  eV     1   --> A              
     e( 21 - 21) =      2.19382  eV     1   --> A              
     e( 22 - 22) =      2.92831  eV     1   --> A              

 **************************************************************************

 **************************************************************************

                    xk=(   0.37838,   0.21846,   0.00000  )

     Band symmetry, C_1 (1)     point group:

     e(  1 -  1) =    -61.54351  eV     1   --> A              
     e(  2 -  2) =    -35.80309  eV     1   --> A              
     e(  3 -  3) =    -35.78170  eV     1   --> A              
     e(  4 -  4) =    -35.54560  eV     1   --> A              
     e(  5 -  5) =    -15.12727  eV     1   --> A              
     e(  6 -  6) =    -13.26443  eV     1   --> A              
     e(  7 -  7) =     -7.92964  eV     1   --> A              
     e(  8 -  8) =     -6.69641  eV     1   --> A              
     e(  9 -  9) =     -5.46831  eV     1   --> A              
     e( 10 - 10) =     -5.44158  eV     1   --> A              
     e( 11 - 11) =     -4.07188  eV     1   --> A              
     e( 12 - 12) =     -3.03379  eV     1   --> A              
     e( 13 - 13) =     -2.61632  eV     1   --> A              
     e( 14 - 14) =     -1.73892  eV     1   --> A              
     e( 15 - 15) =     -1.41499  eV     1   --> A              
     e( 16 - 16) =     -1.22003  eV     1   --> A              
     e( 17 - 17) =     -0.49314  eV     1   --> A              
     e( 18 - 18) =     -0.08079  eV     1   --> A              
     e( 19 - 19) =      1.45829  eV     1   --> A              
     e( 20 - 20) =      1.54035  eV     1   --> A              
     e( 21 - 21) =      2.19772  eV     1   --> A              
     e( 22 - 22) =      2.92106  eV     1   --> A              

 **************************************************************************

 **************************************************************************

                    xk=(   0.39189,   0.22626,   0.00000  )

     Band symmetry, C_1 (1)     point group:

     e(  1 -  1) =    -61.54240  eV     1   --> A              
     e(  2 -  2) =    -35.81358  eV     1   --> A              
     e(  3 -  3) =    -35.77962  eV     1   --> A              
     e(  4 -  4) =    -35.54811  eV     1   --> A              
     e(  5 -  5) =    -15.07499  eV     1   --> A              
     e(  6 -  6) =    -13.22133  eV     1   --> A              
     e(  7 -  7) =     -8.02313  eV     1   --> A              
     e(  8 -  8) =     -6.70393  eV     1   --> A              
     e(  9 -  9) =     -5.49075  eV     1   --> A              
     e( 10 - 10) =     -5.45881  eV     1   --> A              
     e( 11 - 11) =     -4.10219  eV     1   --> A              
     e( 12 - 12) =     -3.03847  eV     1   --> A              
     e( 13 - 13) =     -2.61320  eV     1   --> A              
     e( 14 - 14) =     -1.69705  eV     1   --> A              
     e( 15 - 15) =     -1.37895  eV     1   --> A              
     e( 16 - 16) =     -1.18924  eV     1   --> A              
     e( 17 - 17) =     -0.54429  eV     1   --> A              
     e( 18 - 18) =     -0.03214  eV     1   --> A              
     e( 19 - 19) =      1.48704  eV     1   --> A              
     e( 20 - 20) =      1.53250  eV     1   --> A              
     e( 21 - 21) =      2.19336  eV     1   --> A              
     e( 22 - 22) =      2.91190  eV     1   --> A              

 **************************************************************************

 **************************************************************************

                    xk=(   0.40541,   0.23406,   0.00000  )

     Band symmetry, C_1 (1)     point group:

     e(  1 -  1) =    -61.54139  eV     1   --> A              
     e(  2 -  2) =    -35.82306  eV     1   --> A              
     e(  3 -  3) =    -35.77769  eV     1   --> A              
     e(  4 -  4) =    -35.55036  eV     1   --> A              
     e(  5 -  5) =    -15.02717  eV     1   --> A              
     e(  6 -  6) =    -13.18169  eV     1   --> A              
     e(  7 -  7) =     -8.10796  eV     1   --> A              
     e(  8 -  8) =     -6.71473  eV     1   --> A              
     e(  9 -  9) =     -5.50851  eV     1   --> A              
     e( 10 - 10) =     -5.47440  eV     1   --> A              
     e( 11 - 11) =     -4.13174  eV     1   --> A              
     e( 12 - 12) =     -3.04292  eV     1   --> A              
     e( 13 - 13) =     -2.60903  eV     1   --> A              
     e( 14 - 14) =     -1.65090  eV     1   --> A              
     e( 15 - 15) =     -1.34098  eV     1   --> A              
     e( 16 - 16) =     -1.16028  eV     1   --> A              
     e( 17 - 17) =     -0.59772  eV     1   --> A              
     e( 18 - 18) =      0.00992  eV     1   --> A              
     e( 19 - 19) =      1.51587  eV     1   --> A              
     e( 20 - 20) =      1.52999  eV     1   --> A              
     e( 21 - 21) =      2.18208  eV     1   --> A              
     e( 22 - 22) =      2.90144  eV     1   --> A              

 **************************************************************************

 **************************************************************************

                    xk=(   0.41892,   0.24186,   0.00000  )

     Band symmetry, C_1 (1)     point group:

     e(  1 -  1) =    -61.54050  eV     1   --> A              
     e(  2 -  2) =    -35.83143  eV     1   --> A              
     e(  3 -  3) =    -35.77596  eV     1   --> A              
     e(  4 -  4) =    -35.55235  eV     1   --> A              
     e(  5 -  5) =    -14.98437  eV     1   --> A              
     e(  6 -  6) =    -13.14600  eV     1   --> A              
     e(  7 -  7) =     -8.18336  eV     1   --> A              
     e(  8 -  8) =     -6.72747  eV     1   --> A              
     e(  9 -  9) =     -5.52222  eV     1   --> A              
     e( 10 - 10) =     -5.48821  eV     1   --> A              
     e( 11 - 11) =     -4.15953  eV     1   --> A              
     e( 12 - 12) =     -3.04702  eV     1   --> A              
     e( 13 - 13) =     -2.60438  eV     1   --> A              
     e( 14 - 14) =     -1.60158  eV     1   --> A              
     e( 15 - 15) =     -1.30267  eV     1   --> A              
     e( 16 - 16) =     -1.13365  eV     1   --> A              
     e( 17 - 17) =     -0.65280  eV     1   --> A              
     e( 18 - 18) =      0.04507  eV     1   --> A              
     e( 19 - 19) =      1.53205  eV     1   --> A              
     e( 20 - 20) =      1.54398  eV     1   --> A              
     e( 21 - 21) =      2.16569  eV     1   --> A              
     e( 22 - 22) =      2.89030  eV     1   --> A              

 **************************************************************************

 **************************************************************************

                    xk=(   0.43243,   0.24967,   0.00000  )

     Band symmetry, C_1 (1)     point group:

     e(  1 -  1) =    -61.53974  eV     1   --> A              
     e(  2 -  2) =    -35.83862  eV     1   --> A              
     e(  3 -  3) =    -35.77447  eV     1   --> A              
     e(  4 -  4) =    -35.55405  eV     1   --> A              
     e(  5 -  5) =    -14.94712  eV     1   --> A              
     e(  6 -  6) =    -13.11479  eV     1   --> A              
     e(  7 -  7) =     -8.24858  eV     1   --> A              
     e(  8 -  8) =     -6.74084  eV     1   --> A              
     e(  9 -  9) =     -5.53255  eV     1   --> A              
     e( 10 - 10) =     -5.50011  eV     1   --> A              
     e( 11 - 11) =     -4.18461  eV     1   --> A              
     e( 12 - 12) =     -3.05067  eV     1   --> A              
     e( 13 - 13) =     -2.59973  eV     1   --> A              
     e( 14 - 14) =     -1.55049  eV     1   --> A              
     e( 15 - 15) =     -1.26569  eV     1   --> A              
     e( 16 - 16) =     -1.10987  eV     1   --> A              
     e( 17 - 17) =     -0.70864  eV     1   --> A              
     e( 18 - 18) =      0.07337  eV     1   --> A              
     e( 19 - 19) =      1.53756  eV     1   --> A              
     e( 20 - 20) =      1.57052  eV     1   --> A              
     e( 21 - 21) =      2.14626  eV     1   --> A              
     e( 22 - 22) =      2.87916  eV     1   --> A              

 **************************************************************************

 **************************************************************************

                    xk=(   0.44595,   0.25747,   0.00000  )

     Band symmetry, C_1 (1)     point group:

     e(  1 -  1) =    -61.53910  eV     1   --> A              
     e(  2 -  2) =    -35.84457  eV     1   --> A              
     e(  3 -  3) =    -35.77324  eV     1   --> A              
     e(  4 -  4) =    -35.55547  eV     1   --> A              
     e(  5 -  5) =    -14.91591  eV     1   --> A              
     e(  6 -  6) =    -13.08852  eV     1   --> A              
     e(  7 -  7) =     -8.30297  eV     1   --> A              
     e(  8 -  8) =     -6.75360  eV     1   --> A              
     e(  9 -  9) =     -5.54012  eV     1   --> A              
     e( 10 - 10) =     -5.50999  eV     1   --> A              
     e( 11 - 11) =     -4.20620  eV     1   --> A              
     e( 12 - 12) =     -3.05378  eV     1   --> A              
     e( 13 - 13) =     -2.59548  eV     1   --> A              
     e( 14 - 14) =     -1.49954  eV     1   --> A              
     e( 15 - 15) =     -1.23160  eV     1   --> A              
     e( 16 - 16) =     -1.08949  eV     1   --> A              
     e( 17 - 17) =     -0.76386  eV     1   --> A              
     e( 18 - 18) =      0.09522  eV     1   --> A              
     e( 19 - 19) =      1.54512  eV     1   --> A              
     e( 20 - 20) =      1.59461  eV     1   --> A              
     e( 21 - 21) =      2.12599  eV     1   --> A              
     e( 22 - 22) =      2.86872  eV     1   --> A              

 **************************************************************************

 **************************************************************************

                    xk=(   0.45946,   0.26527,   0.00000  )

     Band symmetry, C_1 (1)     point group:

     e(  1 -  1) =    -61.53860  eV     1   --> A              
     e(  2 -  2) =    -35.84924  eV     1   --> A              
     e(  3 -  3) =    -35.77226  eV     1   --> A              
     e(  4 -  4) =    -35.55657  eV     1   --> A              
     e(  5 -  5) =    -14.89116  eV     1   --> A              
     e(  6 -  6) =    -13.06761  eV     1   --> A              
     e(  7 -  7) =     -8.34594  eV     1   --> A              
     e(  8 -  8) =     -6.76468  eV     1   --> A              
     e(  9 -  9) =     -5.54546  eV     1   --> A              
     e( 10 - 10) =     -5.51776  eV     1   --> A              
     e( 11 - 11) =     -4.22364  eV     1   --> A              
     e( 12 - 12) =     -3.05629  eV     1   --> A              
     e( 13 - 13) =     -2.59191  eV     1   --> A              
     e( 14 - 14) =     -1.45157  eV     1   --> A              
     e( 15 - 15) =     -1.20179  eV     1   --> A              
     e( 16 - 16) =     -1.07301  eV     1   --> A              
     e( 17 - 17) =     -0.81617  eV     1   --> A              
     e( 18 - 18) =      0.11120  eV     1   --> A              
     e( 19 - 19) =      1.55317  eV     1   --> A              
     e( 20 - 20) =      1.61522  eV     1   --> A              
     e( 21 - 21) =      2.10709  eV     1   --> A              
     e( 22 - 22) =      2.85969  eV     1   --> A              

 **************************************************************************

 **************************************************************************

                    xk=(   0.47297,   0.27307,   0.00000  )

     Band symmetry, C_1 (1)     point group:

     e(  1 -  1) =    -61.53825  eV     1   --> A              
     e(  2 -  2) =    -35.85260  eV     1   --> A              
     e(  3 -  3) =    -35.77156  eV     1   --> A              
     e(  4 -  4) =    -35.55737  eV     1   --> A              
     e(  5 -  5) =    -14.87323  eV     1   --> A              
     e(  6 -  6) =    -13.05241  eV     1   --> A              
     e(  7 -  7) =     -8.37699  eV     1   --> A              
     e(  8 -  8) =     -6.77322  eV     1   --> A              
     e(  9 -  9) =     -5.54899  eV     1   --> A              
     e( 10 - 10) =     -5.52336  eV     1   --> A              
     e( 11 - 11) =     -4.23645  eV     1   --> A              
     e( 12 - 12) =     -3.05811  eV     1   --> A              
     e( 13 - 13) =     -2.58924  eV     1   --> A              
     e( 14 - 14) =     -1.41070  eV     1   --> A              
     e( 15 - 15) =     -1.17757  eV     1   --> A              
     e( 16 - 16) =     -1.06088  eV     1   --> A              
     e( 17 - 17) =     -0.86179  eV     1   --> A              
     e( 18 - 18) =      0.12198  eV     1   --> A              
     e( 19 - 19) =      1.56021  eV     1   --> A              
     e( 20 - 20) =      1.63121  eV     1   --> A              
     e( 21 - 21) =      2.09163  eV     1   --> A              
     e( 22 - 22) =      2.85269  eV     1   --> A              

 **************************************************************************

 **************************************************************************

                    xk=(   0.48649,   0.28087,   0.00000  )

     Band symmetry, C_1 (1)     point group:

     e(  1 -  1) =    -61.53803  eV     1   --> A              
     e(  2 -  2) =    -35.85462  eV     1   --> A              
     e(  3 -  3) =    -35.77114  eV     1   --> A              
     e(  4 -  4) =    -35.55785  eV     1   --> A              
     e(  5 -  5) =    -14.86236  eV     1   --> A              
     e(  6 -  6) =    -13.04318  eV     1   --> A              
     e(  7 -  7) =     -8.39578  eV     1   --> A              
     e(  8 -  8) =     -6.77859  eV     1   --> A              
     e(  9 -  9) =     -5.55099  eV     1   --> A              
     e( 10 - 10) =     -5.52675  eV     1   --> A              
     e( 11 - 11) =     -4.24428  eV     1   --> A              
     e( 12 - 12) =     -3.05923  eV     1   --> A              
     e( 13 - 13) =     -2.58759  eV     1   --> A              
     e( 14 - 14) =     -1.38240  eV     1   --> A              
     e( 15 - 15) =     -1.16081  eV     1   --> A              
     e( 16 - 16) =     -1.05345  eV     1   --> A              
     e( 17 - 17) =     -0.89463  eV     1   --> A              
     e( 18 - 18) =      0.12818  eV     1   --> A              
     e( 19 - 19) =      1.56497  eV     1   --> A              
     e( 20 - 20) =      1.64143  eV     1   --> A              
     e( 21 - 21) =      2.08146  eV     1   --> A              
     e( 22 - 22) =      2.84826  eV     1   --> A              

 **************************************************************************

 **************************************************************************

                    xk=(   0.50000,   0.28868,   0.00000  )

     Band symmetry, C_1 (1)     point group:

     e(  1 -  1) =    -61.53796  eV     1   --> A              
     e(  2 -  2) =    -35.85530  eV     1   --> A              
     e(  3 -  3) =    -35.77100  eV     1   --> A              
     e(  4 -  4) =    -35.55801  eV     1   --> A              
     e(  5 -  5) =    -14.85872  eV     1   --> A              
     e(  6 -  6) =    -13.04008  eV     1   --> A              
     e(  7 -  7) =     -8.40207  eV     1   --> A              
     e(  8 -  8) =     -6.78043  eV     1   --> A              
     e(  9 -  9) =     -5.55163  eV     1   --> A              
     e( 10 - 10) =     -5.52788  eV     1   --> A              
     e( 11 - 11) =     -4.24691  eV     1   --> A              
     e( 12 - 12) =     -3.05961  eV     1   --> A              
     e( 13 - 13) =     -2.58704  eV     1   --> A              
     e( 14 - 14) =     -1.37216  eV     1   --> A              
     e( 15 - 15) =     -1.15457  eV     1   --> A              
     e( 16 - 16) =     -1.05095  eV     1   --> A              
     e( 17 - 17) =     -0.90695  eV     1   --> A              
     e( 18 - 18) =      0.13020  eV     1   --> A              
     e( 19 - 19) =      1.56666  eV     1   --> A              
     e( 20 - 20) =      1.64495  eV     1   --> A              
     e( 21 - 21) =      2.07791  eV     1   --> A              
     e( 22 - 22) =      2.84674  eV     1   --> A              

 **************************************************************************

 **************************************************************************

                    xk=(   0.49383,   0.29937,   0.00000  )

     Band symmetry, C_1 (1)     point group:

     e(  1 -  1) =    -61.53795  eV     1   --> A              
     e(  2 -  2) =    -35.85512  eV     1   --> A              
     e(  3 -  3) =    -35.77097  eV     1   --> A              
     e(  4 -  4) =    -35.55839  eV     1   --> A              
     e(  5 -  5) =    -14.85810  eV     1   --> A              
     e(  6 -  6) =    -13.03945  eV     1   --> A              
     e(  7 -  7) =     -8.40068  eV     1   --> A              
     e(  8 -  8) =     -6.77915  eV     1   --> A              
     e(  9 -  9) =     -5.58162  eV     1   --> A              
     e( 10 - 10) =     -5.50141  eV     1   --> A              
     e( 11 - 11) =     -4.24717  eV     1   --> A              
     e( 12 - 12) =     -3.06426  eV     1   --> A              
     e( 13 - 13) =     -2.58424  eV     1   --> A              
     e( 14 - 14) =     -1.37508  eV     1   --> A              
     e( 15 - 15) =     -1.15673  eV     1   --> A              
     e( 16 - 16) =     -1.04764  eV     1   --> A              
     e( 17 - 17) =     -0.90707  eV     1   --> A              
     e( 18 - 18) =      0.12934  eV     1   --> A              
     e( 19 - 19) =      1.55599  eV     1   --> A              
     e( 20 - 20) =      1.65868  eV     1   --> A              
     e( 21 - 21) =      2.07917  eV     1   --> A              
     e( 22 - 22) =      2.84002  eV     1   --> A              

 **************************************************************************

 **************************************************************************

                    xk=(   0.48765,   0.31006,   0.00000  )

     Band symmetry, C_1 (1)     point group:

     e(  1 -  1) =    -61.53790  eV     1   --> A              
     e(  2 -  2) =    -35.85457  eV     1   --> A              
     e(  3 -  3) =    -35.77088  eV     1   --> A              
     e(  4 -  4) =    -35.55950  eV     1   --> A              
     e(  5 -  5) =    -14.85626  eV     1   --> A              
     e(  6 -  6) =    -13.03754  eV     1   --> A              
     e(  7 -  7) =     -8.39654  eV     1   --> A              
     e(  8 -  8) =     -6.77534  eV     1   --> A              
     e(  9 -  9) =     -5.62422  eV     1   --> A              
     e( 10 - 10) =     -5.46936  eV     1   --> A              
     e( 11 - 11) =     -4.24796  eV     1   --> A              
     e( 12 - 12) =     -3.07783  eV     1   --> A              
     e( 13 - 13) =     -2.57615  eV     1   --> A              
     e( 14 - 14) =     -1.38342  eV     1   --> A              
     e( 15 - 15) =     -1.16298  eV     1   --> A              
     e( 16 - 16) =     -1.03875  eV     1   --> A              
     e( 17 - 17) =     -0.90697  eV     1   --> A              
     e( 18 - 18) =      0.12680  eV     1   --> A              
     e( 19 - 19) =      1.53508  eV     1   --> A              
     e( 20 - 20) =      1.68840  eV     1   --> A              
     e( 21 - 21) =      2.08319  eV     1   --> A              
     e( 22 - 22) =      2.82026  eV     1   --> A              

 **************************************************************************

 **************************************************************************

                    xk=(   0.48148,   0.32075,   0.00000  )

     Band symmetry, C_1 (1)     point group:

     e(  1 -  1) =    -61.53782  eV     1   --> A              
     e(  2 -  2) =    -35.85367  eV     1   --> A              
     e(  3 -  3) =    -35.77074  eV     1   --> A              
     e(  4 -  4) =    -35.56135  eV     1   --> A              
     e(  5 -  5) =    -14.85321  eV     1   --> A              
     e(  6 -  6) =    -13.03438  eV     1   --> A              
     e(  7 -  7) =     -8.38965  eV     1   --> A              
     e(  8 -  8) =     -6.76908  eV     1   --> A              
     e(  9 -  9) =     -5.67065  eV     1   --> A              
     e( 10 - 10) =     -5.44040  eV     1   --> A              
     e( 11 - 11) =     -4.24934  eV     1   --> A              
     e( 12 - 12) =     -3.09934  eV     1   --> A              
     e( 13 - 13) =     -2.56356  eV     1   --> A              
     e( 14 - 14) =     -1.39608  eV     1   --> A              
     e( 15 - 15) =     -1.17293  eV     1   --> A              
     e( 16 - 16) =     -1.02711  eV     1   --> A              
     e( 17 - 17) =     -0.90516  eV     1   --> A              
     e( 18 - 18) =      0.12267  eV     1   --> A              
     e( 19 - 19) =      1.51351  eV     1   --> A              
     e( 20 - 20) =      1.72335  eV     1   --> A              
     e( 21 - 21) =      2.09082  eV     1   --> A              
     e( 22 - 22) =      2.78857  eV     1   --> A              

 **************************************************************************

 **************************************************************************

                    xk=(   0.47531,   0.33144,   0.00000  )

     Band symmetry, C_1 (1)     point group:

     e(  1 -  1) =    -61.53772  eV     1   --> A              
     e(  2 -  2) =    -35.85240  eV     1   --> A              
     e(  3 -  3) =    -35.77054  eV     1   --> A              
     e(  4 -  4) =    -35.56392  eV     1   --> A              
     e(  5 -  5) =    -14.84897  eV     1   --> A              
     e(  6 -  6) =    -13.03000  eV     1   --> A              
     e(  7 -  7) =     -8.38006  eV     1   --> A              
     e(  8 -  8) =     -6.76052  eV     1   --> A              
     e(  9 -  9) =     -5.72026  eV     1   --> A              
     e( 10 - 10) =     -5.41498  eV     1   --> A              
     e( 11 - 11) =     -4.25137  eV     1   --> A              
     e( 12 - 12) =     -3.12743  eV     1   --> A              
     e( 13 - 13) =     -2.54748  eV     1   --> A              
     e( 14 - 14) =     -1.41176  eV     1   --> A              
     e( 15 - 15) =     -1.18617  eV     1   --> A              
     e( 16 - 16) =     -1.01689  eV     1   --> A              
     e( 17 - 17) =     -0.89883  eV     1   --> A              
     e( 18 - 18) =      0.11713  eV     1   --> A              
     e( 19 - 19) =      1.49388  eV     1   --> A              
     e( 20 - 20) =      1.75889  eV     1   --> A              
     e( 21 - 21) =      2.10354  eV     1   --> A              
     e( 22 - 22) =      2.74669  eV     1   --> A              

 **************************************************************************

 **************************************************************************

                    xk=(   0.46914,   0.34213,   0.00000  )

     Band symmetry, C_1 (1)     point group:

     e(  1 -  1) =    -61.53759  eV     1   --> A              
     e(  2 -  2) =    -35.85079  eV     1   --> A              
     e(  3 -  3) =    -35.77028  eV     1   --> A              
     e(  4 -  4) =    -35.56719  eV     1   --> A              
     e(  5 -  5) =    -14.84358  eV     1   --> A              
     e(  6 -  6) =    -13.02444  eV     1   --> A              
     e(  7 -  7) =     -8.36779  eV     1   --> A              
     e(  8 -  8) =     -6.74986  eV     1   --> A              
     e(  9 -  9) =     -5.77263  eV     1   --> A              
     e( 10 - 10) =     -5.39323  eV     1   --> A              
     e( 11 - 11) =     -4.25417  eV     1   --> A              
     e( 12 - 12) =     -3.16070  eV     1   --> A              
     e( 13 - 13) =     -2.52887  eV     1   --> A              
     e( 14 - 14) =     -1.42928  eV     1   --> A              
     e( 15 - 15) =     -1.20239  eV     1   --> A              
     e( 16 - 16) =     -1.01236  eV     1   --> A              
     e( 17 - 17) =     -0.88486  eV     1   --> A              
     e( 18 - 18) =      0.11040  eV     1   --> A              
     e( 19 - 19) =      1.47675  eV     1   --> A              
     e( 20 - 20) =      1.79147  eV     1   --> A              
     e( 21 - 21) =      2.12347  eV     1   --> A              
     e( 22 - 22) =      2.69675  eV     1   --> A              

 **************************************************************************

 **************************************************************************

                    xk=(   0.46296,   0.35283,   0.00000  )

     Band symmetry, C_1 (1)     point group:

     e(  1 -  1) =    -61.53744  eV     1   --> A              
     e(  2 -  2) =    -35.84882  eV     1   --> A              
     e(  3 -  3) =    -35.76998  eV     1   --> A              
     e(  4 -  4) =    -35.57115  eV     1   --> A              
     e(  5 -  5) =    -14.83709  eV     1   --> A              
     e(  6 -  6) =    -13.01775  eV     1   --> A              
     e(  7 -  7) =     -8.35292  eV     1   --> A              
     e(  8 -  8) =     -6.73741  eV     1   --> A              
     e(  9 -  9) =     -5.82735  eV     1   --> A              
     e( 10 - 10) =     -5.37520  eV     1   --> A              
     e( 11 - 11) =     -4.25788  eV     1   --> A              
     e( 12 - 12) =     -3.19779  eV     1   --> A              
     e( 13 - 13) =     -2.50852  eV     1   --> A              
     e( 14 - 14) =     -1.44767  eV     1   --> A              
     e( 15 - 15) =     -1.22122  eV     1   --> A              
     e( 16 - 16) =     -1.01534  eV     1   --> A              
     e( 17 - 17) =     -0.86226  eV     1   --> A              
     e( 18 - 18) =      0.10276  eV     1   --> A              
     e( 19 - 19) =      1.46206  eV     1   --> A              
     e( 20 - 20) =      1.81772  eV     1   --> A              
     e( 21 - 21) =      2.15286  eV     1   --> A              
     e( 22 - 22) =      2.64121  eV     1   --> A              

 **************************************************************************

 **************************************************************************

                    xk=(   0.45679,   0.36352,   0.00000  )

     Band symmetry, C_1 (1)     point group:

     e(  1 -  1) =    -61.53726  eV     1   --> A              
     e(  2 -  2) =    -35.84650  eV     1   --> A              
     e(  3 -  3) =    -35.76963  eV     1   --> A              
     e(  4 -  4) =    -35.57576  eV     1   --> A              
     e(  5 -  5) =    -14.82956  eV     1   --> A              
     e(  6 -  6) =    -13.01000  eV     1   --> A              
     e(  7 -  7) =     -8.33550  eV     1   --> A              
     e(  8 -  8) =     -6.72359  eV     1   --> A              
     e(  9 -  9) =     -5.88385  eV     1   --> A              
     e( 10 - 10) =     -5.36092  eV     1   --> A              
     e( 11 - 11) =     -4.26265  eV     1   --> A              
     e( 12 - 12) =     -3.23745  eV     1   --> A              
     e( 13 - 13) =     -2.48703  eV     1   --> A              
     e( 14 - 14) =     -1.46622  eV     1   --> A              
     e( 15 - 15) =     -1.24223  eV     1   --> A              
     e( 16 - 16) =     -1.02479  eV     1   --> A              
     e( 17 - 17) =     -0.83259  eV     1   --> A              
     e( 18 - 18) =      0.09455  eV     1   --> A              
     e( 19 - 19) =      1.44942  eV     1   --> A              
     e( 20 - 20) =      1.83505  eV     1   --> A              
     e( 21 - 21) =      2.19290  eV     1   --> A              
     e( 22 - 22) =      2.58294  eV     1   --> A              

 **************************************************************************

 **************************************************************************

                    xk=(   0.45062,   0.37421,   0.00000  )

     Band symmetry, C_1 (1)     point group:

     e(  1 -  1) =    -61.53705  eV     1   --> A              
     e(  2 -  2) =    -35.84385  eV     1   --> A              
     e(  3 -  3) =    -35.76923  eV     1   --> A              
     e(  4 -  4) =    -35.58099  eV     1   --> A              
     e(  5 -  5) =    -14.82106  eV     1   --> A              
     e(  6 -  6) =    -13.00126  eV     1   --> A              
     e(  7 -  7) =     -8.31563  eV     1   --> A              
     e(  8 -  8) =     -6.70899  eV     1   --> A              
     e(  9 -  9) =     -5.94142  eV     1   --> A              
     e( 10 - 10) =     -5.35044  eV     1   --> A              
     e( 11 - 11) =     -4.26866  eV     1   --> A              
     e( 12 - 12) =     -3.27853  eV     1   --> A              
     e( 13 - 13) =     -2.46483  eV     1   --> A              
     e( 14 - 14) =     -1.48441  eV     1   --> A              
     e( 15 - 15) =     -1.26497  eV     1   --> A              
     e( 16 - 16) =     -1.03901  eV     1   --> A              
     e( 17 - 17) =     -0.79795  eV     1   --> A              
     e( 18 - 18) =      0.08615  eV     1   --> A              
     e( 19 - 19) =      1.43830  eV     1   --> A              
     e( 20 - 20) =      1.84233  eV     1   --> A              
     e( 21 - 21) =      2.24233  eV     1   --> A              
     e( 22 - 22) =      2.52572  eV     1   --> A              

 **************************************************************************

 **************************************************************************

                    xk=(   0.44444,   0.38490,   0.00000  )

     Band symmetry, C_1 (1)     point group:

     e(  1 -  1) =    -61.53683  eV     1   --> A              
     e(  2 -  2) =    -35.84086  eV     1   --> A              
     e(  3 -  3) =    -35.76879  eV     1   --> A              
     e(  4 -  4) =    -35.58680  eV     1   --> A              
     e(  5 -  5) =    -14.81167  eV     1   --> A              
     e(  6 -  6) =    -12.99162  eV     1   --> A              
     e(  7 -  7) =     -8.29339  eV     1   --> A              
     e(  8 -  8) =     -6.69442  eV     1   --> A              
     e(  9 -  9) =     -5.99910  eV     1   --> A              
     e( 10 - 10) =     -5.34378  eV     1   --> A              
     e( 11 - 11) =     -4.27607  eV     1   --> A              
     e( 12 - 12) =     -3.31999  eV     1   --> A              
     e( 13 - 13) =     -2.44227  eV     1   --> A              
     e( 14 - 14) =     -1.50184  eV     1   --> A              
     e( 15 - 15) =     -1.28889  eV     1   --> A              
     e( 16 - 16) =     -1.05668  eV     1   --> A              
     e( 17 - 17) =     -0.75990  eV     1   --> A              
     e( 18 - 18) =      0.07795  eV     1   --> A              
     e( 19 - 19) =      1.42804  eV     1   --> A              
     e( 20 - 20) =      1.83961  eV     1   --> A              
     e( 21 - 21) =      2.29496  eV     1   --> A              
     e( 22 - 22) =      2.47698  eV     1   --> A              

 **************************************************************************

 **************************************************************************

                    xk=(   0.43827,   0.39559,   0.00000  )

     Band symmetry, C_1 (1)     point group:

     e(  1 -  1) =    -61.53658  eV     1   --> A              
     e(  2 -  2) =    -35.83755  eV     1   --> A              
     e(  3 -  3) =    -35.76832  eV     1   --> A              
     e(  4 -  4) =    -35.59316  eV     1   --> A              
     e(  5 -  5) =    -14.80147  eV     1   --> A              
     e(  6 -  6) =    -12.98117  eV     1   --> A              
     e(  7 -  7) =     -8.26891  eV     1   --> A              
     e(  8 -  8) =     -6.68105  eV     1   --> A              
     e(  9 -  9) =     -6.05559  eV     1   --> A              
     e( 10 - 10) =     -5.34094  eV     1   --> A              
     e( 11 - 11) =     -4.28504  eV     1   --> A              
     e( 12 - 12) =     -3.36089  eV     1   --> A              
     e( 13 - 13) =     -2.41958  eV     1   --> A              
     e( 14 - 14) =     -1.51824  eV     1   --> A              
     e( 15 - 15) =     -1.31341  eV     1   --> A              
     e( 16 - 16) =     -1.07697  eV     1   --> A              
     e( 17 - 17) =     -0.71946  eV     1   --> A              
     e( 18 - 18) =      0.07035  eV     1   --> A              
     e( 19 - 19) =      1.41791  eV     1   --> A              
     e( 20 - 20) =      1.82727  eV     1   --> A              
     e( 21 - 21) =      2.32795  eV     1   --> A              
     e( 22 - 22) =      2.46028  eV     1   --> A              

 **************************************************************************

 **************************************************************************

                    xk=(   0.43210,   0.40628,   0.00000  )

     Band symmetry, C_1 (1)     point group:

     e(  1 -  1) =    -61.53633  eV     1   --> A              
     e(  2 -  2) =    -35.83393  eV     1   --> A              
     e(  3 -  3) =    -35.76782  eV     1   --> A              
     e(  4 -  4) =    -35.60001  eV     1   --> A              
     e(  5 -  5) =    -14.79057  eV     1   --> A              
     e(  6 -  6) =    -12.97003  eV     1   --> A              
     e(  7 -  7) =     -8.24231  eV     1   --> A              
     e(  8 -  8) =     -6.67053  eV     1   --> A              
     e(  9 -  9) =     -6.10909  eV     1   --> A              
     e( 10 - 10) =     -5.34193  eV     1   --> A              
     e( 11 - 11) =     -4.29567  eV     1   --> A              
     e( 12 - 12) =     -3.40041  eV     1   --> A              
     e( 13 - 13) =     -2.39695  eV     1   --> A              
     e( 14 - 14) =     -1.53339  eV     1   --> A              
     e( 15 - 15) =     -1.33794  eV     1   --> A              
     e( 16 - 16) =     -1.09929  eV     1   --> A              
     e( 17 - 17) =     -0.67735  eV     1   --> A              
     e( 18 - 18) =      0.06376  eV     1   --> A              
     e( 19 - 19) =      1.40718  eV     1   --> A              
     e( 20 - 20) =      1.80552  eV     1   --> A              
     e( 21 - 21) =      2.31382  eV     1   --> A              
     e( 22 - 22) =      2.50382  eV     1   --> A              

 **************************************************************************

 **************************************************************************

                    xk=(   0.42593,   0.41698,   0.00000  )

     Band symmetry, C_1 (1)     point group:

     e(  1 -  1) =    -61.53606  eV     1   --> A              
     e(  2 -  2) =    -35.83000  eV     1   --> A              
     e(  3 -  3) =    -35.76730  eV     1   --> A              
     e(  4 -  4) =    -35.60732  eV     1   --> A              
     e(  5 -  5) =    -14.77908  eV     1   --> A              
     e(  6 -  6) =    -12.95832  eV     1   --> A              
     e(  7 -  7) =     -8.21375  eV     1   --> A              
     e(  8 -  8) =     -6.66514  eV     1   --> A              
     e(  9 -  9) =     -6.15718  eV     1   --> A              
     e( 10 - 10) =     -5.34669  eV     1   --> A              
     e( 11 - 11) =     -4.30795  eV     1   --> A              
     e( 12 - 12) =     -3.43787  eV     1   --> A              
     e( 13 - 13) =     -2.37456  eV     1   --> A              
     e( 14 - 14) =     -1.54712  eV     1   --> A              
     e( 15 - 15) =     -1.36186  eV     1   --> A              
     e( 16 - 16) =     -1.12320  eV     1   --> A              
     e( 17 - 17) =     -0.63411  eV     1   --> A              
     e( 18 - 18) =      0.05857  eV     1   --> A              
     e( 19 - 19) =      1.39516  eV     1   --> A              
     e( 20 - 20) =      1.77460  eV     1   --> A              
     e( 21 - 21) =      2.28236  eV     1   --> A              
     e( 22 - 22) =      2.57838  eV     1   --> A              

 **************************************************************************

 **************************************************************************

                    xk=(   0.41975,   0.42767,   0.00000  )

     Band symmetry, C_1 (1)     point group:

     e(  1 -  1) =    -61.53579  eV     1   --> A              
     e(  2 -  2) =    -35.82579  eV     1   --> A              
     e(  3 -  3) =    -35.76675  eV     1   --> A              
     e(  4 -  4) =    -35.61502  eV     1   --> A              
     e(  5 -  5) =    -14.76712  eV     1   --> A              
     e(  6 -  6) =    -12.94615  eV     1   --> A              
     e(  7 -  7) =     -8.18339  eV     1   --> A              
     e(  8 -  8) =     -6.66769  eV     1   --> A              
     e(  9 -  9) =     -6.19689  eV     1   --> A              
     e( 10 - 10) =     -5.35512  eV     1   --> A              
     e( 11 - 11) =     -4.32180  eV     1   --> A              
     e( 12 - 12) =     -3.47277  eV     1   --> A              
     e( 13 - 13) =     -2.35256  eV     1   --> A              
     e( 14 - 14) =     -1.55932  eV     1   --> A              
     e( 15 - 15) =     -1.38458  eV     1   --> A              
     e( 16 - 16) =     -1.14833  eV     1   --> A              
     e( 17 - 17) =     -0.59022  eV     1   --> A              
     e( 18 - 18) =      0.05516  eV     1   --> A              
     e( 19 - 19) =      1.38120  eV     1   --> A              
     e( 20 - 20) =      1.73517  eV     1   --> A              
     e( 21 - 21) =      2.25365  eV     1   --> A              
     e( 22 - 22) =      2.66382  eV     1   --> A              

 **************************************************************************

 **************************************************************************

                    xk=(   0.41358,   0.43836,   0.00000  )

     Band symmetry, C_1 (1)     point group:

     e(  1 -  1) =    -61.53550  eV     1   --> A              
     e(  2 -  2) =    -35.82129  eV     1   --> A              
     e(  3 -  3) =    -35.76620  eV     1   --> A              
     e(  4 -  4) =    -35.62307  eV     1   --> A              
     e(  5 -  5) =    -14.75482  eV     1   --> A              
     e(  6 -  6) =    -12.93368  eV     1   --> A              
     e(  7 -  7) =     -8.15143  eV     1   --> A              
     e(  8 -  8) =     -6.68094  eV     1   --> A              
     e(  9 -  9) =     -6.22536  eV     1   --> A              
     e( 10 - 10) =     -5.36705  eV     1   --> A              
     e( 11 - 11) =     -4.33699  eV     1   --> A              
     e( 12 - 12) =     -3.50480  eV     1   --> A              
     e( 13 - 13) =     -2.33111  eV     1   --> A              
     e( 14 - 14) =     -1.56990  eV     1   --> A              
     e( 15 - 15) =     -1.40553  eV     1   --> A              
     e( 16 - 16) =     -1.17437  eV     1   --> A              
     e( 17 - 17) =     -0.54615  eV     1   --> A              
     e( 18 - 18) =      0.05386  eV     1   --> A              
     e( 19 - 19) =      1.36480  eV     1   --> A              
     e( 20 - 20) =      1.68863  eV     1   --> A              
     e( 21 - 21) =      2.23208  eV     1   --> A              
     e( 22 - 22) =      2.75479  eV     1   --> A              

 **************************************************************************

 **************************************************************************

                    xk=(   0.40741,   0.44905,   0.00000  )

     Band symmetry, C_1 (1)     point group:

     e(  1 -  1) =    -61.53521  eV     1   --> A              
     e(  2 -  2) =    -35.81653  eV     1   --> A              
     e(  3 -  3) =    -35.76564  eV     1   --> A              
     e(  4 -  4) =    -35.63140  eV     1   --> A              
     e(  5 -  5) =    -14.74233  eV     1   --> A              
     e(  6 -  6) =    -12.92105  eV     1   --> A              
     e(  7 -  7) =     -8.11810  eV     1   --> A              
     e(  8 -  8) =     -6.70633  eV     1   --> A              
     e(  9 -  9) =     -6.24100  eV     1   --> A              
     e( 10 - 10) =     -5.38221  eV     1   --> A              
     e( 11 - 11) =     -4.35320  eV     1   --> A              
     e( 12 - 12) =     -3.53384  eV     1   --> A              
     e( 13 - 13) =     -2.31039  eV     1   --> A              
     e( 14 - 14) =     -1.57878  eV     1   --> A              
     e( 15 - 15) =     -1.42421  eV     1   --> A              
     e( 16 - 16) =     -1.20104  eV     1   --> A              
     e( 17 - 17) =     -0.50232  eV     1   --> A              
     e( 18 - 18) =      0.05494  eV     1   --> A              
     e( 19 - 19) =      1.34548  eV     1   --> A              
     e( 20 - 20) =      1.63700  eV     1   --> A              
     e( 21 - 21) =      2.21799  eV     1   --> A              
     e( 22 - 22) =      2.84914  eV     1   --> A              

 **************************************************************************

 **************************************************************************

                    xk=(   0.40123,   0.45974,   0.00000  )

     Band symmetry, C_1 (1)     point group:

     e(  1 -  1) =    -61.53493  eV     1   --> A              
     e(  2 -  2) =    -35.81153  eV     1   --> A              
     e(  3 -  3) =    -35.76509  eV     1   --> A              
     e(  4 -  4) =    -35.63996  eV     1   --> A              
     e(  5 -  5) =    -14.72979  eV     1   --> A              
     e(  6 -  6) =    -12.90842  eV     1   --> A              
     e(  7 -  7) =     -8.08366  eV     1   --> A              
     e(  8 -  8) =     -6.74309  eV     1   --> A              
     e(  9 -  9) =     -6.24446  eV     1   --> A              
     e( 10 - 10) =     -5.40021  eV     1   --> A              
     e( 11 - 11) =     -4.36999  eV     1   --> A              
     e( 12 - 12) =     -3.55996  eV     1   --> A              
     e( 13 - 13) =     -2.29056  eV     1   --> A              
     e( 14 - 14) =     -1.58592  eV     1   --> A              
     e( 15 - 15) =     -1.44018  eV     1   --> A              
     e( 16 - 16) =     -1.22808  eV     1   --> A              
     e( 17 - 17) =     -0.45917  eV     1   --> A              
     e( 18 - 18) =      0.05860  eV     1   --> A              
     e( 19 - 19) =      1.32296  eV     1   --> A              
     e( 20 - 20) =      1.58262  eV     1   --> A              
     e( 21 - 21) =      2.21051  eV     1   --> A              
     e( 22 - 22) =      2.94557  eV     1   --> A              

 **************************************************************************

 **************************************************************************

                    xk=(   0.39506,   0.47043,   0.00000  )

     Band symmetry, C_1 (1)     point group:

     e(  1 -  1) =    -61.53465  eV     1   --> A              
     e(  2 -  2) =    -35.80630  eV     1   --> A              
     e(  3 -  3) =    -35.76454  eV     1   --> A              
     e(  4 -  4) =    -35.64867  eV     1   --> A              
     e(  5 -  5) =    -14.71738  eV     1   --> A              
     e(  6 -  6) =    -12.89594  eV     1   --> A              
     e(  7 -  7) =     -8.04843  eV     1   --> A              
     e(  8 -  8) =     -6.78867  eV     1   --> A              
     e(  9 -  9) =     -6.23817  eV     1   --> A              
     e( 10 - 10) =     -5.42054  eV     1   --> A              
     e( 11 - 11) =     -4.38691  eV     1   --> A              
     e( 12 - 12) =     -3.58331  eV     1   --> A              
     e( 13 - 13) =     -2.27179  eV     1   --> A              
     e( 14 - 14) =     -1.59128  eV     1   --> A              
     e( 15 - 15) =     -1.45311  eV     1   --> A              
     e( 16 - 16) =     -1.25525  eV     1   --> A              
     e( 17 - 17) =     -0.41715  eV     1   --> A              
     e( 18 - 18) =      0.06493  eV     1   --> A              
     e( 19 - 19) =      1.29702  eV     1   --> A              
     e( 20 - 20) =      1.52782  eV     1   --> A              
     e( 21 - 21) =      2.20838  eV     1   --> A              
     e( 22 - 22) =      3.04298  eV     1   --> A              

 **************************************************************************

 **************************************************************************

                    xk=(   0.38889,   0.48113,   0.00000  )

     Band symmetry, C_1 (1)     point group:

     e(  1 -  1) =    -61.53438  eV     1   --> A              
     e(  2 -  2) =    -35.80087  eV     1   --> A              
     e(  3 -  3) =    -35.76401  eV     1   --> A              
     e(  4 -  4) =    -35.65746  eV     1   --> A              
     e(  5 -  5) =    -14.70525  eV     1   --> A              
     e(  6 -  6) =    -12.88380  eV     1   --> A              
     e(  7 -  7) =     -8.01278  eV     1   --> A              
     e(  8 -  8) =     -6.83995  eV     1   --> A              
     e(  9 -  9) =     -6.22511  eV     1   --> A              
     e( 10 - 10) =     -5.44257  eV     1   --> A              
     e( 11 - 11) =     -4.40346  eV     1   --> A              
     e( 12 - 12) =     -3.60415  eV     1   --> A              
     e( 13 - 13) =     -2.25427  eV     1   --> A              
     e( 14 - 14) =     -1.59483  eV     1   --> A              
     e( 15 - 15) =     -1.46281  eV     1   --> A              
     e( 16 - 16) =     -1.28234  eV     1   --> A              
     e( 17 - 17) =     -0.37667  eV     1   --> A              
     e( 18 - 18) =      0.07385  eV     1   --> A              
     e( 19 - 19) =      1.26759  eV     1   --> A              
     e( 20 - 20) =      1.47477  eV     1   --> A              
     e( 21 - 21) =      2.21037  eV     1   --> A              
     e( 22 - 22) =      3.14030  eV     1   --> A              

 **************************************************************************

 **************************************************************************

                    xk=(   0.38272,   0.49182,   0.00000  )

     Band symmetry, C_1 (1)     point group:

     e(  1 -  1) =    -61.53412  eV     1   --> A              
     e(  2 -  2) =    -35.79527  eV     1   --> A              
     e(  3 -  3) =    -35.76351  eV     1   --> A              
     e(  4 -  4) =    -35.66626  eV     1   --> A              
     e(  5 -  5) =    -14.69359  eV     1   --> A              
     e(  6 -  6) =    -12.87216  eV     1   --> A              
     e(  7 -  7) =     -7.97716  eV     1   --> A              
     e(  8 -  8) =     -6.89408  eV     1   --> A              
     e(  9 -  9) =     -6.20795  eV     1   --> A              
     e( 10 - 10) =     -5.46555  eV     1   --> A              
     e( 11 - 11) =     -4.41922  eV     1   --> A              
     e( 12 - 12) =     -3.62273  eV     1   --> A              
     e( 13 - 13) =     -2.23818  eV     1   --> A              
     e( 14 - 14) =     -1.59653  eV     1   --> A              
     e( 15 - 15) =     -1.46925  eV     1   --> A              
     e( 16 - 16) =     -1.30914  eV     1   --> A              
     e( 17 - 17) =     -0.33811  eV     1   --> A              
     e( 18 - 18) =      0.08505  eV     1   --> A              
     e( 19 - 19) =      1.23490  eV     1   --> A              
     e( 20 - 20) =      1.42530  eV     1   --> A              
     e( 21 - 21) =      2.21532  eV     1   --> A              
     e( 22 - 22) =      3.23636  eV     1   --> A              

 **************************************************************************

 **************************************************************************

                    xk=(   0.37654,   0.50251,   0.00000  )

     Band symmetry, C_1 (1)     point group:

     e(  1 -  1) =    -61.53388  eV     1   --> A              
     e(  2 -  2) =    -35.78954  eV     1   --> A              
     e(  3 -  3) =    -35.76303  eV     1   --> A              
     e(  4 -  4) =    -35.67498  eV     1   --> A              
     e(  5 -  5) =    -14.68257  eV     1   --> A              
     e(  6 -  6) =    -12.86121  eV     1   --> A              
     e(  7 -  7) =     -7.94213  eV     1   --> A              
     e(  8 -  8) =     -6.94868  eV     1   --> A              
     e(  9 -  9) =     -6.18886  eV     1   --> A              
     e( 10 - 10) =     -5.48860  eV     1   --> A              
     e( 11 - 11) =     -4.43380  eV     1   --> A              
     e( 12 - 12) =     -3.63927  eV     1   --> A              
     e( 13 - 13) =     -2.22366  eV     1   --> A              
     e( 14 - 14) =     -1.59633  eV     1   --> A              
     e( 15 - 15) =     -1.47259  eV     1   --> A              
     e( 16 - 16) =     -1.33543  eV     1   --> A              
     e( 17 - 17) =     -0.30182  eV     1   --> A              
     e( 18 - 18) =      0.09795  eV     1   --> A              
     e( 19 - 19) =      1.19966  eV     1   --> A              
     e( 20 - 20) =      1.38071  eV     1   --> A              
     e( 21 - 21) =      2.22221  eV     1   --> A              
     e( 22 - 22) =      3.32975  eV     1   --> A              

 **************************************************************************

 **************************************************************************

                    xk=(   0.37037,   0.51320,   0.00000  )

     Band symmetry, C_1 (1)     point group:

     e(  1 -  1) =    -61.53366  eV     1   --> A              
     e(  2 -  2) =    -35.78372  eV     1   --> A              
     e(  3 -  3) =    -35.76260  eV     1   --> A              
     e(  4 -  4) =    -35.68353  eV     1   --> A              
     e(  5 -  5) =    -14.67240  eV     1   --> A              
     e(  6 -  6) =    -12.85114  eV     1   --> A              
     e(  7 -  7) =     -7.90841  eV     1   --> A              
     e(  8 -  8) =     -7.00171  eV     1   --> A              
     e(  9 -  9) =     -6.16952  eV     1   --> A              
     e( 10 - 10) =     -5.51078  eV     1   --> A              
     e( 11 - 11) =     -4.44691  eV     1   --> A              
     e( 12 - 12) =     -3.65390  eV     1   --> A              
     e( 13 - 13) =     -2.21085  eV     1   --> A              
     e( 14 - 14) =     -1.59418  eV     1   --> A              
     e( 15 - 15) =     -1.47316  eV     1   --> A              
     e( 16 - 16) =     -1.36102  eV     1   --> A              
     e( 17 - 17) =     -0.26809  eV     1   --> A              
     e( 18 - 18) =      0.11169  eV     1   --> A              
     e( 19 - 19) =      1.16337  eV     1   --> A              
     e( 20 - 20) =      1.34166  eV     1   --> A              
     e( 21 - 21) =      2.23014  eV     1   --> A              
     e( 22 - 22) =      3.41874  eV     1   --> A              

 **************************************************************************

 **************************************************************************

                    xk=(   0.36420,   0.52389,   0.00000  )

     Band symmetry, C_1 (1)     point group:

     e(  1 -  1) =    -61.53347  eV     1   --> A              
     e(  2 -  2) =    -35.77791  eV     1   --> A              
     e(  3 -  3) =    -35.76221  eV     1   --> A              
     e(  4 -  4) =    -35.69177  eV     1   --> A              
     e(  5 -  5) =    -14.66325  eV     1   --> A              
     e(  6 -  6) =    -12.84212  eV     1   --> A              
     e(  7 -  7) =     -7.87686  eV     1   --> A              
     e(  8 -  8) =     -7.05128  eV     1   --> A              
     e(  9 -  9) =     -6.15132  eV     1   --> A              
     e( 10 - 10) =     -5.53115  eV     1   --> A              
     e( 11 - 11) =     -4.45832  eV     1   --> A              
     e( 12 - 12) =     -3.66667  eV     1   --> A              
     e( 13 - 13) =     -2.19987  eV     1   --> A              
     e( 14 - 14) =     -1.59002  eV     1   --> A              
     e( 15 - 15) =     -1.47150  eV     1   --> A              
     e( 16 - 16) =     -1.38564  eV     1   --> A              
     e( 17 - 17) =     -0.23725  eV     1   --> A              
     e( 18 - 18) =      0.12515  eV     1   --> A              
     e( 19 - 19) =      1.12811  eV     1   --> A              
     e( 20 - 20) =      1.30826  eV     1   --> A              
     e( 21 - 21) =      2.23831  eV     1   --> A              
     e( 22 - 22) =      3.50113  eV     1   --> A              

 **************************************************************************

 **************************************************************************

                    xk=(   0.35802,   0.53458,   0.00000  )

     Band symmetry, C_1 (1)     point group:

     e(  1 -  1) =    -61.53330  eV     1   --> A              
     e(  2 -  2) =    -35.77222  eV     1   --> A              
     e(  3 -  3) =    -35.76188  eV     1   --> A              
     e(  4 -  4) =    -35.69954  eV     1   --> A              
     e(  5 -  5) =    -14.65534  eV     1   --> A              
     e(  6 -  6) =    -12.83435  eV     1   --> A              
     e(  7 -  7) =     -7.84857  eV     1   --> A              
     e(  8 -  8) =     -7.09555  eV     1   --> A              
     e(  9 -  9) =     -6.13533  eV     1   --> A              
     e( 10 - 10) =     -5.54879  eV     1   --> A              
     e( 11 - 11) =     -4.46787  eV     1   --> A              
     e( 12 - 12) =     -3.67753  eV     1   --> A              
     e( 13 - 13) =     -2.19081  eV     1   --> A              
     e( 14 - 14) =     -1.58392  eV     1   --> A              
     e( 15 - 15) =     -1.46830  eV     1   --> A              
     e( 16 - 16) =     -1.40899  eV     1   --> A              
     e( 17 - 17) =     -0.20972  eV     1   --> A              
     e( 18 - 18) =      0.13706  eV     1   --> A              
     e( 19 - 19) =      1.09626  eV     1   --> A              
     e( 20 - 20) =      1.28037  eV     1   --> A              
     e( 21 - 21) =      2.24601  eV     1   --> A              
     e( 22 - 22) =      3.57421  eV     1   --> A              

 **************************************************************************

 **************************************************************************

                    xk=(   0.35185,   0.54528,   0.00000  )

     Band symmetry, C_1 (1)     point group:

     e(  1 -  1) =    -61.53316  eV     1   --> A              
     e(  2 -  2) =    -35.76687  eV     1   --> A              
     e(  3 -  3) =    -35.76160  eV     1   --> A              
     e(  4 -  4) =    -35.70659  eV     1   --> A              
     e(  5 -  5) =    -14.64885  eV     1   --> A              
     e(  6 -  6) =    -12.82800  eV     1   --> A              
     e(  7 -  7) =     -7.82481  eV     1   --> A              
     e(  8 -  8) =     -7.13262  eV     1   --> A              
     e(  9 -  9) =     -6.12242  eV     1   --> A              
     e( 10 - 10) =     -5.56293  eV     1   --> A              
     e( 11 - 11) =     -4.47546  eV     1   --> A              
     e( 12 - 12) =     -3.68636  eV     1   --> A              
     e( 13 - 13) =     -2.18372  eV     1   --> A              
     e( 14 - 14) =     -1.57612  eV     1   --> A              
     e( 15 - 15) =     -1.46435  eV     1   --> A              
     e( 16 - 16) =     -1.43053  eV     1   --> A              
     e( 17 - 17) =     -0.18614  eV     1   --> A              
     e( 18 - 18) =      0.14630  eV     1   --> A              
     e( 19 - 19) =      1.07005  eV     1   --> A              
     e( 20 - 20) =      1.25794  eV     1   --> A              
     e( 21 - 21) =      2.25262  eV     1   --> A              
     e( 22 - 22) =      3.63481  eV     1   --> A              

 **************************************************************************

 **************************************************************************

                    xk=(   0.34568,   0.55597,   0.00000  )

     Band symmetry, C_1 (1)     point group:

     e(  1 -  1) =    -61.53306  eV     1   --> A              
     e(  2 -  2) =    -35.76226  eV     1   --> A              
     e(  3 -  3) =    -35.76136  eV     1   --> A              
     e(  4 -  4) =    -35.71249  eV     1   --> A              
     e(  5 -  5) =    -14.64398  eV     1   --> A              
     e(  6 -  6) =    -12.82326  eV     1   --> A              
     e(  7 -  7) =     -7.80690  eV     1   --> A              
     e(  8 -  8) =     -7.16063  eV     1   --> A              
     e(  9 -  9) =     -6.11313  eV     1   --> A              
     e( 10 - 10) =     -5.57305  eV     1   --> A              
     e( 11 - 11) =     -4.48098  eV     1   --> A              
     e( 12 - 12) =     -3.69296  eV     1   --> A              
     e( 13 - 13) =     -2.17865  eV     1   --> A              
     e( 14 - 14) =     -1.56735  eV     1   --> A              
     e( 15 - 15) =     -1.46048  eV     1   --> A              
     e( 16 - 16) =     -1.44931  eV     1   --> A              
     e( 17 - 17) =     -0.16747  eV     1   --> A              
     e( 18 - 18) =      0.15220  eV     1   --> A              
     e( 19 - 19) =      1.05109  eV     1   --> A              
     e( 20 - 20) =      1.24117  eV     1   --> A              
     e( 21 - 21) =      2.25766  eV     1   --> A              
     e( 22 - 22) =      3.67980  eV     1   --> A              

 **************************************************************************

 **************************************************************************

                    xk=(   0.33951,   0.56666,   0.00000  )

     Band symmetry, C_1 (1)     point group:

     e(  1 -  1) =    -61.53300  eV     1   --> A              
     e(  2 -  2) =    -35.76130  eV     1   --> A              
     e(  3 -  3) =    -35.75888  eV     1   --> A              
     e(  4 -  4) =    -35.71659  eV     1   --> A              
     e(  5 -  5) =    -14.64092  eV     1   --> A              
     e(  6 -  6) =    -12.82030  eV     1   --> A              
     e(  7 -  7) =     -7.79592  eV     1   --> A              
     e(  8 -  8) =     -7.17801  eV     1   --> A              
     e(  9 -  9) =     -6.10767  eV     1   --> A              
     e( 10 - 10) =     -5.57897  eV     1   --> A              
     e( 11 - 11) =     -4.48436  eV     1   --> A              
     e( 12 - 12) =     -3.69709  eV     1   --> A              
     e( 13 - 13) =     -2.17561  eV     1   --> A              
     e( 14 - 14) =     -1.55945  eV     1   --> A              
     e( 15 - 15) =     -1.46331  eV     1   --> A              
     e( 16 - 16) =     -1.45757  eV     1   --> A              
     e( 17 - 17) =     -0.15508  eV     1   --> A              
     e( 18 - 18) =      0.15488  eV     1   --> A              
     e( 19 - 19) =      1.04014  eV     1   --> A              
     e( 20 - 20) =      1.23055  eV     1   --> A              
     e( 21 - 21) =      2.26078  eV     1   --> A              
     e( 22 - 22) =      3.70694  eV     1   --> A              

 **************************************************************************

 **************************************************************************

                    xk=(   0.33333,   0.57735,   0.00000  )

     Band symmetry, C_1 (1)     point group:

     e(  1 -  1) =    -61.53297  eV     1   --> A              
     e(  2 -  2) =    -35.76125  eV     1   --> A              
     e(  3 -  3) =    -35.75767  eV     1   --> A              
     e(  4 -  4) =    -35.71808  eV     1   --> A              
     e(  5 -  5) =    -14.63987  eV     1   --> A              
     e(  6 -  6) =    -12.81928  eV     1   --> A              
     e(  7 -  7) =     -7.79232  eV     1   --> A              
     e(  8 -  8) =     -7.18384  eV     1   --> A              
     e(  9 -  9) =     -6.10593  eV     1   --> A              
     e( 10 - 10) =     -5.58084  eV     1   --> A              
     e( 11 - 11) =     -4.48552  eV     1   --> A              
     e( 12 - 12) =     -3.69852  eV     1   --> A              
     e( 13 - 13) =     -2.17459  eV     1   --> A              
     e( 14 - 14) =     -1.55593  eV     1   --> A              
     e( 15 - 15) =     -1.46887  eV     1   --> A              
     e( 16 - 16) =     -1.45644  eV     1   --> A              
     e( 17 - 17) =     -0.15058  eV     1   --> A              
     e( 18 - 18) =      0.15542  eV     1   --> A              
     e( 19 - 19) =      1.03679  eV     1   --> A              
     e( 20 - 20) =      1.22681  eV     1   --> A              
     e( 21 - 21) =      2.26183  eV     1   --> A              
     e( 22 - 22) =      3.71577  eV     1   --> A              

 **************************************************************************

 **************************************************************************

                    xk=(   0.32381,   0.56085,   0.00000  )

     Band symmetry, C_1 (1)     point group:

     e(  1 -  1) =    -61.53303  eV     1   --> A              
     e(  2 -  2) =    -35.76139  eV     1   --> A              
     e(  3 -  3) =    -35.76022  eV     1   --> A              
     e(  4 -  4) =    -35.71482  eV     1   --> A              
     e(  5 -  5) =    -14.64255  eV     1   --> A              
     e(  6 -  6) =    -12.82185  eV     1   --> A              
     e(  7 -  7) =     -7.79976  eV     1   --> A              
     e(  8 -  8) =     -7.17065  eV     1   --> A              
     e(  9 -  9) =     -6.10954  eV     1   --> A              
     e( 10 - 10) =     -5.57702  eV     1   --> A              
     e( 11 - 11) =     -4.48265  eV     1   --> A              
     e( 12 - 12) =     -3.69492  eV     1   --> A              
     e( 13 - 13) =     -2.17699  eV     1   --> A              
     e( 14 - 14) =     -1.56473  eV     1   --> A              
     e( 15 - 15) =     -1.46053  eV     1   --> A              
     e( 16 - 16) =     -1.45445  eV     1   --> A              
     e( 17 - 17) =     -0.16244  eV     1   --> A              
     e( 18 - 18) =      0.15590  eV     1   --> A              
     e( 19 - 19) =      1.04259  eV     1   --> A              
     e( 20 - 20) =      1.23669  eV     1   --> A              
     e( 21 - 21) =      2.25953  eV     1   --> A              
     e( 22 - 22) =      3.69697  eV     1   --> A              

 **************************************************************************

 **************************************************************************

                    xk=(   0.31429,   0.54436,   0.00000  )

     Band symmetry, C_1 (1)     point group:

     e(  1 -  1) =    -61.53320  eV     1   --> A              
     e(  2 -  2) =    -35.76597  eV     1   --> A              
     e(  3 -  3) =    -35.76166  eV     1   --> A              
     e(  4 -  4) =    -35.70705  eV     1   --> A              
     e(  5 -  5) =    -14.65100  eV     1   --> A              
     e(  6 -  6) =    -12.82989  eV     1   --> A              
     e(  7 -  7) =     -7.81768  eV     1   --> A              
     e(  8 -  8) =     -7.13448  eV     1   --> A              
     e(  9 -  9) =     -6.11886  eV     1   --> A              
     e( 10 - 10) =     -5.56739  eV     1   --> A              
     e( 11 - 11) =     -4.47371  eV     1   --> A              
     e( 12 - 12) =     -3.68377  eV     1   --> A              
     e( 13 - 13) =     -2.18412  eV     1   --> A              
     e( 14 - 14) =     -1.58372  eV     1   --> A              
     e( 15 - 15) =     -1.47215  eV     1   --> A              
     e( 16 - 16) =     -1.42063  eV     1   --> A              
     e( 17 - 17) =     -0.19809  eV     1   --> A              
     e( 18 - 18) =      0.16002  eV     1   --> A              
     e( 19 - 19) =      1.05372  eV     1   --> A              
     e( 20 - 20) =      1.26786  eV     1   --> A              
     e( 21 - 21) =      2.25364  eV     1   --> A              
     e( 22 - 22) =      3.64677  eV     1   --> A              

 **************************************************************************

 **************************************************************************

                    xk=(   0.30476,   0.52786,   0.00000  )

     Band symmetry, C_1 (1)     point group:

     e(  1 -  1) =    -61.53350  eV     1   --> A              
     e(  2 -  2) =    -35.77218  eV     1   --> A              
     e(  3 -  3) =    -35.76225  eV     1   --> A              
     e(  4 -  4) =    -35.69722  eV     1   --> A              
     e(  5 -  5) =    -14.66570  eV     1   --> A              
     e(  6 -  6) =    -12.84377  eV     1   --> A              
     e(  7 -  7) =     -7.83880  eV     1   --> A              
     e(  8 -  8) =     -7.08116  eV     1   --> A              
     e(  9 -  9) =     -6.13180  eV     1   --> A              
     e( 10 - 10) =     -5.55463  eV     1   --> A              
     e( 11 - 11) =     -4.45814  eV     1   --> A              
     e( 12 - 12) =     -3.66483  eV     1   --> A              
     e( 13 - 13) =     -2.19591  eV     1   --> A              
     e( 14 - 14) =     -1.60433  eV     1   --> A              
     e( 15 - 15) =     -1.49396  eV     1   --> A              
     e( 16 - 16) =     -1.37493  eV     1   --> A              
     e( 17 - 17) =     -0.25313  eV     1   --> A              
     e( 18 - 18) =      0.16822  eV     1   --> A              
     e( 19 - 19) =      1.06228  eV     1   --> A              
     e( 20 - 20) =      1.31935  eV     1   --> A              
     e( 21 - 21) =      2.24636  eV     1   --> A              
     e( 22 - 22) =      3.57361  eV     1   --> A              

 **************************************************************************

 **************************************************************************

                    xk=(   0.29524,   0.51137,   0.00000  )

     Band symmetry, C_1 (1)     point group:

     e(  1 -  1) =    -61.53394  eV     1   --> A              
     e(  2 -  2) =    -35.77774  eV     1   --> A              
     e(  3 -  3) =    -35.76309  eV     1   --> A              
     e(  4 -  4) =    -35.68644  eV     1   --> A              
     e(  5 -  5) =    -14.68702  eV     1   --> A              
     e(  6 -  6) =    -12.86374  eV     1   --> A              
     e(  7 -  7) =     -7.85691  eV     1   --> A              
     e(  8 -  8) =     -7.01562  eV     1   --> A              
     e(  9 -  9) =     -6.14681  eV     1   --> A              
     e( 10 - 10) =     -5.54074  eV     1   --> A              
     e( 11 - 11) =     -4.43554  eV     1   --> A              
     e( 12 - 12) =     -3.63828  eV     1   --> A              
     e( 13 - 13) =     -2.21231  eV     1   --> A              
     e( 14 - 14) =     -1.62340  eV     1   --> A              
     e( 15 - 15) =     -1.52608  eV     1   --> A              
     e( 16 - 16) =     -1.32128  eV     1   --> A              
     e( 17 - 17) =     -0.32061  eV     1   --> A              
     e( 18 - 18) =      0.17851  eV     1   --> A              
     e( 19 - 19) =      1.06396  eV     1   --> A              
     e( 20 - 20) =      1.38580  eV     1   --> A              
     e( 21 - 21) =      2.24005  eV     1   --> A              
     e( 22 - 22) =      3.48447  eV     1   --> A              

 **************************************************************************

 **************************************************************************

                    xk=(   0.28571,   0.49487,   0.00000  )

     Band symmetry, C_1 (1)     point group:

     e(  1 -  1) =    -61.53451  eV     1   --> A              
     e(  2 -  2) =    -35.78209  eV     1   --> A              
     e(  3 -  3) =    -35.76421  eV     1   --> A              
     e(  4 -  4) =    -35.67521  eV     1   --> A              
     e(  5 -  5) =    -14.71524  eV     1   --> A              
     e(  6 -  6) =    -12.88992  eV     1   --> A              
     e(  7 -  7) =     -7.86759  eV     1   --> A              
     e(  8 -  8) =     -6.94134  eV     1   --> A              
     e(  9 -  9) =     -6.16296  eV     1   --> A              
     e( 10 - 10) =     -5.52687  eV     1   --> A              
     e( 11 - 11) =     -4.40578  eV     1   --> A              
     e( 12 - 12) =     -3.60461  eV     1   --> A              
     e( 13 - 13) =     -2.23325  eV     1   --> A              
     e( 14 - 14) =     -1.63991  eV     1   --> A              
     e( 15 - 15) =     -1.56775  eV     1   --> A              
     e( 16 - 16) =     -1.26165  eV     1   --> A              
     e( 17 - 17) =     -0.39438  eV     1   --> A              
     e( 18 - 18) =      0.18902  eV     1   --> A              
     e( 19 - 19) =      1.05684  eV     1   --> A              
     e( 20 - 20) =      1.46034  eV     1   --> A              
     e( 21 - 21) =      2.23601  eV     1   --> A              
     e( 22 - 22) =      3.38612  eV     1   --> A              

 **************************************************************************

 **************************************************************************

                    xk=(   0.27619,   0.47838,   0.00000  )

     Band symmetry, C_1 (1)     point group:

     e(  1 -  1) =    -61.53523  eV     1   --> A              
     e(  2 -  2) =    -35.78494  eV     1   --> A              
     e(  3 -  3) =    -35.76561  eV     1   --> A              
     e(  4 -  4) =    -35.66377  eV     1   --> A              
     e(  5 -  5) =    -14.75044  eV     1   --> A              
     e(  6 -  6) =    -12.92227  eV     1   --> A              
     e(  7 -  7) =     -7.86794  eV     1   --> A              
     e(  8 -  8) =     -6.86076  eV     1   --> A              
     e(  9 -  9) =     -6.17967  eV     1   --> A              
     e( 10 - 10) =     -5.51333  eV     1   --> A              
     e( 11 - 11) =     -4.36921  eV     1   --> A              
     e( 12 - 12) =     -3.56460  eV     1   --> A              
     e( 13 - 13) =     -2.25863  eV     1   --> A              
     e( 14 - 14) =     -1.65416  eV     1   --> A              
     e( 15 - 15) =     -1.61649  eV     1   --> A              
     e( 16 - 16) =     -1.19801  eV     1   --> A              
     e( 17 - 17) =     -0.46979  eV     1   --> A              
     e( 18 - 18) =      0.19845  eV     1   --> A              
     e( 19 - 19) =      1.04061  eV     1   --> A              
     e( 20 - 20) =      1.53675  eV     1   --> A              
     e( 21 - 21) =      2.23294  eV     1   --> A              
     e( 22 - 22) =      3.28598  eV     1   --> A              

 **************************************************************************

 **************************************************************************

                    xk=(   0.26667,   0.46188,   0.00000  )

     Band symmetry, C_1 (1)     point group:

     e(  1 -  1) =    -61.53610  eV     1   --> A              
     e(  2 -  2) =    -35.78615  eV     1   --> A              
     e(  3 -  3) =    -35.76728  eV     1   --> A              
     e(  4 -  4) =    -35.65225  eV     1   --> A              
     e(  5 -  5) =    -14.79259  eV     1   --> A              
     e(  6 -  6) =    -12.96062  eV     1   --> A              
     e(  7 -  7) =     -7.85614  eV     1   --> A              
     e(  8 -  8) =     -6.77607  eV     1   --> A              
     e(  9 -  9) =     -6.19623  eV     1   --> A              
     e( 10 - 10) =     -5.49981  eV     1   --> A              
     e( 11 - 11) =     -4.32670  eV     1   --> A              
     e( 12 - 12) =     -3.51919  eV     1   --> A              
     e( 13 - 13) =     -2.28826  eV     1   --> A              
     e( 14 - 14) =     -1.67951  eV     1   --> A              
     e( 15 - 15) =     -1.65615  eV     1   --> A              
     e( 16 - 16) =     -1.13308  eV     1   --> A              
     e( 17 - 17) =     -0.54285  eV     1   --> A              
     e( 18 - 18) =      0.20548  eV     1   --> A              
     e( 19 - 19) =      1.01676  eV     1   --> A              
     e( 20 - 20) =      1.60995  eV     1   --> A              
     e( 21 - 21) =      2.22633  eV     1   --> A              
     e( 22 - 22) =      3.19237  eV     1   --> A              

 **************************************************************************

 **************************************************************************

                    xk=(   0.25714,   0.44538,   0.00000  )

     Band symmetry, C_1 (1)     point group:

     e(  1 -  1) =    -61.53711  eV     1   --> A              
     e(  2 -  2) =    -35.78562  eV     1   --> A              
     e(  3 -  3) =    -35.76921  eV     1   --> A              
     e(  4 -  4) =    -35.64075  eV     1   --> A              
     e(  5 -  5) =    -14.84149  eV     1   --> A              
     e(  6 -  6) =    -13.00463  eV     1   --> A              
     e(  7 -  7) =     -7.83113  eV     1   --> A              
     e(  8 -  8) =     -6.69018  eV     1   --> A              
     e(  9 -  9) =     -6.21101  eV     1   --> A              
     e( 10 - 10) =     -5.48563  eV     1   --> A              
     e( 11 - 11) =     -4.27966  eV     1   --> A              
     e( 12 - 12) =     -3.46941  eV     1   --> A              
     e( 13 - 13) =     -2.32175  eV     1   --> A              
     e( 14 - 14) =     -1.73351  eV     1   --> A              
     e( 15 - 15) =     -1.66596  eV     1   --> A              
     e( 16 - 16) =     -1.07164  eV     1   --> A              
     e( 17 - 17) =     -0.60860  eV     1   --> A              
     e( 18 - 18) =      0.20829  eV     1   --> A              
     e( 19 - 19) =      0.98864  eV     1   --> A              
     e( 20 - 20) =      1.67595  eV     1   --> A              
     e( 21 - 21) =      2.20928  eV     1   --> A              
     e( 22 - 22) =      3.11405  eV     1   --> A              

 **************************************************************************

 **************************************************************************

                    xk=(   0.24762,   0.42889,   0.00000  )

     Band symmetry, C_1 (1)     point group:

     e(  1 -  1) =    -61.53827  eV     1   --> A              
     e(  2 -  2) =    -35.78335  eV     1   --> A              
     e(  3 -  3) =    -35.77135  eV     1   --> A              
     e(  4 -  4) =    -35.62935  eV     1   --> A              
     e(  5 -  5) =    -14.89683  eV     1   --> A              
     e(  6 -  6) =    -13.05387  eV     1   --> A              
     e(  7 -  7) =     -7.79242  eV     1   --> A              
     e(  8 -  8) =     -6.60831  eV     1   --> A              
     e(  9 -  9) =     -6.21992  eV     1   --> A              
     e( 10 - 10) =     -5.46993  eV     1   --> A              
     e( 11 - 11) =     -4.22985  eV     1   --> A              
     e( 12 - 12) =     -3.41643  eV     1   --> A              
     e( 13 - 13) =     -2.35846  eV     1   --> A              
     e( 14 - 14) =     -1.78914  eV     1   --> A              
     e( 15 - 15) =     -1.66964  eV     1   --> A              
     e( 16 - 16) =     -1.02291  eV     1   --> A              
     e( 17 - 17) =     -0.65835  eV     1   --> A              
     e( 18 - 18) =      0.20437  eV     1   --> A              
     e( 19 - 19) =      0.96096  eV     1   --> A              
     e( 20 - 20) =      1.73158  eV     1   --> A              
     e( 21 - 21) =      2.17559  eV     1   --> A              
     e( 22 - 22) =      3.05797  eV     1   --> A              

 **************************************************************************

 **************************************************************************

                    xk=(   0.23810,   0.41239,   0.00000  )

     Band symmetry, C_1 (1)     point group:

     e(  1 -  1) =    -61.53957  eV     1   --> A              
     e(  2 -  2) =    -35.77965  eV     1   --> A              
     e(  3 -  3) =    -35.77337  eV     1   --> A              
     e(  4 -  4) =    -35.61812  eV     1   --> A              
     e(  5 -  5) =    -14.95812  eV     1   --> A              
     e(  6 -  6) =    -13.10776  eV     1   --> A              
     e(  7 -  7) =     -7.73998  eV     1   --> A              
     e(  8 -  8) =     -6.54079  eV     1   --> A              
     e(  9 -  9) =     -6.21376  eV     1   --> A              
     e( 10 - 10) =     -5.45183  eV     1   --> A              
     e( 11 - 11) =     -4.17932  eV     1   --> A              
     e( 12 - 12) =     -3.36156  eV     1   --> A              
     e( 13 - 13) =     -2.39722  eV     1   --> A              
     e( 14 - 14) =     -1.84048  eV     1   --> A              
     e( 15 - 15) =     -1.67004  eV     1   --> A              
     e( 16 - 16) =     -1.00205  eV     1   --> A              
     e( 17 - 17) =     -0.67798  eV     1   --> A              
     e( 18 - 18) =      0.19089  eV     1   --> A              
     e( 19 - 19) =      0.93891  eV     1   --> A              
     e( 20 - 20) =      1.77408  eV     1   --> A              
     e( 21 - 21) =      2.12411  eV     1   --> A              
     e( 22 - 22) =      3.02617  eV     1   --> A              

 **************************************************************************

 **************************************************************************

                    xk=(   0.22857,   0.39590,   0.00000  )

     Band symmetry, C_1 (1)     point group:

     e(  1 -  1) =    -61.54101  eV     1   --> A              
     e(  2 -  2) =    -35.77812  eV     1   --> A              
     e(  3 -  3) =    -35.77167  eV     1   --> A              
     e(  4 -  4) =    -35.60710  eV     1   --> A              
     e(  5 -  5) =    -15.02481  eV     1   --> A              
     e(  6 -  6) =    -13.16571  eV     1   --> A              
     e(  7 -  7) =     -7.67407  eV     1   --> A              
     e(  8 -  8) =     -6.50258  eV     1   --> A              
     e(  9 -  9) =     -6.17877  eV     1   --> A              
     e( 10 - 10) =     -5.43050  eV     1   --> A              
     e( 11 - 11) =     -4.13015  eV     1   --> A              
     e( 12 - 12) =     -3.30636  eV     1   --> A              
     e( 13 - 13) =     -2.43631  eV     1   --> A              
     e( 14 - 14) =     -1.88443  eV     1   --> A              
     e( 15 - 15) =     -1.66769  eV     1   --> A              
     e( 16 - 16) =     -1.01806  eV     1   --> A              
     e( 17 - 17) =     -0.66006  eV     1   --> A              
     e( 18 - 18) =      0.16560  eV     1   --> A              
     e( 19 - 19) =      0.92697  eV     1   --> A              
     e( 20 - 20) =      1.80026  eV     1   --> A              
     e( 21 - 21) =      2.06128  eV     1   --> A              
     e( 22 - 22) =      3.01458  eV     1   --> A              

 **************************************************************************

 **************************************************************************

                    xk=(   0.21905,   0.37940,   0.00000  )

     Band symmetry, C_1 (1)     point group:

     e(  1 -  1) =    -61.54258  eV     1   --> A              
     e(  2 -  2) =    -35.78058  eV     1   --> A              
     e(  3 -  3) =    -35.76446  eV     1   --> A              
     e(  4 -  4) =    -35.59634  eV     1   --> A              
     e(  5 -  5) =    -15.09623  eV     1   --> A              
     e(  6 -  6) =    -13.22703  eV     1   --> A              
     e(  7 -  7) =     -7.59524  eV     1   --> A              
     e(  8 -  8) =     -6.49922  eV     1   --> A              
     e(  9 -  9) =     -6.11074  eV     1   --> A              
     e( 10 - 10) =     -5.40513  eV     1   --> A              
     e( 11 - 11) =     -4.08430  eV     1   --> A              
     e( 12 - 12) =     -3.25270  eV     1   --> A              
     e( 13 - 13) =     -2.47331  eV     1   --> A              
     e( 14 - 14) =     -1.91882  eV     1   --> A              
     e( 15 - 15) =     -1.66297  eV     1   --> A              
     e( 16 - 16) =     -1.05981  eV     1   --> A              
     e( 17 - 17) =     -0.61788  eV     1   --> A              
     e( 18 - 18) =      0.12806  eV     1   --> A              
     e( 19 - 19) =      0.92790  eV     1   --> A              
     e( 20 - 20) =      1.80516  eV     1   --> A              
     e( 21 - 21) =      2.00014  eV     1   --> A              
     e( 22 - 22) =      3.01556  eV     1   --> A              

 **************************************************************************

 **************************************************************************

                    xk=(   0.20952,   0.36291,   0.00000  )

     Band symmetry, C_1 (1)     point group:

     e(  1 -  1) =    -61.54427  eV     1   --> A              
     e(  2 -  2) =    -35.78374  eV     1   --> A              
     e(  3 -  3) =    -35.75508  eV     1   --> A              
     e(  4 -  4) =    -35.58587  eV     1   --> A              
     e(  5 -  5) =    -15.17166  eV     1   --> A              
     e(  6 -  6) =    -13.29102  eV     1   --> A              
     e(  7 -  7) =     -7.50423  eV     1   --> A              
     e(  8 -  8) =     -6.52106  eV     1   --> A              
     e(  9 -  9) =     -6.02092  eV     1   --> A              
     e( 10 - 10) =     -5.37493  eV     1   --> A              
     e( 11 - 11) =     -4.04336  eV     1   --> A              
     e( 12 - 12) =     -3.20287  eV     1   --> A              
     e( 13 - 13) =     -2.50531  eV     1   --> A              
     e( 14 - 14) =     -1.94230  eV     1   --> A              
     e( 15 - 15) =     -1.65618  eV     1   --> A              
     e( 16 - 16) =     -1.11204  eV     1   --> A              
     e( 17 - 17) =     -0.56972  eV     1   --> A              
     e( 18 - 18) =      0.08050  eV     1   --> A              
     e( 19 - 19) =      0.94223  eV     1   --> A              
     e( 20 - 20) =      1.78363  eV     1   --> A              
     e( 21 - 21) =      1.95521  eV     1   --> A              
     e( 22 - 22) =      3.02127  eV     1   --> A              

 **************************************************************************

 **************************************************************************

                    xk=(   0.20000,   0.34641,   0.00000  )

     Band symmetry, C_1 (1)     point group:

     e(  1 -  1) =    -61.54605  eV     1   --> A              
     e(  2 -  2) =    -35.78719  eV     1   --> A              
     e(  3 -  3) =    -35.74400  eV     1   --> A              
     e(  4 -  4) =    -35.57574  eV     1   --> A              
     e(  5 -  5) =    -15.25032  eV     1   --> A              
     e(  6 -  6) =    -13.35700  eV     1   --> A              
     e(  7 -  7) =     -7.40196  eV     1   --> A              
     e(  8 -  8) =     -6.55791  eV     1   --> A              
     e(  9 -  9) =     -5.92138  eV     1   --> A              
     e( 10 - 10) =     -5.33908  eV     1   --> A              
     e( 11 - 11) =     -4.00841  eV     1   --> A              
     e( 12 - 12) =     -3.15931  eV     1   --> A              
     e( 13 - 13) =     -2.52928  eV     1   --> A              
     e( 14 - 14) =     -1.95423  eV     1   --> A              
     e( 15 - 15) =     -1.64759  eV     1   --> A              
     e( 16 - 16) =     -1.16600  eV     1   --> A              
     e( 17 - 17) =     -0.52861  eV     1   --> A              
     e( 18 - 18) =      0.02802  eV     1   --> A              
     e( 19 - 19) =      0.96882  eV     1   --> A              
     e( 20 - 20) =      1.74256  eV     1   --> A              
     e( 21 - 21) =      1.92840  eV     1   --> A              
     e( 22 - 22) =      3.02534  eV     1   --> A              

 **************************************************************************

 **************************************************************************

                    xk=(   0.19048,   0.32991,   0.00000  )

     Band symmetry, C_1 (1)     point group:

     e(  1 -  1) =    -61.54793  eV     1   --> A              
     e(  2 -  2) =    -35.79086  eV     1   --> A              
     e(  3 -  3) =    -35.73140  eV     1   --> A              
     e(  4 -  4) =    -35.56597  eV     1   --> A              
     e(  5 -  5) =    -15.33141  eV     1   --> A              
     e(  6 -  6) =    -13.42428  eV     1   --> A              
     e(  7 -  7) =     -7.28949  eV     1   --> A              
     e(  8 -  8) =     -6.60430  eV     1   --> A              
     e(  9 -  9) =     -5.81977  eV     1   --> A              
     e( 10 - 10) =     -5.29670  eV     1   --> A              
     e( 11 - 11) =     -3.97981  eV     1   --> A              
     e( 12 - 12) =     -3.12419  eV     1   --> A              
     e( 13 - 13) =     -2.54276  eV     1   --> A              
     e( 14 - 14) =     -1.95470  eV     1   --> A              
     e( 15 - 15) =     -1.63746  eV     1   --> A              
     e( 16 - 16) =     -1.21721  eV     1   --> A              
     e( 17 - 17) =     -0.50460  eV     1   --> A              
     e( 18 - 18) =     -0.02202  eV     1   --> A              
     e( 19 - 19) =      1.00580  eV     1   --> A              
     e( 20 - 20) =      1.69973  eV     1   --> A              
     e( 21 - 21) =      1.90942  eV     1   --> A              
     e( 22 - 22) =      3.02304  eV     1   --> A              

 **************************************************************************

 **************************************************************************

                    xk=(   0.18095,   0.31342,   0.00000  )

     Band symmetry, C_1 (1)     point group:

     e(  1 -  1) =    -61.54989  eV     1   --> A              
     e(  2 -  2) =    -35.79470  eV     1   --> A              
     e(  3 -  3) =    -35.71745  eV     1   --> A              
     e(  4 -  4) =    -35.55659  eV     1   --> A              
     e(  5 -  5) =    -15.41413  eV     1   --> A              
     e(  6 -  6) =    -13.49221  eV     1   --> A              
     e(  7 -  7) =     -7.16804  eV     1   --> A              
     e(  8 -  8) =     -6.65738  eV     1   --> A              
     e(  9 -  9) =     -5.72119  eV     1   --> A              
     e( 10 - 10) =     -5.24709  eV     1   --> A              
     e( 11 - 11) =     -3.95710  eV     1   --> A              
     e( 12 - 12) =     -3.09860  eV     1   --> A              
     e( 13 - 13) =     -2.54471  eV     1   --> A              
     e( 14 - 14) =     -1.94454  eV     1   --> A              
     e( 15 - 15) =     -1.62601  eV     1   --> A              
     e( 16 - 16) =     -1.26305  eV     1   --> A              
     e( 17 - 17) =     -0.50546  eV     1   --> A              
     e( 18 - 18) =     -0.06203  eV     1   --> A              
     e( 19 - 19) =      1.05140  eV     1   --> A              
     e( 20 - 20) =      1.66765  eV     1   --> A              
     e( 21 - 21) =      1.89177  eV     1   --> A              
     e( 22 - 22) =      3.01120  eV     1   --> A              

 **************************************************************************

 **************************************************************************

                    xk=(   0.17143,   0.29692,   0.00000  )

     Band symmetry, C_1 (1)     point group:

     e(  1 -  1) =    -61.55192  eV     1   --> A              
     e(  2 -  2) =    -35.79866  eV     1   --> A              
     e(  3 -  3) =    -35.70230  eV     1   --> A              
     e(  4 -  4) =    -35.54763  eV     1   --> A              
     e(  5 -  5) =    -15.49768  eV     1   --> A              
     e(  6 -  6) =    -13.56016  eV     1   --> A              
     e(  7 -  7) =     -7.03924  eV     1   --> A              
     e(  8 -  8) =     -6.71519  eV     1   --> A              
     e(  9 -  9) =     -5.62926  eV     1   --> A              
     e( 10 - 10) =     -5.19018  eV     1   --> A              
     e( 11 - 11) =     -3.93895  eV     1   --> A              
     e( 12 - 12) =     -3.08199  eV     1   --> A              
     e( 13 - 13) =     -2.53596  eV     1   --> A              
     e( 14 - 14) =     -1.92540  eV     1   --> A              
     e( 15 - 15) =     -1.61359  eV     1   --> A              
     e( 16 - 16) =     -1.30161  eV     1   --> A              
     e( 17 - 17) =     -0.53317  eV     1   --> A              
     e( 18 - 18) =     -0.08879  eV     1   --> A              
     e( 19 - 19) =      1.10435  eV     1   --> A              
     e( 20 - 20) =      1.65164  eV     1   --> A              
     e( 21 - 21) =      1.87443  eV     1   --> A              
     e( 22 - 22) =      2.98789  eV     1   --> A              

 **************************************************************************

 **************************************************************************

                    xk=(   0.16190,   0.28043,   0.00000  )

     Band symmetry, C_1 (1)     point group:

     e(  1 -  1) =    -61.55399  eV     1   --> A              
     e(  2 -  2) =    -35.80271  eV     1   --> A              
     e(  3 -  3) =    -35.68615  eV     1   --> A              
     e(  4 -  4) =    -35.53910  eV     1   --> A              
     e(  5 -  5) =    -15.58128  eV     1   --> A              
     e(  6 -  6) =    -13.62756  eV     1   --> A              
     e(  7 -  7) =     -6.90745  eV     1   --> A              
     e(  8 -  8) =     -6.77350  eV     1   --> A              
     e(  9 -  9) =     -5.54620  eV     1   --> A              
     e( 10 - 10) =     -5.12723  eV     1   --> A              
     e( 11 - 11) =     -3.92319  eV     1   --> A              
     e( 12 - 12) =     -3.07235  eV     1   --> A              
     e( 13 - 13) =     -2.51886  eV     1   --> A              
     e( 14 - 14) =     -1.89983  eV     1   --> A              
     e( 15 - 15) =     -1.60073  eV     1   --> A              
     e( 16 - 16) =     -1.33107  eV     1   --> A              
     e( 17 - 17) =     -0.58152  eV     1   --> A              
     e( 18 - 18) =     -0.10610  eV     1   --> A              
     e( 19 - 19) =      1.16403  eV     1   --> A              
     e( 20 - 20) =      1.65229  eV     1   --> A              
     e( 21 - 21) =      1.85922  eV     1   --> A              
     e( 22 - 22) =      2.95242  eV     1   --> A              

 **************************************************************************

 **************************************************************************

                    xk=(   0.15238,   0.26393,   0.00000  )

     Band symmetry, C_1 (1)     point group:

     e(  1 -  1) =    -61.55608  eV     1   --> A              
     e(  2 -  2) =    -35.80681  eV     1   --> A              
     e(  3 -  3) =    -35.66919  eV     1   --> A              
     e(  4 -  4) =    -35.53102  eV     1   --> A              
     e(  5 -  5) =    -15.66417  eV     1   --> A              
     e(  6 -  6) =    -13.69386  eV     1   --> A              
     e(  7 -  7) =     -6.85847  eV     1   --> A              
     e(  8 -  8) =     -6.74690  eV     1   --> A              
     e(  9 -  9) =     -5.47258  eV     1   --> A              
     e( 10 - 10) =     -5.06133  eV     1   --> A              
     e( 11 - 11) =     -3.90692  eV     1   --> A              
     e( 12 - 12) =     -3.06713  eV     1   --> A              
     e( 13 - 13) =     -2.49625  eV     1   --> A              
     e( 14 - 14) =     -1.87121  eV     1   --> A              
     e( 15 - 15) =     -1.58851  eV     1   --> A              
     e( 16 - 16) =     -1.34935  eV     1   --> A              
     e( 17 - 17) =     -0.64040  eV     1   --> A              
     e( 18 - 18) =     -0.12064  eV     1   --> A              
     e( 19 - 19) =      1.23028  eV     1   --> A              
     e( 20 - 20) =      1.66640  eV     1   --> A              
     e( 21 - 21) =      1.84994  eV     1   --> A              
     e( 22 - 22) =      2.90520  eV     1   --> A              

 **************************************************************************

 **************************************************************************

                    xk=(   0.14286,   0.24744,   0.00000  )

     Band symmetry, C_1 (1)     point group:

     e(  1 -  1) =    -61.55818  eV     1   --> A              
     e(  2 -  2) =    -35.81093  eV     1   --> A              
     e(  3 -  3) =    -35.65164  eV     1   --> A              
     e(  4 -  4) =    -35.52340  eV     1   --> A              
     e(  5 -  5) =    -15.74563  eV     1   --> A              
     e(  6 -  6) =    -13.75856  eV     1   --> A              
     e(  7 -  7) =     -6.92073  eV     1   --> A              
     e(  8 -  8) =     -6.60740  eV     1   --> A              
     e(  9 -  9) =     -5.40760  eV     1   --> A              
     e( 10 - 10) =     -4.99709  eV     1   --> A              
     e( 11 - 11) =     -3.88682  eV     1   --> A              
     e( 12 - 12) =     -3.06410  eV     1   --> A              
     e( 13 - 13) =     -2.47055  eV     1   --> A              
     e( 14 - 14) =     -1.84337  eV     1   --> A              
     e( 15 - 15) =     -1.57847  eV     1   --> A              
     e( 16 - 16) =     -1.35402  eV     1   --> A              
     e( 17 - 17) =     -0.70089  eV     1   --> A              
     e( 18 - 18) =     -0.13719  eV     1   --> A              
     e( 19 - 19) =      1.30321  eV     1   --> A              
     e( 20 - 20) =      1.68702  eV     1   --> A              
     e( 21 - 21) =      1.85271  eV     1   --> A              
     e( 22 - 22) =      2.84767  eV     1   --> A              

 **************************************************************************

 **************************************************************************

                    xk=(   0.13333,   0.23094,   0.00000  )

     Band symmetry, C_1 (1)     point group:

     e(  1 -  1) =    -61.56026  eV     1   --> A              
     e(  2 -  2) =    -35.81502  eV     1   --> A              
     e(  3 -  3) =    -35.63371  eV     1   --> A              
     e(  4 -  4) =    -35.51626  eV     1   --> A              
     e(  5 -  5) =    -15.82500  eV     1   --> A              
     e(  6 -  6) =    -13.82118  eV     1   --> A              
     e(  7 -  7) =     -6.98996  eV     1   --> A              
     e(  8 -  8) =     -6.45979  eV     1   --> A              
     e(  9 -  9) =     -5.34989  eV     1   --> A              
     e( 10 - 10) =     -4.93956  eV     1   --> A              
     e( 11 - 11) =     -3.85961  eV     1   --> A              
     e( 12 - 12) =     -3.06175  eV     1   --> A              
     e( 13 - 13) =     -2.44334  eV     1   --> A              
     e( 14 - 14) =     -1.82008  eV     1   --> A              
     e( 15 - 15) =     -1.57188  eV     1   --> A              
     e( 16 - 16) =     -1.34340  eV     1   --> A              
     e( 17 - 17) =     -0.75675  eV     1   --> A              
     e( 18 - 18) =     -0.15768  eV     1   --> A              
     e( 19 - 19) =      1.38284  eV     1   --> A              
     e( 20 - 20) =      1.70553  eV     1   --> A              
     e( 21 - 21) =      1.87441  eV     1   --> A              
     e( 22 - 22) =      2.78206  eV     1   --> A              

 **************************************************************************

 **************************************************************************

                    xk=(   0.12381,   0.21444,   0.00000  )

     Band symmetry, C_1 (1)     point group:

     e(  1 -  1) =    -61.56232  eV     1   --> A              
     e(  2 -  2) =    -35.81904  eV     1   --> A              
     e(  3 -  3) =    -35.61565  eV     1   --> A              
     e(  4 -  4) =    -35.50960  eV     1   --> A              
     e(  5 -  5) =    -15.90162  eV     1   --> A              
     e(  6 -  6) =    -13.88131  eV     1   --> A              
     e(  7 -  7) =     -7.06054  eV     1   --> A              
     e(  8 -  8) =     -6.31024  eV     1   --> A              
     e(  9 -  9) =     -5.29820  eV     1   --> A              
     e( 10 - 10) =     -4.89295  eV     1   --> A              
     e( 11 - 11) =     -3.82267  eV     1   --> A              
     e( 12 - 12) =     -3.05935  eV     1   --> A              
     e( 13 - 13) =     -2.41537  eV     1   --> A              
     e( 14 - 14) =     -1.80426  eV     1   --> A              
     e( 15 - 15) =     -1.56843  eV     1   --> A              
     e( 16 - 16) =     -1.31821  eV     1   --> A              
     e( 17 - 17) =     -0.80409  eV     1   --> A              
     e( 18 - 18) =     -0.18211  eV     1   --> A              
     e( 19 - 19) =      1.46898  eV     1   --> A              
     e( 20 - 20) =      1.71862  eV     1   --> A              
     e( 21 - 21) =      1.91618  eV     1   --> A              
     e( 22 - 22) =      2.71109  eV     1   --> A              

 **************************************************************************

 **************************************************************************

                    xk=(   0.11429,   0.19795,   0.00000  )

     Band symmetry, C_1 (1)     point group:

     e(  1 -  1) =    -61.56432  eV     1   --> A              
     e(  2 -  2) =    -35.82296  eV     1   --> A              
     e(  3 -  3) =    -35.59768  eV     1   --> A              
     e(  4 -  4) =    -35.50343  eV     1   --> A              
     e(  5 -  5) =    -15.97492  eV     1   --> A              
     e(  6 -  6) =    -13.93855  eV     1   --> A              
     e(  7 -  7) =     -7.13094  eV     1   --> A              
     e(  8 -  8) =     -6.16084  eV     1   --> A              
     e(  9 -  9) =     -5.25167  eV     1   --> A              
     e( 10 - 10) =     -4.85964  eV     1   --> A              
     e( 11 - 11) =     -3.77476  eV     1   --> A              
     e( 12 - 12) =     -3.05680  eV     1   --> A              
     e( 13 - 13) =     -2.38665  eV     1   --> A              
     e( 14 - 14) =     -1.79717  eV     1   --> A              
     e( 15 - 15) =     -1.56679  eV     1   --> A              
     e( 16 - 16) =     -1.28155  eV     1   --> A              
     e( 17 - 17) =     -0.84082  eV     1   --> A              
     e( 18 - 18) =     -0.20955  eV     1   --> A              
     e( 19 - 19) =      1.56116  eV     1   --> A              
     e( 20 - 20) =      1.73026  eV     1   --> A              
     e( 21 - 21) =      1.97158  eV     1   --> A              
     e( 22 - 22) =      2.63766  eV     1   --> A              

 **************************************************************************

 **************************************************************************

                    xk=(   0.10476,   0.18145,   0.00000  )

     Band symmetry, C_1 (1)     point group:

     e(  1 -  1) =    -61.56624  eV     1   --> A              
     e(  2 -  2) =    -35.82674  eV     1   --> A              
     e(  3 -  3) =    -35.58005  eV     1   --> A              
     e(  4 -  4) =    -35.49775  eV     1   --> A              
     e(  5 -  5) =    -16.04434  eV     1   --> A              
     e(  6 -  6) =    -13.99252  eV     1   --> A              
     e(  7 -  7) =     -7.20004  eV     1   --> A              
     e(  8 -  8) =     -6.01340  eV     1   --> A              
     e(  9 -  9) =     -5.20986  eV     1   --> A              
     e( 10 - 10) =     -4.83990  eV     1   --> A              
     e( 11 - 11) =     -3.71633  eV     1   --> A              
     e( 12 - 12) =     -3.05450  eV     1   --> A              
     e( 13 - 13) =     -2.35672  eV     1   --> A              
     e( 14 - 14) =     -1.79816  eV     1   --> A              
     e( 15 - 15) =     -1.56640  eV     1   --> A              
     e( 16 - 16) =     -1.23733  eV     1   --> A              
     e( 17 - 17) =     -0.86624  eV     1   --> A              
     e( 18 - 18) =     -0.23874  eV     1   --> A              
     e( 19 - 19) =      1.65851  eV     1   --> A              
     e( 20 - 20) =      1.74549  eV     1   --> A              
     e( 21 - 21) =      2.03276  eV     1   --> A              
     e( 22 - 22) =      2.56475  eV     1   --> A              

 **************************************************************************

 **************************************************************************

                    xk=(   0.09524,   0.16496,   0.00000  )

     Band symmetry, C_1 (1)     point group:

     e(  1 -  1) =    -61.56806  eV     1   --> A              
     e(  2 -  2) =    -35.83033  eV     1   --> A              
     e(  3 -  3) =    -35.56299  eV     1   --> A              
     e(  4 -  4) =    -35.49257  eV     1   --> A              
     e(  5 -  5) =    -16.10939  eV     1   --> A              
     e(  6 -  6) =    -14.04291  eV     1   --> A              
     e(  7 -  7) =     -7.26681  eV     1   --> A              
     e(  8 -  8) =     -5.86968  eV     1   --> A              
     e(  9 -  9) =     -5.17260  eV     1   --> A              
     e( 10 - 10) =     -4.83221  eV     1   --> A              
     e( 11 - 11) =     -3.64921  eV     1   --> A              
     e( 12 - 12) =     -3.05307  eV     1   --> A              
     e( 13 - 13) =     -2.32483  eV     1   --> A              
     e( 14 - 14) =     -1.80506  eV     1   --> A              
     e( 15 - 15) =     -1.56828  eV     1   --> A              
     e( 16 - 16) =     -1.18894  eV     1   --> A              
     e( 17 - 17) =     -0.88073  eV     1   --> A              
     e( 18 - 18) =     -0.26843  eV     1   --> A              
     e( 19 - 19) =      1.75566  eV     1   --> A              
     e( 20 - 20) =      1.77151  eV     1   --> A              
     e( 21 - 21) =      2.09265  eV     1   --> A              
     e( 22 - 22) =      2.49571  eV     1   --> A              

 **************************************************************************

 **************************************************************************

                    xk=(   0.08571,   0.14846,   0.00000  )

     Band symmetry, C_1 (1)     point group:

     e(  1 -  1) =    -61.56978  eV     1   --> A              
     e(  2 -  2) =    -35.83370  eV     1   --> A              
     e(  3 -  3) =    -35.54673  eV     1   --> A              
     e(  4 -  4) =    -35.48789  eV     1   --> A              
     e(  5 -  5) =    -16.16961  eV     1   --> A              
     e(  6 -  6) =    -14.08942  eV     1   --> A              
     e(  7 -  7) =     -7.33031  eV     1   --> A              
     e(  8 -  8) =     -5.73148  eV     1   --> A              
     e(  9 -  9) =     -5.13988  eV     1   --> A              
     e( 10 - 10) =     -4.83405  eV     1   --> A              
     e( 11 - 11) =     -3.57610  eV     1   --> A              
     e( 12 - 12) =     -3.05318  eV     1   --> A              
     e( 13 - 13) =     -2.29024  eV     1   --> A              
     e( 14 - 14) =     -1.81534  eV     1   --> A              
     e( 15 - 15) =     -1.57432  eV     1   --> A              
     e( 16 - 16) =     -1.13884  eV     1   --> A              
     e( 17 - 17) =     -0.88547  eV     1   --> A              
     e( 18 - 18) =     -0.29757  eV     1   --> A              
     e( 19 - 19) =      1.79404  eV     1   --> A              
     e( 20 - 20) =      1.86641  eV     1   --> A              
     e( 21 - 21) =      2.14334  eV     1   --> A              
     e( 22 - 22) =      2.43509  eV     1   --> A              

 **************************************************************************

 **************************************************************************

                    xk=(   0.07619,   0.13197,   0.00000  )

     Band symmetry, C_1 (1)     point group:

     e(  1 -  1) =    -61.57137  eV     1   --> A              
     e(  2 -  2) =    -35.83682  eV     1   --> A              
     e(  3 -  3) =    -35.53151  eV     1   --> A              
     e(  4 -  4) =    -35.48370  eV     1   --> A              
     e(  5 -  5) =    -16.22459  eV     1   --> A              
     e(  6 -  6) =    -14.13176  eV     1   --> A              
     e(  7 -  7) =     -7.38964  eV     1   --> A              
     e(  8 -  8) =     -5.60064  eV     1   --> A              
     e(  9 -  9) =     -5.11171  eV     1   --> A              
     e( 10 - 10) =     -4.84261  eV     1   --> A              
     e( 11 - 11) =     -3.49987  eV     1   --> A              
     e( 12 - 12) =     -3.05525  eV     1   --> A              
     e( 13 - 13) =     -2.25245  eV     1   --> A              
     e( 14 - 14) =     -1.82684  eV     1   --> A              
     e( 15 - 15) =     -1.58627  eV     1   --> A              
     e( 16 - 16) =     -1.08860  eV     1   --> A              
     e( 17 - 17) =     -0.88235  eV     1   --> A              
     e( 18 - 18) =     -0.32536  eV     1   --> A              
     e( 19 - 19) =      1.83082  eV     1   --> A              
     e( 20 - 20) =      1.96930  eV     1   --> A              
     e( 21 - 21) =      2.17448  eV     1   --> A              
     e( 22 - 22) =      2.38901  eV     1   --> A              

 **************************************************************************

 **************************************************************************

                    xk=(   0.06667,   0.11547,   0.00000  )

     Band symmetry, C_1 (1)     point group:

     e(  1 -  1) =    -61.57282  eV     1   --> A              
     e(  2 -  2) =    -35.83966  eV     1   --> A              
     e(  3 -  3) =    -35.51751  eV     1   --> A              
     e(  4 -  4) =    -35.48002  eV     1   --> A              
     e(  5 -  5) =    -16.27395  eV     1   --> A              
     e(  6 -  6) =    -14.16969  eV     1   --> A              
     e(  7 -  7) =     -7.44398  eV     1   --> A              
     e(  8 -  8) =     -5.47901  eV     1   --> A              
     e(  9 -  9) =     -5.08807  eV     1   --> A              
     e( 10 - 10) =     -4.85526  eV     1   --> A              
     e( 11 - 11) =     -3.42335  eV     1   --> A              
     e( 12 - 12) =     -3.05936  eV     1   --> A              
     e( 13 - 13) =     -2.21134  eV     1   --> A              
     e( 14 - 14) =     -1.83814  eV     1   --> A              
     e( 15 - 15) =     -1.60513  eV     1   --> A              
     e( 16 - 16) =     -1.03918  eV     1   --> A              
     e( 17 - 17) =     -0.87373  eV     1   --> A              
     e( 18 - 18) =     -0.35124  eV     1   --> A              
     e( 19 - 19) =      1.87388  eV     1   --> A              
     e( 20 - 20) =      2.05719  eV     1   --> A              
     e( 21 - 21) =      2.18678  eV     1   --> A              
     e( 22 - 22) =      2.35520  eV     1   --> A              

 **************************************************************************

 **************************************************************************

                    xk=(   0.05714,   0.09897,   0.00000  )

     Band symmetry, C_1 (1)     point group:

     e(  1 -  1) =    -61.57410  eV     1   --> A              
     e(  2 -  2) =    -35.84218  eV     1   --> A              
     e(  3 -  3) =    -35.50496  eV     1   --> A              
     e(  4 -  4) =    -35.47683  eV     1   --> A              
     e(  5 -  5) =    -16.31739  eV     1   --> A              
     e(  6 -  6) =    -14.20301  eV     1   --> A              
     e(  7 -  7) =     -7.49261  eV     1   --> A              
     e(  8 -  8) =     -5.36844  eV     1   --> A              
     e(  9 -  9) =     -5.06887  eV     1   --> A              
     e( 10 - 10) =     -4.86976  eV     1   --> A              
     e( 11 - 11) =     -3.34922  eV     1   --> A              
     e( 12 - 12) =     -3.06517  eV     1   --> A              
     e( 13 - 13) =     -2.16728  eV     1   --> A              
     e( 14 - 14) =     -1.84843  eV     1   --> A              
     e( 15 - 15) =     -1.63102  eV     1   --> A              
     e( 16 - 16) =     -0.99136  eV     1   --> A              
     e( 17 - 17) =     -0.86210  eV     1   --> A              
     e( 18 - 18) =     -0.37489  eV     1   --> A              
     e( 19 - 19) =      1.92113  eV     1   --> A              
     e( 20 - 20) =      2.07975  eV     1   --> A              
     e( 21 - 21) =      2.23522  eV     1   --> A              
     e( 22 - 22) =      2.31413  eV     1   --> A              

 **************************************************************************

 **************************************************************************

                    xk=(   0.04762,   0.08248,   0.00000  )

     Band symmetry, C_1 (1)     point group:

     e(  1 -  1) =    -61.57521  eV     1   --> A              
     e(  2 -  2) =    -35.84435  eV     1   --> A              
     e(  3 -  3) =    -35.49401  eV     1   --> A              
     e(  4 -  4) =    -35.47413  eV     1   --> A              
     e(  5 -  5) =    -16.35462  eV     1   --> A              
     e(  6 -  6) =    -14.23152  eV     1   --> A              
     e(  7 -  7) =     -7.53486  eV     1   --> A              
     e(  8 -  8) =     -5.27070  eV     1   --> A              
     e(  9 -  9) =     -5.05393  eV     1   --> A              
     e( 10 - 10) =     -4.88434  eV     1   --> A              
     e( 11 - 11) =     -3.28008  eV     1   --> A              
     e( 12 - 12) =     -3.07208  eV     1   --> A              
     e( 13 - 13) =     -2.12094  eV     1   --> A              
     e( 14 - 14) =     -1.85734  eV     1   --> A              
     e( 15 - 15) =     -1.66330  eV     1   --> A              
     e( 16 - 16) =     -0.94606  eV     1   --> A              
     e( 17 - 17) =     -0.84970  eV     1   --> A              
     e( 18 - 18) =     -0.39612  eV     1   --> A              
     e( 19 - 19) =      1.96739  eV     1   --> A              
     e( 20 - 20) =      2.04872  eV     1   --> A              
     e( 21 - 21) =      2.26495  eV     1   --> A              
     e( 22 - 22) =      2.32440  eV     1   --> A              

 **************************************************************************

 **************************************************************************

                    xk=(   0.03810,   0.06598,   0.00000  )

     Band symmetry, C_1 (1)     point group:

     e(  1 -  1) =    -61.57614  eV     1   --> A              
     e(  2 -  2) =    -35.84617  eV     1   --> A              
     e(  3 -  3) =    -35.48484  eV     1   --> A              
     e(  4 -  4) =    -35.47193  eV     1   --> A              
     e(  5 -  5) =    -16.38540  eV     1   --> A              
     e(  6 -  6) =    -14.25507  eV     1   --> A              
     e(  7 -  7) =     -7.57021  eV     1   --> A              
     e(  8 -  8) =     -5.18745  eV     1   --> A              
     e(  9 -  9) =     -5.04296  eV     1   --> A              
     e( 10 - 10) =     -4.89770  eV     1   --> A              
     e( 11 - 11) =     -3.21852  eV     1   --> A              
     e( 12 - 12) =     -3.07924  eV     1   --> A              
     e( 13 - 13) =     -2.07316  eV     1   --> A              
     e( 14 - 14) =     -1.86473  eV     1   --> A              
     e( 15 - 15) =     -1.70086  eV     1   --> A              
     e( 16 - 16) =     -0.90459  eV     1   --> A              
     e( 17 - 17) =     -0.83822  eV     1   --> A              
     e( 18 - 18) =     -0.41474  eV     1   --> A              
     e( 19 - 19) =      1.98092  eV     1   --> A              
     e( 20 - 20) =      2.03800  eV     1   --> A              
     e( 21 - 21) =      2.21989  eV     1   --> A              
     e( 22 - 22) =      2.41531  eV     1   --> A              

 **************************************************************************

 **************************************************************************

                    xk=(   0.02857,   0.04949,   0.00000  )

     Band symmetry, C_1 (1)     point group:

     e(  1 -  1) =    -61.57686  eV     1   --> A              
     e(  2 -  2) =    -35.84760  eV     1   --> A              
     e(  3 -  3) =    -35.47756  eV     1   --> A              
     e(  4 -  4) =    -35.47022  eV     1   --> A              
     e(  5 -  5) =    -16.40954  eV     1   --> A              
     e(  6 -  6) =    -14.27351  eV     1   --> A              
     e(  7 -  7) =     -7.59817  eV     1   --> A              
     e(  8 -  8) =     -5.12017  eV     1   --> A              
     e(  9 -  9) =     -5.03551  eV     1   --> A              
     e( 10 - 10) =     -4.90906  eV     1   --> A              
     e( 11 - 11) =     -3.16710  eV     1   --> A              
     e( 12 - 12) =     -3.08584  eV     1   --> A              
     e( 13 - 13) =     -2.02471  eV     1   --> A              
     e( 14 - 14) =     -1.87054  eV     1   --> A              
     e( 15 - 15) =     -1.74243  eV     1   --> A              
     e( 16 - 16) =     -0.86872  eV     1   --> A              
     e( 17 - 17) =     -0.82875  eV     1   --> A              
     e( 18 - 18) =     -0.43044  eV     1   --> A              
     e( 19 - 19) =      1.94588  eV     1   --> A              
     e( 20 - 20) =      2.07359  eV     1   --> A              
     e( 21 - 21) =      2.18361  eV     1   --> A              
     e( 22 - 22) =      2.49629  eV     1   --> A              

 **************************************************************************

 **************************************************************************

                    xk=(   0.01905,   0.03299,   0.00000  )

     Band symmetry, C_1 (1)     point group:

     e(  1 -  1) =    -61.57739  eV     1   --> A              
     e(  2 -  2) =    -35.84863  eV     1   --> A              
     e(  3 -  3) =    -35.47228  eV     1   --> A              
     e(  4 -  4) =    -35.46899  eV     1   --> A              
     e(  5 -  5) =    -16.42689  eV     1   --> A              
     e(  6 -  6) =    -14.28677  eV     1   --> A              
     e(  7 -  7) =     -7.61841  eV     1   --> A              
     e(  8 -  8) =     -5.07016  eV     1   --> A              
     e(  9 -  9) =     -5.03097  eV     1   --> A              
     e( 10 - 10) =     -4.91804  eV     1   --> A              
     e( 11 - 11) =     -3.12824  eV     1   --> A              
     e( 12 - 12) =     -3.09113  eV     1   --> A              
     e( 13 - 13) =     -1.97617  eV     1   --> A              
     e( 14 - 14) =     -1.87474  eV     1   --> A              
     e( 15 - 15) =     -1.78677  eV     1   --> A              
     e( 16 - 16) =     -0.84063  eV     1   --> A              
     e( 17 - 17) =     -0.82183  eV     1   --> A              
     e( 18 - 18) =     -0.44266  eV     1   --> A              
     e( 19 - 19) =      1.91288  eV     1   --> A              
     e( 20 - 20) =      2.10702  eV     1   --> A              
     e( 21 - 21) =      2.15756  eV     1   --> A              
     e( 22 - 22) =      2.56041  eV     1   --> A              

 **************************************************************************

 **************************************************************************

                    xk=(   0.00952,   0.01650,   0.00000  )

     Band symmetry, C_1 (1)     point group:

     e(  1 -  1) =    -61.57771  eV     1   --> A              
     e(  2 -  2) =    -35.84925  eV     1   --> A              
     e(  3 -  3) =    -35.46909  eV     1   --> A              
     e(  4 -  4) =    -35.46826  eV     1   --> A              
     e(  5 -  5) =    -16.43735  eV     1   --> A              
     e(  6 -  6) =    -14.29474  eV     1   --> A              
     e(  7 -  7) =     -7.63065  eV     1   --> A              
     e(  8 -  8) =     -5.03879  eV     1   --> A              
     e(  9 -  9) =     -5.02864  eV     1   --> A              
     e( 10 - 10) =     -4.92425  eV     1   --> A              
     e( 11 - 11) =     -3.10397  eV     1   --> A              
     e( 12 - 12) =     -3.09455  eV     1   --> A              
     e( 13 - 13) =     -1.92790  eV     1   --> A              
     e( 14 - 14) =     -1.87729  eV     1   --> A              
     e( 15 - 15) =     -1.83285  eV     1   --> A              
     e( 16 - 16) =     -0.82254  eV     1   --> A              
     e( 17 - 17) =     -0.81766  eV     1   --> A              
     e( 18 - 18) =     -0.45057  eV     1   --> A              
     e( 19 - 19) =      1.89129  eV     1   --> A              
     e( 20 - 20) =      2.12910  eV     1   --> A              
     e( 21 - 21) =      2.14196  eV     1   --> A              
     e( 22 - 22) =      2.60184  eV     1   --> A              

 **************************************************************************

 **************************************************************************

                    xk=(   0.00000,   0.00000,   0.00000  )

     Band symmetry, C_1 (1)     point group:

     e(  1 -  1) =    -61.57782  eV     1   --> A              
     e(  2 -  2) =    -35.84946  eV     1   --> A              
     e(  3 -  4) =    -35.46802  eV     2   -->   2 A              
     e(  5 -  5) =    -16.44084  eV     1   --> A              
     e(  6 -  6) =    -14.29741  eV     1   --> A              
     e(  7 -  7) =     -7.63475  eV     1   --> A              
     e(  8 -  9) =     -5.02794  eV     2   -->   2 A              
     e( 10 - 10) =     -4.92662  eV     1   --> A              
     e( 11 - 12) =     -3.09573  eV     2   -->   2 A              
     e( 13 - 13) =     -1.88194  eV     1   --> A              
     e( 14 - 15) =     -1.87815  eV     2   -->   2 A              
     e( 16 - 17) =     -0.81628  eV     2   -->   2 A              
     e( 18 - 18) =     -0.45333  eV     1   --> A              
     e( 19 - 19) =      1.88384  eV     1   --> A              
     e( 20 - 21) =      2.13677  eV     2   -->   2 A              
     e( 22 - 22) =      2.61620  eV     1   --> A              

 **************************************************************************
 
     BANDS        :      5.62s CPU      6.45s WALL

 
   This run was terminated on:  11:12:31  23Jul2025            

=------------------------------------------------------------------------------=
   JOB DONE.
=------------------------------------------------------------------------------=
