
     Program BANDS v.7.2 starts on 22Jul2025 at 11:33: 6 

     This program is part of the open-source Quantum ESPRESSO suite
     for quantum simulation of materials; please cite
         "P. Giannozzi et al., J. Phys.:Condens. Matter 21 395502 (2009);
         "P. Giannozzi et al., J. Phys.:Condens. Matter 29 465901 (2017);
         "P. Giannozzi et al., J. Chem. Phys. 152 154105 (2020);
          URL http://www.quantum-espresso.org", 
     in publications or presentations arising from this work. More details at
     http://www.quantum-espresso.org/quote

     Parallel version (MPI), running on    16 processors

     MPI processes distributed on     1 nodes
     R & G space division:  proc/nbgrp/npool/nimage =      16
     15696 MiB available memory on the printing compute node when the environment starts
 

     Reading xml data from directory:

     ./tmp/pwscf.save/
     file Mo.pbe-spn-kjpaw_psl.1.0.0.UPF: wavefunction(s)  4S 4D renormalized
     file S.pbe-n-kjpaw_psl.1.0.0.UPF: wavefunction(s)  3S 3P renormalized

     IMPORTANT: XC functional enforced from input :
     Exchange-correlation= PBE
                           (   1   4   3   4   0   0   0)
     Any further DFT definition will be discarded
     Please, verify this is what you really want

 
     Parallelization info
     --------------------
     sticks:   dense  smooth     PW     G-vecs:    dense   smooth      PW
     Min          49      49     14                 6439     6439    1007
     Max          50      50     16                 6452     6452    1014
     Sum         793     793    235               103119   103119   16155
 
     Using Slab Decomposition
 

     negative rho (up, down):  6.568E-04 0.000E+00
     Reading collected, re-writing distributed wavefunctions
     high-symmetry point:  0.0000 0.0000 0.0000   x coordinate   0.0000
     high-symmetry point:  0.5000 0.2887 0.0000   x coordinate   0.5774
     high-symmetry point:  0.3333 0.5774 0.0000   x coordinate   0.9107
     high-symmetry point:  0.0000 0.0000 0.0000   x coordinate   1.5774

     Plottable bands (eV) written to file bands.dat.gnu
     Bands written to file bands.dat

 **************************************************************************

                    xk=(   0.00000,   0.00000,   0.00000  )

     point group D_3h (-62m)
     there are  6 classes
     the character table:

       E     2C3   3C2   s_h   2S3   3s_v 
A'_1   1.00  1.00  1.00  1.00  1.00  1.00
A'_2   1.00  1.00 -1.00  1.00  1.00 -1.00
E'     2.00 -1.00  0.00  2.00 -1.00  0.00
A''1   1.00  1.00  1.00 -1.00 -1.00 -1.00
A''2   1.00  1.00 -1.00 -1.00 -1.00  1.00
E''    2.00 -1.00  0.00 -2.00  1.00  0.00

     the symmetry operations in each class and the name of the first element:

     E        1
                                                                 
     2C3      3    4
                                                                 
     3C2      2    6    5
                                                                 
     s_h      7
                                                                 
     2S3      9   10
                                                                 
     3s_v     8   11   12
                                                                 

     Band symmetry, D_3h (-62m) point group:

     e(  1 -  1) =    -61.29318  eV     1   --> A'_1           
     e(  2 -  2) =    -35.43106  eV     1   --> A''2           
     e(  3 -  4) =    -35.20331  eV     2   --> E'             
     e(  5 -  5) =    -14.44860  eV     1   --> A'_1           
     e(  6 -  6) =    -13.24153  eV     1   --> A''2           
     e(  7 -  7) =     -5.97211  eV     1   --> A'_1           
     e(  8 -  9) =     -2.83410  eV     2   --> E'             
     e( 10 - 10) =     -2.29966  eV     1   --> A''2           
     e( 11 - 12) =     -1.75627  eV     2   --> E''            
     e( 13 - 13) =     -0.55573  eV     1   --> A'_1           
     e( 14 - 15) =      2.37430  eV     2   --> E''            
     e( 16 - 17) =      2.54091  eV     2   --> E'             

 **************************************************************************

 **************************************************************************

                    xk=(   0.01351,   0.00780,   0.00000  )

     point group C_2v (mm2) 
     there are  4 classes
     the character table:

       E     C2    s_v   s_v' 
A_1    1.00  1.00  1.00  1.00
A_2    1.00  1.00 -1.00 -1.00
B_1    1.00 -1.00  1.00 -1.00
B_2    1.00 -1.00 -1.00  1.00

     the symmetry operations in each class and the name of the first element:

     E        1
                                                                 
     C2       2
                                                                 
     s_v      3
                                                                 
     s_v'     4
                                                                 

     Band symmetry, C_2v (mm2)  point group:

     e(  1 -  1) =    -61.29311  eV     1   --> A_1  D_1  S_1  
     e(  2 -  2) =    -35.43092  eV     1   --> B_2  D_4  S_4  
     e(  3 -  3) =    -35.20402  eV     1   --> A_1  D_1  S_1  
     e(  4 -  4) =    -35.20347  eV     1   --> B_1  D_3  S_3  
     e(  5 -  5) =    -14.44586  eV     1   --> A_1  D_1  S_1  
     e(  6 -  6) =    -13.24030  eV     1   --> B_2  D_4  S_4  
     e(  7 -  7) =     -5.96883  eV     1   --> A_1  D_1  S_1  
     e(  8 -  8) =     -2.84078  eV     1   --> A_1  D_1  S_1  
     e(  9 -  9) =     -2.83124  eV     1   --> B_1  D_3  S_3  
     e( 10 - 10) =     -2.31484  eV     1   --> B_2  D_4  S_4  
     e( 11 - 11) =     -1.76094  eV     1   --> A_2  D_2  S_2  
     e( 12 - 12) =     -1.74527  eV     1   --> B_2  D_4  S_4  
     e( 13 - 13) =     -0.55652  eV     1   --> A_1  D_1  S_1  
     e( 14 - 14) =      2.36942  eV     1   --> B_2  D_4  S_4  
     e( 15 - 15) =      2.37919  eV     1   --> A_2  D_2  S_2  
     e( 16 - 16) =      2.53184  eV     1   --> A_1  D_1  S_1  
     e( 17 - 17) =      2.53775  eV     1   --> B_1  D_3  S_3  

 **************************************************************************

 **************************************************************************

                    xk=(   0.02703,   0.01560,   0.00000  )

     Band symmetry, C_2v (mm2)  point group:

     e(  1 -  1) =    -61.29290  eV     1   --> A_1  D_1  S_1  
     e(  2 -  2) =    -35.43051  eV     1   --> B_2  D_4  S_4  
     e(  3 -  3) =    -35.20612  eV     1   --> A_1  D_1  S_1  
     e(  4 -  4) =    -35.20395  eV     1   --> B_1  D_3  S_3  
     e(  5 -  5) =    -14.43763  eV     1   --> A_1  D_1  S_1  
     e(  6 -  6) =    -13.23662  eV     1   --> B_2  D_4  S_4  
     e(  7 -  7) =     -5.95900  eV     1   --> A_1  D_1  S_1  
     e(  8 -  8) =     -2.86066  eV     1   --> A_1  D_1  S_1  
     e(  9 -  9) =     -2.82265  eV     1   --> B_1  D_3  S_3  
     e( 10 - 10) =     -2.35685  eV     1   --> B_2  D_4  S_4  
     e( 11 - 11) =     -1.77485  eV     1   --> A_2  D_2  S_2  
     e( 12 - 12) =     -1.71592  eV     1   --> B_2  D_4  S_4  
     e( 13 - 13) =     -0.55896  eV     1   --> A_1  D_1  S_1  
     e( 14 - 14) =      2.35521  eV     1   --> B_2  D_4  S_4  
     e( 15 - 15) =      2.39372  eV     1   --> A_2  D_2  S_2  
     e( 16 - 16) =      2.50520  eV     1   --> A_1  D_1  S_1  
     e( 17 - 17) =      2.52835  eV     1   --> B_1  D_3  S_3  

 **************************************************************************

 **************************************************************************

                    xk=(   0.04054,   0.02341,   0.00000  )

     Band symmetry, C_2v (mm2)  point group:

     e(  1 -  1) =    -61.29255  eV     1   --> A_1  D_1  S_1  
     e(  2 -  2) =    -35.42984  eV     1   --> B_2  D_4  S_4  
     e(  3 -  3) =    -35.20962  eV     1   --> A_1  D_1  S_1  
     e(  4 -  4) =    -35.20475  eV     1   --> B_1  D_3  S_3  
     e(  5 -  5) =    -14.42395  eV     1   --> A_1  D_1  S_1  
     e(  6 -  6) =    -13.23050  eV     1   --> B_2  D_4  S_4  
     e(  7 -  7) =     -5.94274  eV     1   --> A_1  D_1  S_1  
     e(  8 -  8) =     -2.89332  eV     1   --> A_1  D_1  S_1  
     e(  9 -  9) =     -2.80840  eV     1   --> B_1  D_3  S_3  
     e( 10 - 10) =     -2.41835  eV     1   --> B_2  D_4  S_4  
     e( 11 - 11) =     -1.79766  eV     1   --> A_2  D_2  S_2  
     e( 12 - 12) =     -1.67583  eV     1   --> B_2  D_4  S_4  
     e( 13 - 13) =     -0.56325  eV     1   --> A_1  D_1  S_1  
     e( 14 - 14) =      2.33290  eV     1   --> B_2  D_4  S_4  
     e( 15 - 15) =      2.41754  eV     1   --> A_2  D_2  S_2  
     e( 16 - 16) =      2.46253  eV     1   --> A_1  D_1  S_1  
     e( 17 - 17) =      2.51292  eV     1   --> B_1  D_3  S_3  

 **************************************************************************

 **************************************************************************

                    xk=(   0.05405,   0.03121,   0.00000  )

     Band symmetry, C_2v (mm2)  point group:

     e(  1 -  1) =    -61.29207  eV     1   --> A_1  D_1  S_1  
     e(  2 -  2) =    -35.42890  eV     1   --> B_2  D_4  S_4  
     e(  3 -  3) =    -35.21447  eV     1   --> A_1  D_1  S_1  
     e(  4 -  4) =    -35.20585  eV     1   --> B_1  D_3  S_3  
     e(  5 -  5) =    -14.40488  eV     1   --> A_1  D_1  S_1  
     e(  6 -  6) =    -13.22197  eV     1   --> B_2  D_4  S_4  
     e(  7 -  7) =     -5.92019  eV     1   --> A_1  D_1  S_1  
     e(  8 -  8) =     -2.93808  eV     1   --> A_1  D_1  S_1  
     e(  9 -  9) =     -2.78857  eV     1   --> B_1  D_3  S_3  
     e( 10 - 10) =     -2.49284  eV     1   --> B_2  D_4  S_4  
     e( 11 - 11) =     -1.82888  eV     1   --> A_2  D_2  S_2  
     e( 12 - 12) =     -1.63202  eV     1   --> B_2  D_4  S_4  
     e( 13 - 13) =     -0.56974  eV     1   --> A_1  D_1  S_1  
     e( 14 - 14) =      2.30443  eV     1   --> B_2  D_4  S_4  
     e( 15 - 15) =      2.40616  eV     1   --> A_1  D_1  S_1  
     e( 16 - 16) =      2.45005  eV     1   --> A_2  D_2  S_2  
     e( 17 - 17) =      2.49178  eV     1   --> B_1  D_3  S_3  

 **************************************************************************

 **************************************************************************

                    xk=(   0.06757,   0.03901,   0.00000  )

     Band symmetry, C_2v (mm2)  point group:

     e(  1 -  1) =    -61.29145  eV     1   --> A_1  D_1  S_1  
     e(  2 -  2) =    -35.42770  eV     1   --> B_2  D_4  S_4  
     e(  3 -  3) =    -35.22064  eV     1   --> A_1  D_1  S_1  
     e(  4 -  4) =    -35.20726  eV     1   --> B_1  D_3  S_3  
     e(  5 -  5) =    -14.38048  eV     1   --> A_1  D_1  S_1  
     e(  6 -  6) =    -13.21107  eV     1   --> B_2  D_4  S_4  
     e(  7 -  7) =     -5.89158  eV     1   --> A_1  D_1  S_1  
     e(  8 -  8) =     -2.99403  eV     1   --> A_1  D_1  S_1  
     e(  9 -  9) =     -2.76325  eV     1   --> B_1  D_3  S_3  
     e( 10 - 10) =     -2.57591  eV     1   --> B_2  D_4  S_4  
     e( 11 - 11) =     -1.86785  eV     1   --> A_2  D_2  S_2  
     e( 12 - 12) =     -1.58948  eV     1   --> B_2  D_4  S_4  
     e( 13 - 13) =     -0.57889  eV     1   --> A_1  D_1  S_1  
     e( 14 - 14) =      2.27223  eV     1   --> B_2  D_4  S_4  
     e( 15 - 15) =      2.33888  eV     1   --> A_1  D_1  S_1  
     e( 16 - 16) =      2.46537  eV     1   --> B_1  D_3  S_3  
     e( 17 - 17) =      2.49048  eV     1   --> A_2  D_2  S_2  

 **************************************************************************

 **************************************************************************

                    xk=(   0.08108,   0.04681,   0.00000  )

     Band symmetry, C_2v (mm2)  point group:

     e(  1 -  1) =    -61.29071  eV     1   --> A_1  D_1  S_1  
     e(  2 -  2) =    -35.42625  eV     1   --> B_2  D_4  S_4  
     e(  3 -  3) =    -35.22808  eV     1   --> A_1  D_1  S_1  
     e(  4 -  4) =    -35.20896  eV     1   --> B_1  D_3  S_3  
     e(  5 -  5) =    -14.35086  eV     1   --> A_1  D_1  S_1  
     e(  6 -  6) =    -13.19782  eV     1   --> B_2  D_4  S_4  
     e(  7 -  7) =     -5.85723  eV     1   --> A_1  D_1  S_1  
     e(  8 -  8) =     -3.06009  eV     1   --> A_1  D_1  S_1  
     e(  9 -  9) =     -2.73262  eV     1   --> B_1  D_3  S_3  
     e( 10 - 10) =     -2.66483  eV     1   --> B_2  D_4  S_4  
     e( 11 - 11) =     -1.91380  eV     1   --> A_2  D_2  S_2  
     e( 12 - 12) =     -1.55164  eV     1   --> B_2  D_4  S_4  
     e( 13 - 13) =     -0.59127  eV     1   --> A_1  D_1  S_1  
     e( 14 - 14) =      2.23903  eV     1   --> B_2  D_4  S_4  
     e( 15 - 15) =      2.26373  eV     1   --> A_1  D_1  S_1  
     e( 16 - 16) =      2.43423  eV     1   --> B_1  D_3  S_3  
     e( 17 - 17) =      2.53793  eV     1   --> A_2  D_2  S_2  

 **************************************************************************

 **************************************************************************

                    xk=(   0.09459,   0.05461,   0.00000  )

     Band symmetry, C_2v (mm2)  point group:

     e(  1 -  1) =    -61.28984  eV     1   --> A_1  D_1  S_1  
     e(  2 -  2) =    -35.42456  eV     1   --> B_2  D_4  S_4  
     e(  3 -  3) =    -35.23674  eV     1   --> A_1  D_1  S_1  
     e(  4 -  4) =    -35.21094  eV     1   --> B_1  D_3  S_3  
     e(  5 -  5) =    -14.31614  eV     1   --> A_1  D_1  S_1  
     e(  6 -  6) =    -13.18229  eV     1   --> B_2  D_4  S_4  
     e(  7 -  7) =     -5.81753  eV     1   --> A_1  D_1  S_1  
     e(  8 -  8) =     -3.13503  eV     1   --> A_1  D_1  S_1  
     e(  9 -  9) =     -2.75792  eV     1   --> B_2  D_4  S_4  
     e( 10 - 10) =     -2.69684  eV     1   --> B_1  D_3  S_3  
     e( 11 - 11) =     -1.96588  eV     1   --> A_2  D_2  S_2  
     e( 12 - 12) =     -1.52090  eV     1   --> B_2  D_4  S_4  
     e( 13 - 13) =     -0.60755  eV     1   --> A_1  D_1  S_1  
     e( 14 - 14) =      2.18378  eV     1   --> A_1  D_1  S_1  
     e( 15 - 15) =      2.20768  eV     1   --> B_2  D_4  S_4  
     e( 16 - 16) =      2.39898  eV     1   --> B_1  D_3  S_3  
     e( 17 - 17) =      2.59139  eV     1   --> A_2  D_2  S_2  

 **************************************************************************

 **************************************************************************

                    xk=(   0.10811,   0.06242,   0.00000  )

     Band symmetry, C_2v (mm2)  point group:

     e(  1 -  1) =    -61.28886  eV     1   --> A_1  D_1  S_1  
     e(  2 -  2) =    -35.42265  eV     1   --> B_2  D_4  S_4  
     e(  3 -  3) =    -35.24655  eV     1   --> A_1  D_1  S_1  
     e(  4 -  4) =    -35.21318  eV     1   --> B_1  D_3  S_3  
     e(  5 -  5) =    -14.27644  eV     1   --> A_1  D_1  S_1  
     e(  6 -  6) =    -13.16455  eV     1   --> B_2  D_4  S_4  
     e(  7 -  7) =     -5.77298  eV     1   --> A_1  D_1  S_1  
     e(  8 -  8) =     -3.21751  eV     1   --> A_1  D_1  S_1  
     e(  9 -  9) =     -2.85409  eV     1   --> B_2  D_4  S_4  
     e( 10 - 10) =     -2.65614  eV     1   --> B_1  D_3  S_3  
     e( 11 - 11) =     -2.02322  eV     1   --> A_2  D_2  S_2  
     e( 12 - 12) =     -1.49894  eV     1   --> B_2  D_4  S_4  
     e( 13 - 13) =     -0.62848  eV     1   --> A_1  D_1  S_1  
     e( 14 - 14) =      2.10206  eV     1   --> A_1  D_1  S_1  
     e( 15 - 15) =      2.18088  eV     1   --> B_2  D_4  S_4  
     e( 16 - 16) =      2.36028  eV     1   --> B_1  D_3  S_3  
     e( 17 - 17) =      2.64983  eV     1   --> A_2  D_2  S_2  

 **************************************************************************

 **************************************************************************

                    xk=(   0.12162,   0.07022,   0.00000  )

     Band symmetry, C_2v (mm2)  point group:

     e(  1 -  1) =    -61.28777  eV     1   --> A_1  D_1  S_1  
     e(  2 -  2) =    -35.42053  eV     1   --> B_2  D_4  S_4  
     e(  3 -  3) =    -35.25742  eV     1   --> A_1  D_1  S_1  
     e(  4 -  4) =    -35.21568  eV     1   --> B_1  D_3  S_3  
     e(  5 -  5) =    -14.23195  eV     1   --> A_1  D_1  S_1  
     e(  6 -  6) =    -13.14466  eV     1   --> B_2  D_4  S_4  
     e(  7 -  7) =     -5.72420  eV     1   --> A_1  D_1  S_1  
     e(  8 -  8) =     -3.30613  eV     1   --> A_1  D_1  S_1  
     e(  9 -  9) =     -2.95264  eV     1   --> B_2  D_4  S_4  
     e( 10 - 10) =     -2.61076  eV     1   --> B_1  D_3  S_3  
     e( 11 - 11) =     -2.08496  eV     1   --> A_2  D_2  S_2  
     e( 12 - 12) =     -1.48688  eV     1   --> B_2  D_4  S_4  
     e( 13 - 13) =     -0.65476  eV     1   --> A_1  D_1  S_1  
     e( 14 - 14) =      2.02140  eV     1   --> A_1  D_1  S_1  
     e( 15 - 15) =      2.16104  eV     1   --> B_2  D_4  S_4  
     e( 16 - 16) =      2.31884  eV     1   --> B_1  D_3  S_3  
     e( 17 - 17) =      2.71217  eV     1   --> A_2  D_2  S_2  

 **************************************************************************

 **************************************************************************

                    xk=(   0.13514,   0.07802,   0.00000  )

     Band symmetry, C_2v (mm2)  point group:

     e(  1 -  1) =    -61.28657  eV     1   --> A_1  D_1  S_1  
     e(  2 -  2) =    -35.41821  eV     1   --> B_2  D_4  S_4  
     e(  3 -  3) =    -35.26929  eV     1   --> A_1  D_1  S_1  
     e(  4 -  4) =    -35.21840  eV     1   --> B_1  D_3  S_3  
     e(  5 -  5) =    -14.18283  eV     1   --> A_1  D_1  S_1  
     e(  6 -  6) =    -13.12272  eV     1   --> B_2  D_4  S_4  
     e(  7 -  7) =     -5.67198  eV     1   --> A_1  D_1  S_1  
     e(  8 -  8) =     -3.39941  eV     1   --> A_1  D_1  S_1  
     e(  9 -  9) =     -3.05308  eV     1   --> B_2  D_4  S_4  
     e( 10 - 10) =     -2.56102  eV     1   --> B_1  D_3  S_3  
     e( 11 - 11) =     -2.15023  eV     1   --> A_2  D_2  S_2  
     e( 12 - 12) =     -1.48531  eV     1   --> B_2  D_4  S_4  
     e( 13 - 13) =     -0.68706  eV     1   --> A_1  D_1  S_1  
     e( 14 - 14) =      1.94444  eV     1   --> A_1  D_1  S_1  
     e( 15 - 15) =      2.15009  eV     1   --> B_2  D_4  S_4  
     e( 16 - 16) =      2.27540  eV     1   --> B_1  D_3  S_3  
     e( 17 - 17) =      2.77740  eV     1   --> A_2  D_2  S_2  

 **************************************************************************

 **************************************************************************

                    xk=(   0.14865,   0.08582,   0.00000  )

     Band symmetry, C_2v (mm2)  point group:

     e(  1 -  1) =    -61.28529  eV     1   --> A_1  D_1  S_1  
     e(  2 -  2) =    -35.41570  eV     1   --> B_2  D_4  S_4  
     e(  3 -  3) =    -35.28205  eV     1   --> A_1  D_1  S_1  
     e(  4 -  4) =    -35.22133  eV     1   --> B_1  D_3  S_3  
     e(  5 -  5) =    -14.12930  eV     1   --> A_1  D_1  S_1  
     e(  6 -  6) =    -13.09882  eV     1   --> B_2  D_4  S_4  
     e(  7 -  7) =     -5.61726  eV     1   --> A_1  D_1  S_1  
     e(  8 -  8) =     -3.49582  eV     1   --> A_1  D_1  S_1  
     e(  9 -  9) =     -3.15509  eV     1   --> B_2  D_4  S_4  
     e( 10 - 10) =     -2.50722  eV     1   --> B_1  D_3  S_3  
     e( 11 - 11) =     -2.21822  eV     1   --> A_2  D_2  S_2  
     e( 12 - 12) =     -1.49432  eV     1   --> B_2  D_4  S_4  
     e( 13 - 13) =     -0.72585  eV     1   --> A_1  D_1  S_1  
     e( 14 - 14) =      1.87353  eV     1   --> A_1  D_1  S_1  
     e( 15 - 15) =      2.14942  eV     1   --> B_2  D_4  S_4  
     e( 16 - 16) =      2.23068  eV     1   --> B_1  D_3  S_3  
     e( 17 - 17) =      2.84451  eV     1   --> A_2  D_2  S_2  

 **************************************************************************

 **************************************************************************

                    xk=(   0.16216,   0.09362,   0.00000  )

     Band symmetry, C_2v (mm2)  point group:

     e(  1 -  1) =    -61.28391  eV     1   --> A_1  D_1  S_1  
     e(  2 -  2) =    -35.41304  eV     1   --> B_2  D_4  S_4  
     e(  3 -  3) =    -35.29561  eV     1   --> A_1  D_1  S_1  
     e(  4 -  4) =    -35.22444  eV     1   --> B_1  D_3  S_3  
     e(  5 -  5) =    -14.07159  eV     1   --> A_1  D_1  S_1  
     e(  6 -  6) =    -13.07307  eV     1   --> B_2  D_4  S_4  
     e(  7 -  7) =     -5.56122  eV     1   --> A_1  D_1  S_1  
     e(  8 -  8) =     -3.59375  eV     1   --> A_1  D_1  S_1  
     e(  9 -  9) =     -3.25842  eV     1   --> B_2  D_4  S_4  
     e( 10 - 10) =     -2.44975  eV     1   --> B_1  D_3  S_3  
     e( 11 - 11) =     -2.28818  eV     1   --> A_2  D_2  S_2  
     e( 12 - 12) =     -1.51351  eV     1   --> B_2  D_4  S_4  
     e( 13 - 13) =     -0.77134  eV     1   --> A_1  D_1  S_1  
     e( 14 - 14) =      1.81061  eV     1   --> A_1  D_1  S_1  
     e( 15 - 15) =      2.15983  eV     1   --> B_2  D_4  S_4  
     e( 16 - 16) =      2.18542  eV     1   --> B_1  D_3  S_3  
     e( 17 - 17) =      2.91257  eV     1   --> A_2  D_2  S_2  

 **************************************************************************

 **************************************************************************

                    xk=(   0.17568,   0.10143,   0.00000  )

     Band symmetry, C_2v (mm2)  point group:

     e(  1 -  1) =    -61.28247  eV     1   --> A_1  D_1  S_1  
     e(  2 -  2) =    -35.41022  eV     1   --> B_2  D_4  S_4  
     e(  3 -  3) =    -35.30987  eV     1   --> A_1  D_1  S_1  
     e(  4 -  4) =    -35.22773  eV     1   --> B_1  D_3  S_3  
     e(  5 -  5) =    -14.00995  eV     1   --> A_1  D_1  S_1  
     e(  6 -  6) =    -13.04559  eV     1   --> B_2  D_4  S_4  
     e(  7 -  7) =     -5.50534  eV     1   --> A_1  D_1  S_1  
     e(  8 -  8) =     -3.69148  eV     1   --> A_1  D_1  S_1  
     e(  9 -  9) =     -3.36287  eV     1   --> B_2  D_4  S_4  
     e( 10 - 10) =     -2.38901  eV     1   --> B_1  D_3  S_3  
     e( 11 - 11) =     -2.35941  eV     1   --> A_2  D_2  S_2  
     e( 12 - 12) =     -1.54204  eV     1   --> B_2  D_4  S_4  
     e( 13 - 13) =     -0.82334  eV     1   --> A_1  D_1  S_1  
     e( 14 - 14) =      1.75724  eV     1   --> A_1  D_1  S_1  
     e( 15 - 15) =      2.14032  eV     1   --> B_1  D_3  S_3  
     e( 16 - 16) =      2.18150  eV     1   --> B_2  D_4  S_4  
     e( 17 - 17) =      2.98074  eV     1   --> A_2  D_2  S_2  

 **************************************************************************

 **************************************************************************

                    xk=(   0.18919,   0.10923,   0.00000  )

     Band symmetry, C_2v (mm2)  point group:

     e(  1 -  1) =    -61.28096  eV     1   --> A_1  D_1  S_1  
     e(  2 -  2) =    -35.40729  eV     1   --> B_2  D_4  S_4  
     e(  3 -  3) =    -35.32472  eV     1   --> A_1  D_1  S_1  
     e(  4 -  4) =    -35.23115  eV     1   --> B_1  D_3  S_3  
     e(  5 -  5) =    -13.94467  eV     1   --> A_1  D_1  S_1  
     e(  6 -  6) =    -13.01653  eV     1   --> B_2  D_4  S_4  
     e(  7 -  7) =     -5.45142  eV     1   --> A_1  D_1  S_1  
     e(  8 -  8) =     -3.78714  eV     1   --> A_1  D_1  S_1  
     e(  9 -  9) =     -3.46825  eV     1   --> B_2  D_4  S_4  
     e( 10 - 10) =     -2.43126  eV     1   --> A_2  D_2  S_2  
     e( 11 - 11) =     -2.32545  eV     1   --> B_1  D_3  S_3  
     e( 12 - 12) =     -1.57875  eV     1   --> B_2  D_4  S_4  
     e( 13 - 13) =     -0.88122  eV     1   --> A_1  D_1  S_1  
     e( 14 - 14) =      1.71443  eV     1   --> A_1  D_1  S_1  
     e( 15 - 15) =      2.09609  eV     1   --> B_1  D_3  S_3  
     e( 16 - 16) =      2.21410  eV     1   --> B_2  D_4  S_4  
     e( 17 - 17) =      3.04824  eV     1   --> A_2  D_2  S_2  

 **************************************************************************

 **************************************************************************

                    xk=(   0.20270,   0.11703,   0.00000  )

     Band symmetry, C_2v (mm2)  point group:

     e(  1 -  1) =    -61.27940  eV     1   --> A_1  D_1  S_1  
     e(  2 -  2) =    -35.40425  eV     1   --> B_2  D_4  S_4  
     e(  3 -  3) =    -35.34006  eV     1   --> A_1  D_1  S_1  
     e(  4 -  4) =    -35.23469  eV     1   --> B_1  D_3  S_3  
     e(  5 -  5) =    -13.87604  eV     1   --> A_1  D_1  S_1  
     e(  6 -  6) =    -12.98603  eV     1   --> B_2  D_4  S_4  
     e(  7 -  7) =     -5.40166  eV     1   --> A_1  D_1  S_1  
     e(  8 -  8) =     -3.87866  eV     1   --> A_1  D_1  S_1  
     e(  9 -  9) =     -3.57437  eV     1   --> B_2  D_4  S_4  
     e( 10 - 10) =     -2.50315  eV     1   --> A_2  D_2  S_2  
     e( 11 - 11) =     -2.25957  eV     1   --> B_1  D_3  S_3  
     e( 12 - 12) =     -1.62222  eV     1   --> B_2  D_4  S_4  
     e( 13 - 13) =     -0.94389  eV     1   --> A_1  D_1  S_1  
     e( 14 - 14) =      1.68273  eV     1   --> A_1  D_1  S_1  
     e( 15 - 15) =      2.05337  eV     1   --> B_1  D_3  S_3  
     e( 16 - 16) =      2.25689  eV     1   --> B_2  D_4  S_4  
     e( 17 - 17) =      3.11439  eV     1   --> A_2  D_2  S_2  

 **************************************************************************

 **************************************************************************

                    xk=(   0.21622,   0.12483,   0.00000  )

     Band symmetry, C_2v (mm2)  point group:

     e(  1 -  1) =    -61.27780  eV     1   --> A_1  D_1  S_1  
     e(  2 -  2) =    -35.40112  eV     1   --> B_2  D_4  S_4  
     e(  3 -  3) =    -35.35575  eV     1   --> A_1  D_1  S_1  
     e(  4 -  4) =    -35.23833  eV     1   --> B_1  D_3  S_3  
     e(  5 -  5) =    -13.80442  eV     1   --> A_1  D_1  S_1  
     e(  6 -  6) =    -12.95425  eV     1   --> B_2  D_4  S_4  
     e(  7 -  7) =     -5.35868  eV     1   --> A_1  D_1  S_1  
     e(  8 -  8) =     -3.96374  eV     1   --> A_1  D_1  S_1  
     e(  9 -  9) =     -3.68101  eV     1   --> B_2  D_4  S_4  
     e( 10 - 10) =     -2.57456  eV     1   --> A_2  D_2  S_2  
     e( 11 - 11) =     -2.19189  eV     1   --> B_1  D_3  S_3  
     e( 12 - 12) =     -1.67094  eV     1   --> B_2  D_4  S_4  
     e( 13 - 13) =     -1.00975  eV     1   --> A_1  D_1  S_1  
     e( 14 - 14) =      1.66222  eV     1   --> A_1  D_1  S_1  
     e( 15 - 15) =      2.01278  eV     1   --> B_1  D_3  S_3  
     e( 16 - 16) =      2.30879  eV     1   --> B_2  D_4  S_4  
     e( 17 - 17) =      3.17862  eV     1   --> A_2  D_2  S_2  

 **************************************************************************

 **************************************************************************

                    xk=(   0.22973,   0.13263,   0.00000  )

     Band symmetry, C_2v (mm2)  point group:

     e(  1 -  1) =    -61.27616  eV     1   --> A_1  D_1  S_1  
     e(  2 -  2) =    -35.39794  eV     1   --> B_2  D_4  S_4  
     e(  3 -  3) =    -35.37170  eV     1   --> A_1  D_1  S_1  
     e(  4 -  4) =    -35.24202  eV     1   --> B_1  D_3  S_3  
     e(  5 -  5) =    -13.73015  eV     1   --> A_1  D_1  S_1  
     e(  6 -  6) =    -12.92137  eV     1   --> B_2  D_4  S_4  
     e(  7 -  7) =     -5.32549  eV     1   --> A_1  D_1  S_1  
     e(  8 -  8) =     -4.03994  eV     1   --> A_1  D_1  S_1  
     e(  9 -  9) =     -3.78792  eV     1   --> B_2  D_4  S_4  
     e( 10 - 10) =     -2.64499  eV     1   --> A_2  D_2  S_2  
     e( 11 - 11) =     -2.12296  eV     1   --> B_1  D_3  S_3  
     e( 12 - 12) =     -1.72335  eV     1   --> B_2  D_4  S_4  
     e( 13 - 13) =     -1.07685  eV     1   --> A_1  D_1  S_1  
     e( 14 - 14) =      1.65258  eV     1   --> A_1  D_1  S_1  
     e( 15 - 15) =      1.97489  eV     1   --> B_1  D_3  S_3  
     e( 16 - 16) =      2.36854  eV     1   --> B_2  D_4  S_4  
     e( 17 - 17) =      3.24041  eV     1   --> A_2  D_2  S_2  

 **************************************************************************

 **************************************************************************

                    xk=(   0.24324,   0.14044,   0.00000  )

     Band symmetry, C_2v (mm2)  point group:

     e(  1 -  1) =    -61.27451  eV     1   --> A_1  D_1  S_1  
     e(  2 -  2) =    -35.39472  eV     1   --> B_2  D_4  S_4  
     e(  3 -  3) =    -35.38778  eV     1   --> A_1  D_1  S_1  
     e(  4 -  4) =    -35.24575  eV     1   --> B_1  D_3  S_3  
     e(  5 -  5) =    -13.65364  eV     1   --> A_1  D_1  S_1  
     e(  6 -  6) =    -12.88760  eV     1   --> B_2  D_4  S_4  
     e(  7 -  7) =     -5.30514  eV     1   --> A_1  D_1  S_1  
     e(  8 -  8) =     -4.10489  eV     1   --> A_1  D_1  S_1  
     e(  9 -  9) =     -3.89477  eV     1   --> B_2  D_4  S_4  
     e( 10 - 10) =     -2.71404  eV     1   --> A_2  D_2  S_2  
     e( 11 - 11) =     -2.05338  eV     1   --> B_1  D_3  S_3  
     e( 12 - 12) =     -1.77800  eV     1   --> B_2  D_4  S_4  
     e( 13 - 13) =     -1.14295  eV     1   --> A_1  D_1  S_1  
     e( 14 - 14) =      1.65321  eV     1   --> A_1  D_1  S_1  
     e( 15 - 15) =      1.94023  eV     1   --> B_1  D_3  S_3  
     e( 16 - 16) =      2.43473  eV     1   --> B_2  D_4  S_4  
     e( 17 - 17) =      3.29939  eV     1   --> A_2  D_2  S_2  

 **************************************************************************

 **************************************************************************

                    xk=(   0.25676,   0.14824,   0.00000  )

     Band symmetry, C_2v (mm2)  point group:

     e(  1 -  1) =    -61.27285  eV     1   --> A_1  D_1  S_1  
     e(  2 -  2) =    -35.40388  eV     1   --> A_1  D_1  S_1  
     e(  3 -  3) =    -35.39149  eV     1   --> B_2  D_4  S_4  
     e(  4 -  4) =    -35.24950  eV     1   --> B_1  D_3  S_3  
     e(  5 -  5) =    -13.57531  eV     1   --> A_1  D_1  S_1  
     e(  6 -  6) =    -12.85312  eV     1   --> B_2  D_4  S_4  
     e(  7 -  7) =     -5.30025  eV     1   --> A_1  D_1  S_1  
     e(  8 -  8) =     -4.15684  eV     1   --> A_1  D_1  S_1  
     e(  9 -  9) =     -4.00119  eV     1   --> B_2  D_4  S_4  
     e( 10 - 10) =     -2.78132  eV     1   --> A_2  D_2  S_2  
     e( 11 - 11) =     -1.98375  eV     1   --> B_1  D_3  S_3  
     e( 12 - 12) =     -1.83358  eV     1   --> B_2  D_4  S_4  
     e( 13 - 13) =     -1.20562  eV     1   --> A_1  D_1  S_1  
     e( 14 - 14) =      1.66330  eV     1   --> A_1  D_1  S_1  
     e( 15 - 15) =      1.90925  eV     1   --> B_1  D_3  S_3  
     e( 16 - 16) =      2.50593  eV     1   --> B_2  D_4  S_4  
     e( 17 - 17) =      3.35522  eV     1   --> A_2  D_2  S_2  

 **************************************************************************

 **************************************************************************

                    xk=(   0.27027,   0.15604,   0.00000  )

     Band symmetry, C_2v (mm2)  point group:

     e(  1 -  1) =    -61.27120  eV     1   --> A_1  D_1  S_1  
     e(  2 -  2) =    -35.41988  eV     1   --> A_1  D_1  S_1  
     e(  3 -  3) =    -35.38826  eV     1   --> B_2  D_4  S_4  
     e(  4 -  4) =    -35.25322  eV     1   --> B_1  D_3  S_3  
     e(  5 -  5) =    -13.49563  eV     1   --> A_1  D_1  S_1  
     e(  6 -  6) =    -12.81818  eV     1   --> B_2  D_4  S_4  
     e(  7 -  7) =     -5.31229  eV     1   --> A_1  D_1  S_1  
     e(  8 -  8) =     -4.19525  eV     1   --> A_1  D_1  S_1  
     e(  9 -  9) =     -4.10676  eV     1   --> B_2  D_4  S_4  
     e( 10 - 10) =     -2.84649  eV     1   --> A_2  D_2  S_2  
     e( 11 - 11) =     -1.91472  eV     1   --> B_1  D_3  S_3  
     e( 12 - 12) =     -1.88892  eV     1   --> B_2  D_4  S_4  
     e( 13 - 13) =     -1.26245  eV     1   --> A_1  D_1  S_1  
     e( 14 - 14) =      1.68194  eV     1   --> A_1  D_1  S_1  
     e( 15 - 15) =      1.88235  eV     1   --> B_1  D_3  S_3  
     e( 16 - 16) =      2.58068  eV     1   --> B_2  D_4  S_4  
     e( 17 - 17) =      3.40767  eV     1   --> A_2  D_2  S_2  

 **************************************************************************

 **************************************************************************

                    xk=(   0.28378,   0.16384,   0.00000  )

     Band symmetry, C_2v (mm2)  point group:

     e(  1 -  1) =    -61.26956  eV     1   --> A_1  D_1  S_1  
     e(  2 -  2) =    -35.43567  eV     1   --> A_1  D_1  S_1  
     e(  3 -  3) =    -35.38508  eV     1   --> B_2  D_4  S_4  
     e(  4 -  4) =    -35.25691  eV     1   --> B_1  D_3  S_3  
     e(  5 -  5) =    -13.41510  eV     1   --> A_1  D_1  S_1  
     e(  6 -  6) =    -12.78301  eV     1   --> B_2  D_4  S_4  
     e(  7 -  7) =     -5.34100  eV     1   --> A_1  D_1  S_1  
     e(  8 -  8) =     -4.22130  eV     1   --> A_1  D_1  S_1  
     e(  9 -  9) =     -4.21098  eV     1   --> B_2  D_4  S_4  
     e( 10 - 10) =     -2.90924  eV     1   --> A_2  D_2  S_2  
     e( 11 - 11) =     -1.94306  eV     1   --> B_2  D_4  S_4  
     e( 12 - 12) =     -1.84689  eV     1   --> B_1  D_3  S_3  
     e( 13 - 13) =     -1.31115  eV     1   --> A_1  D_1  S_1  
     e( 14 - 14) =      1.70817  eV     1   --> A_1  D_1  S_1  
     e( 15 - 15) =      1.85981  eV     1   --> B_1  D_3  S_3  
     e( 16 - 16) =      2.65755  eV     1   --> B_2  D_4  S_4  
     e( 17 - 17) =      3.45660  eV     1   --> A_2  D_2  S_2  

 **************************************************************************

 **************************************************************************

                    xk=(   0.29730,   0.17164,   0.00000  )

     Band symmetry, C_2v (mm2)  point group:

     e(  1 -  1) =    -61.26795  eV     1   --> A_1  D_1  S_1  
     e(  2 -  2) =    -35.45114  eV     1   --> A_1  D_1  S_1  
     e(  3 -  3) =    -35.38194  eV     1   --> B_2  D_4  S_4  
     e(  4 -  4) =    -35.26052  eV     1   --> B_1  D_3  S_3  
     e(  5 -  5) =    -13.33425  eV     1   --> A_1  D_1  S_1  
     e(  6 -  6) =    -12.74786  eV     1   --> B_2  D_4  S_4  
     e(  7 -  7) =     -5.38445  eV     1   --> A_1  D_1  S_1  
     e(  8 -  8) =     -4.31330  eV     1   --> B_2  D_4  S_4  
     e(  9 -  9) =     -4.23770  eV     1   --> A_1  D_1  S_1  
     e( 10 - 10) =     -2.96930  eV     1   --> A_2  D_2  S_2  
     e( 11 - 11) =     -1.99524  eV     1   --> B_2  D_4  S_4  
     e( 12 - 12) =     -1.78089  eV     1   --> B_1  D_3  S_3  
     e( 13 - 13) =     -1.34973  eV     1   --> A_1  D_1  S_1  
     e( 14 - 14) =      1.74103  eV     1   --> A_1  D_1  S_1  
     e( 15 - 15) =      1.84186  eV     1   --> B_1  D_3  S_3  
     e( 16 - 16) =      2.73518  eV     1   --> B_2  D_4  S_4  
     e( 17 - 17) =      3.50190  eV     1   --> A_2  D_2  S_2  

 **************************************************************************

 **************************************************************************

                    xk=(   0.31081,   0.17945,   0.00000  )

     Band symmetry, C_2v (mm2)  point group:

     e(  1 -  1) =    -61.26639  eV     1   --> A_1  D_1  S_1  
     e(  2 -  2) =    -35.46617  eV     1   --> A_1  D_1  S_1  
     e(  3 -  3) =    -35.37889  eV     1   --> B_2  D_4  S_4  
     e(  4 -  4) =    -35.26404  eV     1   --> B_1  D_3  S_3  
     e(  5 -  5) =    -13.25367  eV     1   --> A_1  D_1  S_1  
     e(  6 -  6) =    -12.71300  eV     1   --> B_2  D_4  S_4  
     e(  7 -  7) =     -5.43964  eV     1   --> A_1  D_1  S_1  
     e(  8 -  8) =     -4.41314  eV     1   --> B_2  D_4  S_4  
     e(  9 -  9) =     -4.24798  eV     1   --> A_1  D_1  S_1  
     e( 10 - 10) =     -3.02644  eV     1   --> A_2  D_2  S_2  
     e( 11 - 11) =     -2.04485  eV     1   --> B_2  D_4  S_4  
     e( 12 - 12) =     -1.71732  eV     1   --> B_1  D_3  S_3  
     e( 13 - 13) =     -1.37667  eV     1   --> A_1  D_1  S_1  
     e( 14 - 14) =      1.77960  eV     1   --> A_1  D_1  S_1  
     e( 15 - 15) =      1.82860  eV     1   --> B_1  D_3  S_3  
     e( 16 - 16) =      2.81227  eV     1   --> B_2  D_4  S_4  
     e( 17 - 17) =      3.54355  eV     1   --> A_2  D_2  S_2  

 **************************************************************************

 **************************************************************************

                    xk=(   0.32432,   0.18725,   0.00000  )

     Band symmetry, C_2v (mm2)  point group:

     e(  1 -  1) =    -61.26487  eV     1   --> A_1  D_1  S_1  
     e(  2 -  2) =    -35.48067  eV     1   --> A_1  D_1  S_1  
     e(  3 -  3) =    -35.37593  eV     1   --> B_2  D_4  S_4  
     e(  4 -  4) =    -35.26744  eV     1   --> B_1  D_3  S_3  
     e(  5 -  5) =    -13.17396  eV     1   --> A_1  D_1  S_1  
     e(  6 -  6) =    -12.67871  eV     1   --> B_2  D_4  S_4  
     e(  7 -  7) =     -5.50324  eV     1   --> A_1  D_1  S_1  
     e(  8 -  8) =     -4.50988  eV     1   --> B_2  D_4  S_4  
     e(  9 -  9) =     -4.25559  eV     1   --> A_1  D_1  S_1  
     e( 10 - 10) =     -3.08043  eV     1   --> A_2  D_2  S_2  
     e( 11 - 11) =     -2.09143  eV     1   --> B_2  D_4  S_4  
     e( 12 - 12) =     -1.65671  eV     1   --> B_1  D_3  S_3  
     e( 13 - 13) =     -1.39106  eV     1   --> A_1  D_1  S_1  
     e( 14 - 14) =      1.82000  eV     1   --> B_1  D_3  S_3  
     e( 15 - 15) =      1.82299  eV     1   --> A_1  D_1  S_1  
     e( 16 - 16) =      2.88759  eV     1   --> B_2  D_4  S_4  
     e( 17 - 17) =      3.58157  eV     1   --> A_2  D_2  S_2  

 **************************************************************************

 **************************************************************************

                    xk=(   0.33784,   0.19505,   0.00000  )

     Band symmetry, C_2v (mm2)  point group:

     e(  1 -  1) =    -61.26342  eV     1   --> A_1  D_1  S_1  
     e(  2 -  2) =    -35.49453  eV     1   --> A_1  D_1  S_1  
     e(  3 -  3) =    -35.37310  eV     1   --> B_2  D_4  S_4  
     e(  4 -  4) =    -35.27069  eV     1   --> B_1  D_3  S_3  
     e(  5 -  5) =    -13.09579  eV     1   --> A_1  D_1  S_1  
     e(  6 -  6) =    -12.64529  eV     1   --> B_2  D_4  S_4  
     e(  7 -  7) =     -5.57211  eV     1   --> A_1  D_1  S_1  
     e(  8 -  8) =     -4.60286  eV     1   --> B_2  D_4  S_4  
     e(  9 -  9) =     -4.26329  eV     1   --> A_1  D_1  S_1  
     e( 10 - 10) =     -3.13109  eV     1   --> A_2  D_2  S_2  
     e( 11 - 11) =     -2.13469  eV     1   --> B_2  D_4  S_4  
     e( 12 - 12) =     -1.59958  eV     1   --> B_1  D_3  S_3  
     e( 13 - 13) =     -1.39269  eV     1   --> A_1  D_1  S_1  
     e( 14 - 14) =      1.81591  eV     1   --> B_1  D_3  S_3  
     e( 15 - 15) =      1.87036  eV     1   --> A_1  D_1  S_1  
     e( 16 - 16) =      2.96002  eV     1   --> B_2  D_4  S_4  
     e( 17 - 17) =      3.61602  eV     1   --> A_2  D_2  S_2  

 **************************************************************************

 **************************************************************************

                    xk=(   0.35135,   0.20285,   0.00000  )

     Band symmetry, C_2v (mm2)  point group:

     e(  1 -  1) =    -61.26205  eV     1   --> A_1  D_1  S_1  
     e(  2 -  2) =    -35.50765  eV     1   --> A_1  D_1  S_1  
     e(  3 -  3) =    -35.37041  eV     1   --> B_2  D_4  S_4  
     e(  4 -  4) =    -35.27378  eV     1   --> B_1  D_3  S_3  
     e(  5 -  5) =    -13.01985  eV     1   --> A_1  D_1  S_1  
     e(  6 -  6) =    -12.61302  eV     1   --> B_2  D_4  S_4  
     e(  7 -  7) =     -5.64355  eV     1   --> A_1  D_1  S_1  
     e(  8 -  8) =     -4.69144  eV     1   --> B_2  D_4  S_4  
     e(  9 -  9) =     -4.27285  eV     1   --> A_1  D_1  S_1  
     e( 10 - 10) =     -3.17825  eV     1   --> A_2  D_2  S_2  
     e( 11 - 11) =     -2.17442  eV     1   --> B_2  D_4  S_4  
     e( 12 - 12) =     -1.54633  eV     1   --> B_1  D_3  S_3  
     e( 13 - 13) =     -1.38213  eV     1   --> A_1  D_1  S_1  
     e( 14 - 14) =      1.81604  eV     1   --> B_1  D_3  S_3  
     e( 15 - 15) =      1.92085  eV     1   --> A_1  D_1  S_1  
     e( 16 - 16) =      3.02857  eV     1   --> B_2  D_4  S_4  
     e( 17 - 17) =      3.64700  eV     1   --> A_2  D_2  S_2  

 **************************************************************************

 **************************************************************************

                    xk=(   0.36486,   0.21065,   0.00000  )

     Band symmetry, C_2v (mm2)  point group:

     e(  1 -  1) =    -61.26075  eV     1   --> A_1  D_1  S_1  
     e(  2 -  2) =    -35.51996  eV     1   --> A_1  D_1  S_1  
     e(  3 -  3) =    -35.36789  eV     1   --> B_2  D_4  S_4  
     e(  4 -  4) =    -35.27668  eV     1   --> B_1  D_3  S_3  
     e(  5 -  5) =    -12.94688  eV     1   --> A_1  D_1  S_1  
     e(  6 -  6) =    -12.58221  eV     1   --> B_2  D_4  S_4  
     e(  7 -  7) =     -5.71531  eV     1   --> A_1  D_1  S_1  
     e(  8 -  8) =     -4.77497  eV     1   --> B_2  D_4  S_4  
     e(  9 -  9) =     -4.28509  eV     1   --> A_1  D_1  S_1  
     e( 10 - 10) =     -3.22176  eV     1   --> A_2  D_2  S_2  
     e( 11 - 11) =     -2.21050  eV     1   --> B_2  D_4  S_4  
     e( 12 - 12) =     -1.49734  eV     1   --> B_1  D_3  S_3  
     e( 13 - 13) =     -1.36064  eV     1   --> A_1  D_1  S_1  
     e( 14 - 14) =      1.81995  eV     1   --> B_1  D_3  S_3  
     e( 15 - 15) =      1.97364  eV     1   --> A_1  D_1  S_1  
     e( 16 - 16) =      3.09238  eV     1   --> B_2  D_4  S_4  
     e( 17 - 17) =      3.67462  eV     1   --> A_2  D_2  S_2  

 **************************************************************************

 **************************************************************************

                    xk=(   0.37838,   0.21846,   0.00000  )

     Band symmetry, C_2v (mm2)  point group:

     e(  1 -  1) =    -61.25955  eV     1   --> A_1  D_1  S_1  
     e(  2 -  2) =    -35.53135  eV     1   --> A_1  D_1  S_1  
     e(  3 -  3) =    -35.36554  eV     1   --> B_2  D_4  S_4  
     e(  4 -  4) =    -35.27936  eV     1   --> B_1  D_3  S_3  
     e(  5 -  5) =    -12.87761  eV     1   --> A_1  D_1  S_1  
     e(  6 -  6) =    -12.55317  eV     1   --> B_2  D_4  S_4  
     e(  7 -  7) =     -5.78549  eV     1   --> A_1  D_1  S_1  
     e(  8 -  8) =     -4.85279  eV     1   --> B_2  D_4  S_4  
     e(  9 -  9) =     -4.30004  eV     1   --> A_1  D_1  S_1  
     e( 10 - 10) =     -3.26148  eV     1   --> A_2  D_2  S_2  
     e( 11 - 11) =     -2.24289  eV     1   --> B_2  D_4  S_4  
     e( 12 - 12) =     -1.45285  eV     1   --> B_1  D_3  S_3  
     e( 13 - 13) =     -1.33010  eV     1   --> A_1  D_1  S_1  
     e( 14 - 14) =      1.82707  eV     1   --> B_1  D_3  S_3  
     e( 15 - 15) =      2.02784  eV     1   --> A_1  D_1  S_1  
     e( 16 - 16) =      3.15076  eV     1   --> B_2  D_4  S_4  
     e( 17 - 17) =      3.69903  eV     1   --> A_2  D_2  S_2  

 **************************************************************************

 **************************************************************************

                    xk=(   0.39189,   0.22626,   0.00000  )

     Band symmetry, C_2v (mm2)  point group:

     e(  1 -  1) =    -61.25845  eV     1   --> A_1  D_1  S_1  
     e(  2 -  2) =    -35.54175  eV     1   --> A_1  D_1  S_1  
     e(  3 -  3) =    -35.36340  eV     1   --> B_2  D_4  S_4  
     e(  4 -  4) =    -35.28182  eV     1   --> B_1  D_3  S_3  
     e(  5 -  5) =    -12.81284  eV     1   --> A_1  D_1  S_1  
     e(  6 -  6) =    -12.52620  eV     1   --> B_2  D_4  S_4  
     e(  7 -  7) =     -5.85250  eV     1   --> A_1  D_1  S_1  
     e(  8 -  8) =     -4.92430  eV     1   --> B_2  D_4  S_4  
     e(  9 -  9) =     -4.31716  eV     1   --> A_1  D_1  S_1  
     e( 10 - 10) =     -3.29731  eV     1   --> A_2  D_2  S_2  
     e( 11 - 11) =     -2.27161  eV     1   --> B_2  D_4  S_4  
     e( 12 - 12) =     -1.41305  eV     1   --> B_1  D_3  S_3  
     e( 13 - 13) =     -1.29285  eV     1   --> A_1  D_1  S_1  
     e( 14 - 14) =      1.83671  eV     1   --> B_1  D_3  S_3  
     e( 15 - 15) =      2.08247  eV     1   --> A_1  D_1  S_1  
     e( 16 - 16) =      3.20318  eV     1   --> B_2  D_4  S_4  
     e( 17 - 17) =      3.72037  eV     1   --> A_2  D_2  S_2  

 **************************************************************************

 **************************************************************************

                    xk=(   0.40541,   0.23406,   0.00000  )

     Band symmetry, C_2v (mm2)  point group:

     e(  1 -  1) =    -61.25746  eV     1   --> A_1  D_1  S_1  
     e(  2 -  2) =    -35.55111  eV     1   --> A_1  D_1  S_1  
     e(  3 -  3) =    -35.36147  eV     1   --> B_2  D_4  S_4  
     e(  4 -  4) =    -35.28403  eV     1   --> B_1  D_3  S_3  
     e(  5 -  5) =    -12.75332  eV     1   --> A_1  D_1  S_1  
     e(  6 -  6) =    -12.50159  eV     1   --> B_2  D_4  S_4  
     e(  7 -  7) =     -5.91496  eV     1   --> A_1  D_1  S_1  
     e(  8 -  8) =     -4.98892  eV     1   --> B_2  D_4  S_4  
     e(  9 -  9) =     -4.33555  eV     1   --> A_1  D_1  S_1  
     e( 10 - 10) =     -3.32914  eV     1   --> A_2  D_2  S_2  
     e( 11 - 11) =     -2.29669  eV     1   --> B_2  D_4  S_4  
     e( 12 - 12) =     -1.37804  eV     1   --> B_1  D_3  S_3  
     e( 13 - 13) =     -1.25148  eV     1   --> A_1  D_1  S_1  
     e( 14 - 14) =      1.84807  eV     1   --> B_1  D_3  S_3  
     e( 15 - 15) =      2.13644  eV     1   --> A_1  D_1  S_1  
     e( 16 - 16) =      3.24931  eV     1   --> B_2  D_4  S_4  
     e( 17 - 17) =      3.73878  eV     1   --> A_2  D_2  S_2  

 **************************************************************************

 **************************************************************************

                    xk=(   0.41892,   0.24186,   0.00000  )

     Band symmetry, C_2v (mm2)  point group:

     e(  1 -  1) =    -61.25659  eV     1   --> A_1  D_1  S_1  
     e(  2 -  2) =    -35.55935  eV     1   --> A_1  D_1  S_1  
     e(  3 -  3) =    -35.35976  eV     1   --> B_2  D_4  S_4  
     e(  4 -  4) =    -35.28598  eV     1   --> B_1  D_3  S_3  
     e(  5 -  5) =    -12.69984  eV     1   --> A_1  D_1  S_1  
     e(  6 -  6) =    -12.47961  eV     1   --> B_2  D_4  S_4  
     e(  7 -  7) =     -5.97168  eV     1   --> A_1  D_1  S_1  
     e(  8 -  8) =     -5.04611  eV     1   --> B_2  D_4  S_4  
     e(  9 -  9) =     -4.35418  eV     1   --> A_1  D_1  S_1  
     e( 10 - 10) =     -3.35689  eV     1   --> A_2  D_2  S_2  
     e( 11 - 11) =     -2.31820  eV     1   --> B_2  D_4  S_4  
     e( 12 - 12) =     -1.34787  eV     1   --> B_1  D_3  S_3  
     e( 13 - 13) =     -1.20872  eV     1   --> A_1  D_1  S_1  
     e( 14 - 14) =      1.86032  eV     1   --> B_1  D_3  S_3  
     e( 15 - 15) =      2.18846  eV     1   --> A_1  D_1  S_1  
     e( 16 - 16) =      3.28897  eV     1   --> B_2  D_4  S_4  
     e( 17 - 17) =      3.75440  eV     1   --> A_2  D_2  S_2  

 **************************************************************************

 **************************************************************************

                    xk=(   0.43243,   0.24966,   0.00000  )

     Band symmetry, C_2v (mm2)  point group:

     e(  1 -  1) =    -61.25584  eV     1   --> A_1  D_1  S_1  
     e(  2 -  2) =    -35.56641  eV     1   --> A_1  D_1  S_1  
     e(  3 -  3) =    -35.35830  eV     1   --> B_2  D_4  S_4  
     e(  4 -  4) =    -35.28765  eV     1   --> B_1  D_3  S_3  
     e(  5 -  5) =    -12.65312  eV     1   --> A_1  D_1  S_1  
     e(  6 -  6) =    -12.46053  eV     1   --> B_2  D_4  S_4  
     e(  7 -  7) =     -6.02158  eV     1   --> A_1  D_1  S_1  
     e(  8 -  8) =     -5.09538  eV     1   --> B_2  D_4  S_4  
     e(  9 -  9) =     -4.37197  eV     1   --> A_1  D_1  S_1  
     e( 10 - 10) =     -3.38050  eV     1   --> A_2  D_2  S_2  
     e( 11 - 11) =     -2.33622  eV     1   --> B_2  D_4  S_4  
     e( 12 - 12) =     -1.32251  eV     1   --> B_1  D_3  S_3  
     e( 13 - 13) =     -1.16722  eV     1   --> A_1  D_1  S_1  
     e( 14 - 14) =      1.87257  eV     1   --> B_1  D_3  S_3  
     e( 15 - 15) =      2.23703  eV     1   --> A_1  D_1  S_1  
     e( 16 - 16) =      3.32213  eV     1   --> B_2  D_4  S_4  
     e( 17 - 17) =      3.76737  eV     1   --> A_2  D_2  S_2  

 **************************************************************************

 **************************************************************************

                    xk=(   0.44595,   0.25747,   0.00000  )

     Band symmetry, C_2v (mm2)  point group:

     e(  1 -  1) =    -61.25522  eV     1   --> A_1  D_1  S_1  
     e(  2 -  2) =    -35.57226  eV     1   --> A_1  D_1  S_1  
     e(  3 -  3) =    -35.35708  eV     1   --> B_2  D_4  S_4  
     e(  4 -  4) =    -35.28903  eV     1   --> B_1  D_3  S_3  
     e(  5 -  5) =    -12.61384  eV     1   --> A_1  D_1  S_1  
     e(  6 -  6) =    -12.44458  eV     1   --> B_2  D_4  S_4  
     e(  7 -  7) =     -6.06376  eV     1   --> A_1  D_1  S_1  
     e(  8 -  8) =     -5.13630  eV     1   --> B_2  D_4  S_4  
     e(  9 -  9) =     -4.38795  eV     1   --> A_1  D_1  S_1  
     e( 10 - 10) =     -3.39988  eV     1   --> A_2  D_2  S_2  
     e( 11 - 11) =     -2.35084  eV     1   --> B_2  D_4  S_4  
     e( 12 - 12) =     -1.30190  eV     1   --> B_1  D_3  S_3  
     e( 13 - 13) =     -1.12946  eV     1   --> A_1  D_1  S_1  
     e( 14 - 14) =      1.88398  eV     1   --> B_1  D_3  S_3  
     e( 15 - 15) =      2.28048  eV     1   --> A_1  D_1  S_1  
     e( 16 - 16) =      3.34890  eV     1   --> B_2  D_4  S_4  
     e( 17 - 17) =      3.77781  eV     1   --> A_2  D_2  S_2  

 **************************************************************************

 **************************************************************************

                    xk=(   0.45946,   0.26527,   0.00000  )

     Band symmetry, C_2v (mm2)  point group:

     e(  1 -  1) =    -61.25473  eV     1   --> A_1  D_1  S_1  
     e(  2 -  2) =    -35.57685  eV     1   --> A_1  D_1  S_1  
     e(  3 -  3) =    -35.35613  eV     1   --> B_2  D_4  S_4  
     e(  4 -  4) =    -35.29012  eV     1   --> B_1  D_3  S_3  
     e(  5 -  5) =    -12.58261  eV     1   --> A_1  D_1  S_1  
     e(  6 -  6) =    -12.43195  eV     1   --> B_2  D_4  S_4  
     e(  7 -  7) =     -6.09741  eV     1   --> A_1  D_1  S_1  
     e(  8 -  8) =     -5.16851  eV     1   --> B_2  D_4  S_4  
     e(  9 -  9) =     -4.40128  eV     1   --> A_1  D_1  S_1  
     e( 10 - 10) =     -3.41501  eV     1   --> A_2  D_2  S_2  
     e( 11 - 11) =     -2.36211  eV     1   --> B_2  D_4  S_4  
     e( 12 - 12) =     -1.28599  eV     1   --> B_1  D_3  S_3  
     e( 13 - 13) =     -1.09764  eV     1   --> A_1  D_1  S_1  
     e( 14 - 14) =      1.89377  eV     1   --> B_1  D_3  S_3  
     e( 15 - 15) =      2.31696  eV     1   --> A_1  D_1  S_1  
     e( 16 - 16) =      3.36944  eV     1   --> B_2  D_4  S_4  
     e( 17 - 17) =      3.78582  eV     1   --> A_2  D_2  S_2  

 **************************************************************************

 **************************************************************************

                    xk=(   0.47297,   0.27307,   0.00000  )

     Band symmetry, C_2v (mm2)  point group:

     e(  1 -  1) =    -61.25438  eV     1   --> A_1  D_1  S_1  
     e(  2 -  2) =    -35.58014  eV     1   --> A_1  D_1  S_1  
     e(  3 -  3) =    -35.35545  eV     1   --> B_2  D_4  S_4  
     e(  4 -  4) =    -35.29090  eV     1   --> B_1  D_3  S_3  
     e(  5 -  5) =    -12.55992  eV     1   --> A_1  D_1  S_1  
     e(  6 -  6) =    -12.42281  eV     1   --> B_2  D_4  S_4  
     e(  7 -  7) =     -6.12192  eV     1   --> A_1  D_1  S_1  
     e(  8 -  8) =     -5.19173  eV     1   --> B_2  D_4  S_4  
     e(  9 -  9) =     -4.41129  eV     1   --> A_1  D_1  S_1  
     e( 10 - 10) =     -3.42584  eV     1   --> A_2  D_2  S_2  
     e( 11 - 11) =     -2.37012  eV     1   --> B_2  D_4  S_4  
     e( 12 - 12) =     -1.27469  eV     1   --> B_1  D_3  S_3  
     e( 13 - 13) =     -1.07355  eV     1   --> A_1  D_1  S_1  
     e( 14 - 14) =      1.90127  eV     1   --> B_1  D_3  S_3  
     e( 15 - 15) =      2.34466  eV     1   --> A_1  D_1  S_1  
     e( 16 - 16) =      3.38393  eV     1   --> B_2  D_4  S_4  
     e( 17 - 17) =      3.79148  eV     1   --> A_2  D_2  S_2  

 **************************************************************************

 **************************************************************************

                    xk=(   0.48649,   0.28087,   0.00000  )

     Band symmetry, C_2v (mm2)  point group:

     e(  1 -  1) =    -61.25417  eV     1   --> A_1  D_1  S_1  
     e(  2 -  2) =    -35.58213  eV     1   --> A_1  D_1  S_1  
     e(  3 -  3) =    -35.35503  eV     1   --> B_2  D_4  S_4  
     e(  4 -  4) =    -35.29137  eV     1   --> B_1  D_3  S_3  
     e(  5 -  5) =    -12.54615  eV     1   --> A_1  D_1  S_1  
     e(  6 -  6) =    -12.41728  eV     1   --> B_2  D_4  S_4  
     e(  7 -  7) =     -6.13682  eV     1   --> A_1  D_1  S_1  
     e(  8 -  8) =     -5.20575  eV     1   --> B_2  D_4  S_4  
     e(  9 -  9) =     -4.41749  eV     1   --> A_1  D_1  S_1  
     e( 10 - 10) =     -3.43235  eV     1   --> A_2  D_2  S_2  
     e( 11 - 11) =     -2.37490  eV     1   --> B_2  D_4  S_4  
     e( 12 - 12) =     -1.26794  eV     1   --> B_1  D_3  S_3  
     e( 13 - 13) =     -1.05854  eV     1   --> A_1  D_1  S_1  
     e( 14 - 14) =      1.90598  eV     1   --> B_1  D_3  S_3  
     e( 15 - 15) =      2.36202  eV     1   --> A_1  D_1  S_1  
     e( 16 - 16) =      3.39254  eV     1   --> B_2  D_4  S_4  
     e( 17 - 17) =      3.79485  eV     1   --> A_2  D_2  S_2  

 **************************************************************************

 **************************************************************************

                    xk=(   0.50000,   0.28868,   0.00000  )

     Band symmetry, C_2v (mm2)  point group:

     e(  1 -  1) =    -61.25410  eV     1   --> A_1  D_1  S_1  
     e(  2 -  2) =    -35.58280  eV     1   --> A_1  D_1  S_1  
     e(  3 -  3) =    -35.35490  eV     1   --> B_2  D_4  S_4  
     e(  4 -  4) =    -35.29153  eV     1   --> B_1  D_3  S_3  
     e(  5 -  5) =    -12.54154  eV     1   --> A_1  D_1  S_1  
     e(  6 -  6) =    -12.41543  eV     1   --> B_2  D_4  S_4  
     e(  7 -  7) =     -6.14181  eV     1   --> A_1  D_1  S_1  
     e(  8 -  8) =     -5.21044  eV     1   --> B_2  D_4  S_4  
     e(  9 -  9) =     -4.41958  eV     1   --> A_1  D_1  S_1  
     e( 10 - 10) =     -3.43452  eV     1   --> A_2  D_2  S_2  
     e( 11 - 11) =     -2.37649  eV     1   --> B_2  D_4  S_4  
     e( 12 - 12) =     -1.26569  eV     1   --> B_1  D_3  S_3  
     e( 13 - 13) =     -1.05344  eV     1   --> A_1  D_1  S_1  
     e( 14 - 14) =      1.90759  eV     1   --> B_1  D_3  S_3  
     e( 15 - 15) =      2.36793  eV     1   --> A_1  D_1  S_1  
     e( 16 - 16) =      3.39540  eV     1   --> B_2  D_4  S_4  
     e( 17 - 17) =      3.79597  eV     1   --> A_2  D_2  S_2  

 **************************************************************************

 **************************************************************************

                    xk=(   0.49383,   0.29937,   0.00000  )

     point group C_s (m)    
     there are  2 classes
     the character table:

       E     s    
A'     1.00  1.00
A''    1.00 -1.00

     the symmetry operations in each class and the name of the first element:

     E        1
                                                                 
     s        2
                                                                 

     Band symmetry, C_s (m)     point group:

     e(  1 -  1) =    -61.25408  eV     1   --> A'             
     e(  2 -  2) =    -35.58262  eV     1   --> A'             
     e(  3 -  3) =    -35.35487  eV     1   --> A''            
     e(  4 -  4) =    -35.29189  eV     1   --> A'             
     e(  5 -  5) =    -12.54076  eV     1   --> A'             
     e(  6 -  6) =    -12.41493  eV     1   --> A''            
     e(  7 -  7) =     -6.13957  eV     1   --> A'             
     e(  8 -  8) =     -5.21172  eV     1   --> A''            
     e(  9 -  9) =     -4.41872  eV     1   --> A'             
     e( 10 - 10) =     -3.43595  eV     1   --> A''            
     e( 11 - 11) =     -2.37577  eV     1   --> A''            
     e( 12 - 12) =     -1.29105  eV     1   --> A'             
     e( 13 - 13) =     -1.03597  eV     1   --> A'             
     e( 14 - 14) =      1.90803  eV     1   --> A'             
     e( 15 - 15) =      2.36897  eV     1   --> A'             
     e( 16 - 16) =      3.39887  eV     1   --> A''            
     e( 17 - 17) =      3.78844  eV     1   --> A''            

 **************************************************************************

 **************************************************************************

                    xk=(   0.48765,   0.31006,   0.00000  )

     Band symmetry, C_s (m)     point group:

     e(  1 -  1) =    -61.25404  eV     1   --> A'             
     e(  2 -  2) =    -35.58209  eV     1   --> A'             
     e(  3 -  3) =    -35.35478  eV     1   --> A''            
     e(  4 -  4) =    -35.29298  eV     1   --> A'             
     e(  5 -  5) =    -12.53845  eV     1   --> A'             
     e(  6 -  6) =    -12.41343  eV     1   --> A''            
     e(  7 -  7) =     -6.13285  eV     1   --> A'             
     e(  8 -  8) =     -5.21557  eV     1   --> A''            
     e(  9 -  9) =     -4.41614  eV     1   --> A'             
     e( 10 - 10) =     -3.44011  eV     1   --> A''            
     e( 11 - 11) =     -2.37367  eV     1   --> A''            
     e( 12 - 12) =     -1.35226  eV     1   --> A'             
     e( 13 - 13) =     -0.99825  eV     1   --> A'             
     e( 14 - 14) =      1.90923  eV     1   --> A'             
     e( 15 - 15) =      2.37215  eV     1   --> A'             
     e( 16 - 16) =      3.40921  eV     1   --> A''            
     e( 17 - 17) =      3.76629  eV     1   --> A''            

 **************************************************************************

 **************************************************************************

                    xk=(   0.48148,   0.32075,   0.00000  )

     Band symmetry, C_s (m)     point group:

     e(  1 -  1) =    -61.25396  eV     1   --> A'             
     e(  2 -  2) =    -35.58120  eV     1   --> A'             
     e(  3 -  3) =    -35.35464  eV     1   --> A''            
     e(  4 -  4) =    -35.29479  eV     1   --> A'             
     e(  5 -  5) =    -12.53462  eV     1   --> A'             
     e(  6 -  6) =    -12.41094  eV     1   --> A''            
     e(  7 -  7) =     -6.12167  eV     1   --> A'             
     e(  8 -  8) =     -5.22201  eV     1   --> A''            
     e(  9 -  9) =     -4.41189  eV     1   --> A'             
     e( 10 - 10) =     -3.44671  eV     1   --> A''            
     e( 11 - 11) =     -2.37043  eV     1   --> A''            
     e( 12 - 12) =     -1.43253  eV     1   --> A'             
     e( 13 - 13) =     -0.95658  eV     1   --> A'             
     e( 14 - 14) =      1.91082  eV     1   --> A'             
     e( 15 - 15) =      2.37765  eV     1   --> A'             
     e( 16 - 16) =      3.42608  eV     1   --> A''            
     e( 17 - 17) =      3.73076  eV     1   --> A''            

 **************************************************************************

 **************************************************************************

                    xk=(   0.47531,   0.33144,   0.00000  )

     Band symmetry, C_s (m)     point group:

     e(  1 -  1) =    -61.25386  eV     1   --> A'             
     e(  2 -  2) =    -35.57996  eV     1   --> A'             
     e(  3 -  3) =    -35.35444  eV     1   --> A''            
     e(  4 -  4) =    -35.29731  eV     1   --> A'             
     e(  5 -  5) =    -12.52930  eV     1   --> A'             
     e(  6 -  6) =    -12.40750  eV     1   --> A''            
     e(  7 -  7) =     -6.10606  eV     1   --> A'             
     e(  8 -  8) =     -5.23105  eV     1   --> A''            
     e(  9 -  9) =     -4.40601  eV     1   --> A'             
     e( 10 - 10) =     -3.45525  eV     1   --> A''            
     e( 11 - 11) =     -2.36640  eV     1   --> A''            
     e( 12 - 12) =     -1.52504  eV     1   --> A'             
     e( 13 - 13) =     -0.91695  eV     1   --> A'             
     e( 14 - 14) =      1.91225  eV     1   --> A'             
     e( 15 - 15) =      2.38575  eV     1   --> A'             
     e( 16 - 16) =      3.44873  eV     1   --> A''            
     e( 17 - 17) =      3.68399  eV     1   --> A''            

 **************************************************************************

 **************************************************************************

                    xk=(   0.46914,   0.34213,   0.00000  )

     Band symmetry, C_s (m)     point group:

     e(  1 -  1) =    -61.25373  eV     1   --> A'             
     e(  2 -  2) =    -35.57838  eV     1   --> A'             
     e(  3 -  3) =    -35.35419  eV     1   --> A''            
     e(  4 -  4) =    -35.30051  eV     1   --> A'             
     e(  5 -  5) =    -12.52255  eV     1   --> A'             
     e(  6 -  6) =    -12.40313  eV     1   --> A''            
     e(  7 -  7) =     -6.08608  eV     1   --> A'             
     e(  8 -  8) =     -5.24272  eV     1   --> A''            
     e(  9 -  9) =     -4.39859  eV     1   --> A'             
     e( 10 - 10) =     -3.46512  eV     1   --> A''            
     e( 11 - 11) =     -2.36202  eV     1   --> A''            
     e( 12 - 12) =     -1.62705  eV     1   --> A'             
     e( 13 - 13) =     -0.88105  eV     1   --> A'             
     e( 14 - 14) =      1.91278  eV     1   --> A'             
     e( 15 - 15) =      2.39682  eV     1   --> A'             
     e( 16 - 16) =      3.47492  eV     1   --> A''            
     e( 17 - 17) =      3.62985  eV     1   --> A''            

 **************************************************************************

 **************************************************************************

                    xk=(   0.46296,   0.35283,   0.00000  )

     Band symmetry, C_s (m)     point group:

     e(  1 -  1) =    -61.25358  eV     1   --> A'             
     e(  2 -  2) =    -35.57646  eV     1   --> A'             
     e(  3 -  3) =    -35.35390  eV     1   --> A''            
     e(  4 -  4) =    -35.30439  eV     1   --> A'             
     e(  5 -  5) =    -12.51442  eV     1   --> A'             
     e(  6 -  6) =    -12.39787  eV     1   --> A''            
     e(  7 -  7) =     -6.06179  eV     1   --> A'             
     e(  8 -  8) =     -5.25703  eV     1   --> A''            
     e(  9 -  9) =     -4.38974  eV     1   --> A'             
     e( 10 - 10) =     -3.47564  eV     1   --> A''            
     e( 11 - 11) =     -2.35779  eV     1   --> A''            
     e( 12 - 12) =     -1.73707  eV     1   --> A'             
     e( 13 - 13) =     -0.84908  eV     1   --> A'             
     e( 14 - 14) =      1.91163  eV     1   --> A'             
     e( 15 - 15) =      2.41123  eV     1   --> A'             
     e( 16 - 16) =      3.49293  eV     1   --> A''            
     e( 17 - 17) =      3.58170  eV     1   --> A''            

 **************************************************************************

 **************************************************************************

                    xk=(   0.45679,   0.36352,   0.00000  )

     Band symmetry, C_s (m)     point group:

     e(  1 -  1) =    -61.25340  eV     1   --> A'             
     e(  2 -  2) =    -35.57419  eV     1   --> A'             
     e(  3 -  3) =    -35.35356  eV     1   --> A''            
     e(  4 -  4) =    -35.30889  eV     1   --> A'             
     e(  5 -  5) =    -12.50499  eV     1   --> A'             
     e(  6 -  6) =    -12.39178  eV     1   --> A''            
     e(  7 -  7) =     -6.03326  eV     1   --> A'             
     e(  8 -  8) =     -5.27395  eV     1   --> A''            
     e(  9 -  9) =     -4.37957  eV     1   --> A'             
     e( 10 - 10) =     -3.48609  eV     1   --> A''            
     e( 11 - 11) =     -2.35421  eV     1   --> A''            
     e( 12 - 12) =     -1.85400  eV     1   --> A'             
     e( 13 - 13) =     -0.82069  eV     1   --> A'             
     e( 14 - 14) =      1.90800  eV     1   --> A'             
     e( 15 - 15) =      2.42931  eV     1   --> A'             
     e( 16 - 16) =      3.46016  eV     1   --> A''            
     e( 17 - 17) =      3.58376  eV     1   --> A''            

 **************************************************************************

 **************************************************************************

                    xk=(   0.45062,   0.37421,   0.00000  )

     Band symmetry, C_s (m)     point group:

     e(  1 -  1) =    -61.25321  eV     1   --> A'             
     e(  2 -  2) =    -35.57159  eV     1   --> A'             
     e(  3 -  3) =    -35.35317  eV     1   --> A''            
     e(  4 -  4) =    -35.31401  eV     1   --> A'             
     e(  5 -  5) =    -12.49434  eV     1   --> A'             
     e(  6 -  6) =    -12.38493  eV     1   --> A''            
     e(  7 -  7) =     -6.00058  eV     1   --> A'             
     e(  8 -  8) =     -5.29343  eV     1   --> A''            
     e(  9 -  9) =     -4.36825  eV     1   --> A'             
     e( 10 - 10) =     -3.49577  eV     1   --> A''            
     e( 11 - 11) =     -2.35178  eV     1   --> A''            
     e( 12 - 12) =     -1.97688  eV     1   --> A'             
     e( 13 - 13) =     -0.79529  eV     1   --> A'             
     e( 14 - 14) =      1.90120  eV     1   --> A'             
     e( 15 - 15) =      2.45127  eV     1   --> A'             
     e( 16 - 16) =      3.39189  eV     1   --> A''            
     e( 17 - 17) =      3.62210  eV     1   --> A''            

 **************************************************************************

 **************************************************************************

                    xk=(   0.44444,   0.38490,   0.00000  )

     Band symmetry, C_s (m)     point group:

     e(  1 -  1) =    -61.25299  eV     1   --> A'             
     e(  2 -  2) =    -35.56867  eV     1   --> A'             
     e(  3 -  3) =    -35.35275  eV     1   --> A''            
     e(  4 -  4) =    -35.31970  eV     1   --> A'             
     e(  5 -  5) =    -12.48258  eV     1   --> A'             
     e(  6 -  6) =    -12.37738  eV     1   --> A''            
     e(  7 -  7) =     -5.96387  eV     1   --> A'             
     e(  8 -  8) =     -5.31537  eV     1   --> A''            
     e(  9 -  9) =     -4.35594  eV     1   --> A'             
     e( 10 - 10) =     -3.50405  eV     1   --> A''            
     e( 11 - 11) =     -2.35094  eV     1   --> A''            
     e( 12 - 12) =     -2.10479  eV     1   --> A'             
     e( 13 - 13) =     -0.77218  eV     1   --> A'             
     e( 14 - 14) =      1.89071  eV     1   --> A'             
     e( 15 - 15) =      2.47717  eV     1   --> A'             
     e( 16 - 16) =      3.31556  eV     1   --> A''            
     e( 17 - 17) =      3.67040  eV     1   --> A''            

 **************************************************************************

 **************************************************************************

                    xk=(   0.43827,   0.39559,   0.00000  )

     Band symmetry, C_s (m)     point group:

     e(  1 -  1) =    -61.25275  eV     1   --> A'             
     e(  2 -  2) =    -35.56544  eV     1   --> A'             
     e(  3 -  3) =    -35.35229  eV     1   --> A''            
     e(  4 -  4) =    -35.32592  eV     1   --> A'             
     e(  5 -  5) =    -12.46982  eV     1   --> A'             
     e(  6 -  6) =    -12.36921  eV     1   --> A''            
     e(  7 -  7) =     -5.92322  eV     1   --> A'             
     e(  8 -  8) =     -5.33961  eV     1   --> A''            
     e(  9 -  9) =     -4.34283  eV     1   --> A'             
     e( 10 - 10) =     -3.51036  eV     1   --> A''            
     e( 11 - 11) =     -2.35211  eV     1   --> A''            
     e( 12 - 12) =     -2.23682  eV     1   --> A'             
     e( 13 - 13) =     -0.75066  eV     1   --> A'             
     e( 14 - 14) =      1.87621  eV     1   --> A'             
     e( 15 - 15) =      2.50688  eV     1   --> A'             
     e( 16 - 16) =      3.23705  eV     1   --> A''            
     e( 17 - 17) =      3.72365  eV     1   --> A''            

 **************************************************************************

 **************************************************************************

                    xk=(   0.43210,   0.40628,   0.00000  )

     Band symmetry, C_s (m)     point group:

     e(  1 -  1) =    -61.25250  eV     1   --> A'             
     e(  2 -  2) =    -35.56190  eV     1   --> A'             
     e(  3 -  3) =    -35.35180  eV     1   --> A''            
     e(  4 -  4) =    -35.33263  eV     1   --> A'             
     e(  5 -  5) =    -12.45619  eV     1   --> A'             
     e(  6 -  6) =    -12.36051  eV     1   --> A''            
     e(  7 -  7) =     -5.87879  eV     1   --> A'             
     e(  8 -  8) =     -5.36593  eV     1   --> A''            
     e(  9 -  9) =     -4.32915  eV     1   --> A'             
     e( 10 - 10) =     -3.51427  eV     1   --> A''            
     e( 11 - 11) =     -2.37205  eV     1   --> A'             
     e( 12 - 12) =     -2.35562  eV     1   --> A''            
     e( 13 - 13) =     -0.73004  eV     1   --> A'             
     e( 14 - 14) =      1.85759  eV     1   --> A'             
     e( 15 - 15) =      2.54010  eV     1   --> A'             
     e( 16 - 16) =      3.15868  eV     1   --> A''            
     e( 17 - 17) =      3.78012  eV     1   --> A''            

 **************************************************************************

 **************************************************************************

                    xk=(   0.42593,   0.41698,   0.00000  )

     Band symmetry, C_s (m)     point group:

     e(  1 -  1) =    -61.25223  eV     1   --> A'             
     e(  2 -  2) =    -35.55806  eV     1   --> A'             
     e(  3 -  3) =    -35.35129  eV     1   --> A''            
     e(  4 -  4) =    -35.33978  eV     1   --> A'             
     e(  5 -  5) =    -12.44183  eV     1   --> A'             
     e(  6 -  6) =    -12.35138  eV     1   --> A''            
     e(  7 -  7) =     -5.83071  eV     1   --> A'             
     e(  8 -  8) =     -5.39405  eV     1   --> A''            
     e(  9 -  9) =     -4.31515  eV     1   --> A'             
     e( 10 - 10) =     -3.51541  eV     1   --> A''            
     e( 11 - 11) =     -2.50955  eV     1   --> A'             
     e( 12 - 12) =     -2.36173  eV     1   --> A''            
     e( 13 - 13) =     -0.70970  eV     1   --> A'             
     e( 14 - 14) =      1.83492  eV     1   --> A'             
     e( 15 - 15) =      2.57641  eV     1   --> A'             
     e( 16 - 16) =      3.08195  eV     1   --> A''            
     e( 17 - 17) =      3.83869  eV     1   --> A''            

 **************************************************************************

 **************************************************************************

                    xk=(   0.41975,   0.42767,   0.00000  )

     Band symmetry, C_s (m)     point group:

     e(  1 -  1) =    -61.25196  eV     1   --> A'             
     e(  2 -  2) =    -35.55394  eV     1   --> A'             
     e(  3 -  3) =    -35.35076  eV     1   --> A''            
     e(  4 -  4) =    -35.34732  eV     1   --> A'             
     e(  5 -  5) =    -12.42688  eV     1   --> A'             
     e(  6 -  6) =    -12.34192  eV     1   --> A''            
     e(  7 -  7) =     -5.77916  eV     1   --> A'             
     e(  8 -  8) =     -5.42364  eV     1   --> A''            
     e(  9 -  9) =     -4.30110  eV     1   --> A'             
     e( 10 - 10) =     -3.51357  eV     1   --> A''            
     e( 11 - 11) =     -2.64837  eV     1   --> A'             
     e( 12 - 12) =     -2.37061  eV     1   --> A''            
     e( 13 - 13) =     -0.68908  eV     1   --> A'             
     e( 14 - 14) =      1.80841  eV     1   --> A'             
     e( 15 - 15) =      2.61530  eV     1   --> A'             
     e( 16 - 16) =      3.00798  eV     1   --> A''            
     e( 17 - 17) =      3.89837  eV     1   --> A''            

 **************************************************************************

 **************************************************************************

                    xk=(   0.41358,   0.43836,   0.00000  )

     Band symmetry, C_s (m)     point group:

     e(  1 -  1) =    -61.25168  eV     1   --> A'             
     e(  2 -  2) =    -35.54954  eV     1   --> A'             
     e(  3 -  3) =    -35.35519  eV     1   --> A'             
     e(  4 -  4) =    -35.35022  eV     1   --> A''            
     e(  5 -  5) =    -12.41152  eV     1   --> A'             
     e(  6 -  6) =    -12.33224  eV     1   --> A''            
     e(  7 -  7) =     -5.72431  eV     1   --> A'             
     e(  8 -  8) =     -5.45429  eV     1   --> A''            
     e(  9 -  9) =     -4.28733  eV     1   --> A'             
     e( 10 - 10) =     -3.50862  eV     1   --> A''            
     e( 11 - 11) =     -2.78754  eV     1   --> A'             
     e( 12 - 12) =     -2.38238  eV     1   --> A''            
     e( 13 - 13) =     -0.66775  eV     1   --> A'             
     e( 14 - 14) =      1.77838  eV     1   --> A'             
     e( 15 - 15) =      2.65621  eV     1   --> A'             
     e( 16 - 16) =      2.93767  eV     1   --> A''            
     e( 17 - 17) =      3.95824  eV     1   --> A''            

 **************************************************************************

 **************************************************************************

                    xk=(   0.40741,   0.44905,   0.00000  )

     Band symmetry, C_s (m)     point group:

     e(  1 -  1) =    -61.25140  eV     1   --> A'             
     e(  2 -  2) =    -35.54489  eV     1   --> A'             
     e(  3 -  3) =    -35.36334  eV     1   --> A'             
     e(  4 -  4) =    -35.34968  eV     1   --> A''            
     e(  5 -  5) =    -12.39593  eV     1   --> A'             
     e(  6 -  6) =    -12.32247  eV     1   --> A''            
     e(  7 -  7) =     -5.66638  eV     1   --> A'             
     e(  8 -  8) =     -5.48557  eV     1   --> A''            
     e(  9 -  9) =     -4.27421  eV     1   --> A'             
     e( 10 - 10) =     -3.50058  eV     1   --> A''            
     e( 11 - 11) =     -2.92604  eV     1   --> A'             
     e( 12 - 12) =     -2.39704  eV     1   --> A''            
     e( 13 - 13) =     -0.64535  eV     1   --> A'             
     e( 14 - 14) =      1.74526  eV     1   --> A'             
     e( 15 - 15) =      2.69852  eV     1   --> A'             
     e( 16 - 16) =      2.87173  eV     1   --> A''            
     e( 17 - 17) =      4.01742  eV     1   --> A''            

 **************************************************************************

 **************************************************************************

                    xk=(   0.40123,   0.45974,   0.00000  )

     Band symmetry, C_s (m)     point group:

     e(  1 -  1) =    -61.25112  eV     1   --> A'             
     e(  2 -  2) =    -35.54000  eV     1   --> A'             
     e(  3 -  3) =    -35.37171  eV     1   --> A'             
     e(  4 -  4) =    -35.34914  eV     1   --> A''            
     e(  5 -  5) =    -12.38028  eV     1   --> A'             
     e(  6 -  6) =    -12.31273  eV     1   --> A''            
     e(  7 -  7) =     -5.60561  eV     1   --> A'             
     e(  8 -  8) =     -5.51700  eV     1   --> A''            
     e(  9 -  9) =     -4.26223  eV     1   --> A'             
     e( 10 - 10) =     -3.48953  eV     1   --> A''            
     e( 11 - 11) =     -3.06273  eV     1   --> A'             
     e( 12 - 12) =     -2.41452  eV     1   --> A''            
     e( 13 - 13) =     -0.62170  eV     1   --> A'             
     e( 14 - 14) =      1.70958  eV     1   --> A'             
     e( 15 - 15) =      2.74163  eV     1   --> A'             
     e( 16 - 16) =      2.81072  eV     1   --> A''            
     e( 17 - 17) =      4.07504  eV     1   --> A''            

 **************************************************************************

 **************************************************************************

                    xk=(   0.39506,   0.47043,   0.00000  )

     Band symmetry, C_s (m)     point group:

     e(  1 -  1) =    -61.25085  eV     1   --> A'             
     e(  2 -  2) =    -35.53490  eV     1   --> A'             
     e(  3 -  3) =    -35.38022  eV     1   --> A'             
     e(  4 -  4) =    -35.34861  eV     1   --> A''            
     e(  5 -  5) =    -12.36478  eV     1   --> A'             
     e(  6 -  6) =    -12.30314  eV     1   --> A''            
     e(  7 -  7) =     -5.54810  eV     1   --> A''            
     e(  8 -  8) =     -5.54227  eV     1   --> A'             
     e(  9 -  9) =     -4.25200  eV     1   --> A'             
     e( 10 - 10) =     -3.47567  eV     1   --> A''            
     e( 11 - 11) =     -3.19636  eV     1   --> A'             
     e( 12 - 12) =     -2.43462  eV     1   --> A''            
     e( 13 - 13) =     -0.59674  eV     1   --> A'             
     e( 14 - 14) =      1.67191  eV     1   --> A'             
     e( 15 - 15) =      2.75506  eV     1   --> A''            
     e( 16 - 16) =      2.78490  eV     1   --> A'             
     e( 17 - 17) =      4.13027  eV     1   --> A''            

 **************************************************************************

 **************************************************************************

                    xk=(   0.38889,   0.48113,   0.00000  )

     Band symmetry, C_s (m)     point group:

     e(  1 -  1) =    -61.25058  eV     1   --> A'             
     e(  2 -  2) =    -35.52960  eV     1   --> A'             
     e(  3 -  3) =    -35.38882  eV     1   --> A'             
     e(  4 -  4) =    -35.34809  eV     1   --> A''            
     e(  5 -  5) =    -12.34964  eV     1   --> A'             
     e(  6 -  6) =    -12.29385  eV     1   --> A''            
     e(  7 -  7) =     -5.57836  eV     1   --> A''            
     e(  8 -  8) =     -5.47670  eV     1   --> A'             
     e(  9 -  9) =     -4.24434  eV     1   --> A'             
     e( 10 - 10) =     -3.45931  eV     1   --> A''            
     e( 11 - 11) =     -3.32540  eV     1   --> A'             
     e( 12 - 12) =     -2.45705  eV     1   --> A''            
     e( 13 - 13) =     -0.57057  eV     1   --> A'             
     e( 14 - 14) =      1.63298  eV     1   --> A'             
     e( 15 - 15) =      2.70504  eV     1   --> A''            
     e( 16 - 16) =      2.82765  eV     1   --> A'             
     e( 17 - 17) =      4.18233  eV     1   --> A''            

 **************************************************************************

 **************************************************************************

                    xk=(   0.38272,   0.49182,   0.00000  )

     Band symmetry, C_s (m)     point group:

     e(  1 -  1) =    -61.25033  eV     1   --> A'             
     e(  2 -  2) =    -35.52413  eV     1   --> A'             
     e(  3 -  3) =    -35.39741  eV     1   --> A'             
     e(  4 -  4) =    -35.34760  eV     1   --> A''            
     e(  5 -  5) =    -12.33509  eV     1   --> A'             
     e(  6 -  6) =    -12.28498  eV     1   --> A''            
     e(  7 -  7) =     -5.60727  eV     1   --> A''            
     e(  8 -  8) =     -5.40931  eV     1   --> A'             
     e(  9 -  9) =     -4.24044  eV     1   --> A'             
     e( 10 - 10) =     -3.44789  eV     1   --> A'             
     e( 11 - 11) =     -3.44084  eV     1   --> A''            
     e( 12 - 12) =     -2.48139  eV     1   --> A''            
     e( 13 - 13) =     -0.54348  eV     1   --> A'             
     e( 14 - 14) =      1.59356  eV     1   --> A'             
     e( 15 - 15) =      2.66083  eV     1   --> A''            
     e( 16 - 16) =      2.86922  eV     1   --> A'             
     e( 17 - 17) =      4.23052  eV     1   --> A''            

 **************************************************************************

 **************************************************************************

                    xk=(   0.37654,   0.50251,   0.00000  )

     Band symmetry, C_s (m)     point group:

     e(  1 -  1) =    -61.25009  eV     1   --> A'             
     e(  2 -  2) =    -35.51854  eV     1   --> A'             
     e(  3 -  3) =    -35.40593  eV     1   --> A'             
     e(  4 -  4) =    -35.34714  eV     1   --> A''            
     e(  5 -  5) =    -12.32134  eV     1   --> A'             
     e(  6 -  6) =    -12.27668  eV     1   --> A''            
     e(  7 -  7) =     -5.63434  eV     1   --> A''            
     e(  8 -  8) =     -5.34064  eV     1   --> A'             
     e(  9 -  9) =     -4.24198  eV     1   --> A'             
     e( 10 - 10) =     -3.56129  eV     1   --> A'             
     e( 11 - 11) =     -3.42080  eV     1   --> A''            
     e( 12 - 12) =     -2.50707  eV     1   --> A''            
     e( 13 - 13) =     -0.51595  eV     1   --> A'             
     e( 14 - 14) =      1.55457  eV     1   --> A'             
     e( 15 - 15) =      2.62253  eV     1   --> A''            
     e( 16 - 16) =      2.90888  eV     1   --> A'             
     e( 17 - 17) =      4.27419  eV     1   --> A''            

 **************************************************************************

 **************************************************************************

                    xk=(   0.37037,   0.51320,   0.00000  )

     Band symmetry, C_s (m)     point group:

     e(  1 -  1) =    -61.24988  eV     1   --> A'             
     e(  2 -  2) =    -35.51288  eV     1   --> A'             
     e(  3 -  3) =    -35.41427  eV     1   --> A'             
     e(  4 -  4) =    -35.34672  eV     1   --> A''            
     e(  5 -  5) =    -12.30863  eV     1   --> A'             
     e(  6 -  6) =    -12.26908  eV     1   --> A''            
     e(  7 -  7) =     -5.65911  eV     1   --> A''            
     e(  8 -  8) =     -5.27143  eV     1   --> A'             
     e(  9 -  9) =     -4.25127  eV     1   --> A'             
     e( 10 - 10) =     -3.66223  eV     1   --> A'             
     e( 11 - 11) =     -3.39985  eV     1   --> A''            
     e( 12 - 12) =     -2.53338  eV     1   --> A''            
     e( 13 - 13) =     -0.48865  eV     1   --> A'             
     e( 14 - 14) =      1.51703  eV     1   --> A'             
     e( 15 - 15) =      2.59010  eV     1   --> A''            
     e( 16 - 16) =      2.94588  eV     1   --> A'             
     e( 17 - 17) =      4.31279  eV     1   --> A''            

 **************************************************************************

 **************************************************************************

                    xk=(   0.36420,   0.52389,   0.00000  )

     Band symmetry, C_s (m)     point group:

     e(  1 -  1) =    -61.24968  eV     1   --> A'             
     e(  2 -  2) =    -35.50723  eV     1   --> A'             
     e(  3 -  3) =    -35.42230  eV     1   --> A'             
     e(  4 -  4) =    -35.34634  eV     1   --> A''            
     e(  5 -  5) =    -12.29721  eV     1   --> A'             
     e(  6 -  6) =    -12.26231  eV     1   --> A''            
     e(  7 -  7) =     -5.68110  eV     1   --> A''            
     e(  8 -  8) =     -5.20275  eV     1   --> A'             
     e(  9 -  9) =     -4.27088  eV     1   --> A'             
     e( 10 - 10) =     -3.74676  eV     1   --> A'             
     e( 11 - 11) =     -3.37880  eV     1   --> A''            
     e( 12 - 12) =     -2.55937  eV     1   --> A''            
     e( 13 - 13) =     -0.46245  eV     1   --> A'             
     e( 14 - 14) =      1.48205  eV     1   --> A'             
     e( 15 - 15) =      2.56344  eV     1   --> A''            
     e( 16 - 16) =      2.97944  eV     1   --> A'             
     e( 17 - 17) =      4.34588  eV     1   --> A''            

 **************************************************************************

 **************************************************************************

                    xk=(   0.35802,   0.53458,   0.00000  )

     Band symmetry, C_s (m)     point group:

     e(  1 -  1) =    -61.24952  eV     1   --> A'             
     e(  2 -  2) =    -35.50171  eV     1   --> A'             
     e(  3 -  3) =    -35.42985  eV     1   --> A'             
     e(  4 -  4) =    -35.34602  eV     1   --> A''            
     e(  5 -  5) =    -12.28732  eV     1   --> A'             
     e(  6 -  6) =    -12.25651  eV     1   --> A''            
     e(  7 -  7) =     -5.69989  eV     1   --> A''            
     e(  8 -  8) =     -5.13624  eV     1   --> A'             
     e(  9 -  9) =     -4.30220  eV     1   --> A'             
     e( 10 - 10) =     -3.81153  eV     1   --> A'             
     e( 11 - 11) =     -3.35867  eV     1   --> A''            
     e( 12 - 12) =     -2.58393  eV     1   --> A''            
     e( 13 - 13) =     -0.43839  eV     1   --> A'             
     e( 14 - 14) =      1.45086  eV     1   --> A'             
     e( 15 - 15) =      2.54237  eV     1   --> A''            
     e( 16 - 16) =      3.00873  eV     1   --> A'             
     e( 17 - 17) =      4.37313  eV     1   --> A''            

 **************************************************************************

 **************************************************************************

                    xk=(   0.35185,   0.54528,   0.00000  )

     Band symmetry, C_s (m)     point group:

     e(  1 -  1) =    -61.24938  eV     1   --> A'             
     e(  2 -  2) =    -35.49654  eV     1   --> A'             
     e(  3 -  3) =    -35.43668  eV     1   --> A'             
     e(  4 -  4) =    -35.34576  eV     1   --> A''            
     e(  5 -  5) =    -12.27920  eV     1   --> A'             
     e(  6 -  6) =    -12.25181  eV     1   --> A''            
     e(  7 -  7) =     -5.71509  eV     1   --> A''            
     e(  8 -  8) =     -5.07458  eV     1   --> A'             
     e(  9 -  9) =     -4.34301  eV     1   --> A'             
     e( 10 - 10) =     -3.85583  eV     1   --> A'             
     e( 11 - 11) =     -3.34067  eV     1   --> A''            
     e( 12 - 12) =     -2.60568  eV     1   --> A''            
     e( 13 - 13) =     -0.41765  eV     1   --> A'             
     e( 14 - 14) =      1.42471  eV     1   --> A'             
     e( 15 - 15) =      2.52663  eV     1   --> A''            
     e( 16 - 16) =      3.03291  eV     1   --> A'             
     e( 17 - 17) =      4.39432  eV     1   --> A''            

 **************************************************************************

 **************************************************************************

                    xk=(   0.34568,   0.55597,   0.00000  )

     Band symmetry, C_s (m)     point group:

     e(  1 -  1) =    -61.24928  eV     1   --> A'             
     e(  2 -  2) =    -35.49208  eV     1   --> A'             
     e(  3 -  3) =    -35.44237  eV     1   --> A'             
     e(  4 -  4) =    -35.34556  eV     1   --> A''            
     e(  5 -  5) =    -12.27311  eV     1   --> A'             
     e(  6 -  6) =    -12.24832  eV     1   --> A''            
     e(  7 -  7) =     -5.72633  eV     1   --> A''            
     e(  8 -  8) =     -5.02213  eV     1   --> A'             
     e(  9 -  9) =     -4.38599  eV     1   --> A'             
     e( 10 - 10) =     -3.88233  eV     1   --> A'             
     e( 11 - 11) =     -3.32617  eV     1   --> A''            
     e( 12 - 12) =     -2.62310  eV     1   --> A''            
     e( 13 - 13) =     -0.40147  eV     1   --> A'             
     e( 14 - 14) =      1.40483  eV     1   --> A'             
     e( 15 - 15) =      2.51588  eV     1   --> A''            
     e( 16 - 16) =      3.05113  eV     1   --> A'             
     e( 17 - 17) =      4.40936  eV     1   --> A''            

 **************************************************************************

 **************************************************************************

                    xk=(   0.33951,   0.56666,   0.00000  )

     Band symmetry, C_s (m)     point group:

     e(  1 -  1) =    -61.24922  eV     1   --> A'             
     e(  2 -  2) =    -35.48892  eV     1   --> A'             
     e(  3 -  3) =    -35.44630  eV     1   --> A'             
     e(  4 -  4) =    -35.34544  eV     1   --> A''            
     e(  5 -  5) =    -12.26928  eV     1   --> A'             
     e(  6 -  6) =    -12.24615  eV     1   --> A''            
     e(  7 -  7) =     -5.73329  eV     1   --> A''            
     e(  8 -  8) =     -4.98548  eV     1   --> A'             
     e(  9 -  9) =     -4.41990  eV     1   --> A'             
     e( 10 - 10) =     -3.89544  eV     1   --> A'             
     e( 11 - 11) =     -3.31659  eV     1   --> A''            
     e( 12 - 12) =     -2.63457  eV     1   --> A''            
     e( 13 - 13) =     -0.39104  eV     1   --> A'             
     e( 14 - 14) =      1.39232  eV     1   --> A'             
     e( 15 - 15) =      2.50976  eV     1   --> A''            
     e( 16 - 16) =      3.06260  eV     1   --> A'             
     e( 17 - 17) =      4.41827  eV     1   --> A''            

 **************************************************************************

 **************************************************************************

                    xk=(   0.33333,   0.57735,   0.00000  )

     point group C_3h (-6)  
     there are  6 classes
     the character table:

       E     C3    C3^2  s_h   S3    S3^5 
A'     1.00  1.00  1.00  1.00  1.00  1.00
E'     1.00 -0.50 -0.50  1.00 -0.50 -0.50
E'*    1.00 -0.50 -0.50  1.00 -0.50 -0.50
A''    1.00  1.00  1.00 -1.00 -1.00 -1.00
E''    1.00 -0.50 -0.50 -1.00  0.50  0.50
E''*   1.00 -0.50 -0.50 -1.00  0.50  0.50
     imaginary part
A'     0.00  0.00  0.00  0.00  0.00  0.00
E'     0.00  0.87 -0.87  0.00  0.87 -0.87
E'*    0.00 -0.87  0.87  0.00 -0.87  0.87
A''    0.00  0.00  0.00  0.00  0.00  0.00
E''    0.00  0.87 -0.87  0.00 -0.87  0.87
E''*   0.00 -0.87  0.87  0.00  0.87 -0.87

     the symmetry operations in each class and the name of the first element:

     E        1
                                                                 
     C3       2
                                                                 
     C3^2     3
                                                                 
     s_h      4
                                                                 
     S3       6
                                                                 
     S3^5     5
                                                                 

     Band symmetry, C_3h (-6)   point group:

     e(  1 -  1) =    -61.24920  eV     1   --> A'             
     e(  2 -  2) =    -35.48777  eV     1   --> E'             
     e(  3 -  3) =    -35.44771  eV     1   --> E'*            
     e(  4 -  4) =    -35.34540  eV     1   --> A''            
     e(  5 -  5) =    -12.26796  eV     1   --> E'             
     e(  6 -  6) =    -12.24541  eV     1   --> E''            
     e(  7 -  7) =     -5.73567  eV     1   --> E''*           
     e(  8 -  8) =     -4.97211  eV     1   --> A'             
     e(  9 -  9) =     -4.43308  eV     1   --> E'*            
     e( 10 - 10) =     -3.89913  eV     1   --> E'             
     e( 11 - 11) =     -3.31319  eV     1   --> A''            
     e( 12 - 12) =     -2.63865  eV     1   --> E''            
     e( 13 - 13) =     -0.38738  eV     1   --> E'*            
     e( 14 - 14) =      1.38802  eV     1   --> A'             
     e( 15 - 15) =      2.50783  eV     1   --> E''*           
     e( 16 - 16) =      3.06657  eV     1   --> E'             
     e( 17 - 17) =      4.42118  eV     1   --> E''            

 **************************************************************************

 **************************************************************************

                    xk=(   0.32381,   0.56085,   0.00000  )

     point group C_s (m)    
     there are  2 classes
     the character table:

       E     s    
A'     1.00  1.00
A''    1.00 -1.00

     the symmetry operations in each class and the name of the first element:

     E        1
                                                                 
     s        2
                                                                 

     Band symmetry, C_s (m)     point group:

     e(  1 -  1) =    -61.24925  eV     1   --> A'             
     e(  2 -  2) =    -35.49022  eV     1   --> A'             
     e(  3 -  3) =    -35.44460  eV     1   --> A'             
     e(  4 -  4) =    -35.34550  eV     1   --> A''            
     e(  5 -  5) =    -12.27133  eV     1   --> A'             
     e(  6 -  6) =    -12.24726  eV     1   --> A''            
     e(  7 -  7) =     -5.72977  eV     1   --> A''            
     e(  8 -  8) =     -5.00196  eV     1   --> A'             
     e(  9 -  9) =     -4.40159  eV     1   --> A'             
     e( 10 - 10) =     -3.89229  eV     1   --> A'             
     e( 11 - 11) =     -3.32170  eV     1   --> A''            
     e( 12 - 12) =     -2.62834  eV     1   --> A''            
     e( 13 - 13) =     -0.39658  eV     1   --> A'             
     e( 14 - 14) =      1.39842  eV     1   --> A'             
     e( 15 - 15) =      2.51192  eV     1   --> A''            
     e( 16 - 16) =      3.05661  eV     1   --> A'             
     e( 17 - 17) =      4.41456  eV     1   --> A''            

 **************************************************************************

 **************************************************************************

                    xk=(   0.31429,   0.54436,   0.00000  )

     Band symmetry, C_s (m)     point group:

     e(  1 -  1) =    -61.24942  eV     1   --> A'             
     e(  2 -  2) =    -35.49565  eV     1   --> A'             
     e(  3 -  3) =    -35.43712  eV     1   --> A'             
     e(  4 -  4) =    -35.34583  eV     1   --> A''            
     e(  5 -  5) =    -12.28194  eV     1   --> A'             
     e(  6 -  6) =    -12.25296  eV     1   --> A''            
     e(  7 -  7) =     -5.71163  eV     1   --> A''            
     e(  8 -  8) =     -5.07245  eV     1   --> A'             
     e(  9 -  9) =     -4.32382  eV     1   --> A'             
     e( 10 - 10) =     -3.87393  eV     1   --> A'             
     e( 11 - 11) =     -3.34645  eV     1   --> A''            
     e( 12 - 12) =     -2.59773  eV     1   --> A''            
     e( 13 - 13) =     -0.42432  eV     1   --> A'             
     e( 14 - 14) =      1.42876  eV     1   --> A'             
     e( 15 - 15) =      2.52285  eV     1   --> A''            
     e( 16 - 16) =      3.02604  eV     1   --> A'             
     e( 17 - 17) =      4.39568  eV     1   --> A''            

 **************************************************************************

 **************************************************************************

                    xk=(   0.30476,   0.52786,   0.00000  )

     Band symmetry, C_s (m)     point group:

     e(  1 -  1) =    -61.24972  eV     1   --> A'             
     e(  2 -  2) =    -35.50164  eV     1   --> A'             
     e(  3 -  3) =    -35.42759  eV     1   --> A'             
     e(  4 -  4) =    -35.34641  eV     1   --> A''            
     e(  5 -  5) =    -12.30042  eV     1   --> A'             
     e(  6 -  6) =    -12.26269  eV     1   --> A''            
     e(  7 -  7) =     -5.68068  eV     1   --> A''            
     e(  8 -  8) =     -5.15609  eV     1   --> A'             
     e(  9 -  9) =     -4.22763  eV     1   --> A'             
     e( 10 - 10) =     -3.84360  eV     1   --> A'             
     e( 11 - 11) =     -3.38406  eV     1   --> A''            
     e( 12 - 12) =     -2.54954  eV     1   --> A''            
     e( 13 - 13) =     -0.46909  eV     1   --> A'             
     e( 14 - 14) =      1.47570  eV     1   --> A'             
     e( 15 - 15) =      2.53843  eV     1   --> A''            
     e( 16 - 16) =      2.97491  eV     1   --> A'             
     e( 17 - 17) =      4.36640  eV     1   --> A''            

 **************************************************************************

 **************************************************************************

                    xk=(   0.29524,   0.51137,   0.00000  )

     Band symmetry, C_s (m)     point group:

     e(  1 -  1) =    -61.25014  eV     1   --> A'             
     e(  2 -  2) =    -35.50701  eV     1   --> A'             
     e(  3 -  3) =    -35.41710  eV     1   --> A'             
     e(  4 -  4) =    -35.34724  eV     1   --> A''            
     e(  5 -  5) =    -12.32726  eV     1   --> A'             
     e(  6 -  6) =    -12.27655  eV     1   --> A''            
     e(  7 -  7) =     -5.63660  eV     1   --> A''            
     e(  8 -  8) =     -5.23743  eV     1   --> A'             
     e(  9 -  9) =     -4.13406  eV     1   --> A'             
     e( 10 - 10) =     -3.79602  eV     1   --> A'             
     e( 11 - 11) =     -3.42986  eV     1   --> A''            
     e( 12 - 12) =     -2.48788  eV     1   --> A''            
     e( 13 - 13) =     -0.52764  eV     1   --> A'             
     e( 14 - 14) =      1.53377  eV     1   --> A'             
     e( 15 - 15) =      2.55632  eV     1   --> A''            
     e( 16 - 16) =      2.90490  eV     1   --> A'             
     e( 17 - 17) =      4.32889  eV     1   --> A''            

 **************************************************************************

 **************************************************************************

                    xk=(   0.28571,   0.49487,   0.00000  )

     Band symmetry, C_s (m)     point group:

     e(  1 -  1) =    -61.25071  eV     1   --> A'             
     e(  2 -  2) =    -35.51120  eV     1   --> A'             
     e(  3 -  3) =    -35.40614  eV     1   --> A'             
     e(  4 -  4) =    -35.34834  eV     1   --> A''            
     e(  5 -  5) =    -12.36277  eV     1   --> A'             
     e(  6 -  6) =    -12.29452  eV     1   --> A''            
     e(  7 -  7) =     -5.57924  eV     1   --> A''            
     e(  8 -  8) =     -5.30924  eV     1   --> A'             
     e(  9 -  9) =     -4.05900  eV     1   --> A'             
     e( 10 - 10) =     -3.72332  eV     1   --> A'             
     e( 11 - 11) =     -3.47950  eV     1   --> A''            
     e( 12 - 12) =     -2.41661  eV     1   --> A''            
     e( 13 - 13) =     -0.59585  eV     1   --> A'             
     e( 14 - 14) =      1.59620  eV     1   --> A'             
     e( 15 - 15) =      2.57404  eV     1   --> A''            
     e( 16 - 16) =      2.81934  eV     1   --> A'             
     e( 17 - 17) =      4.28551  eV     1   --> A''            

 **************************************************************************

 **************************************************************************

                    xk=(   0.27619,   0.47838,   0.00000  )

     Band symmetry, C_s (m)     point group:

     e(  1 -  1) =    -61.25142  eV     1   --> A'             
     e(  2 -  2) =    -35.51394  eV     1   --> A'             
     e(  3 -  3) =    -35.39497  eV     1   --> A'             
     e(  4 -  4) =    -35.34972  eV     1   --> A''            
     e(  5 -  5) =    -12.40707  eV     1   --> A'             
     e(  6 -  6) =    -12.31652  eV     1   --> A''            
     e(  7 -  7) =     -5.50867  eV     1   --> A''            
     e(  8 -  8) =     -5.36810  eV     1   --> A'             
     e(  9 -  9) =     -4.00910  eV     1   --> A'             
     e( 10 - 10) =     -3.62354  eV     1   --> A'             
     e( 11 - 11) =     -3.52947  eV     1   --> A''            
     e( 12 - 12) =     -2.33886  eV     1   --> A''            
     e( 13 - 13) =     -0.66952  eV     1   --> A'             
     e( 14 - 14) =      1.65572  eV     1   --> A'             
     e( 15 - 15) =      2.58910  eV     1   --> A''            
     e( 16 - 16) =      2.72301  eV     1   --> A'             
     e( 17 - 17) =      4.23869  eV     1   --> A''            

 **************************************************************************

 **************************************************************************

                    xk=(   0.26667,   0.46188,   0.00000  )

     Band symmetry, C_s (m)     point group:

     e(  1 -  1) =    -61.25227  eV     1   --> A'             
     e(  2 -  2) =    -35.51505  eV     1   --> A'             
     e(  3 -  3) =    -35.38370  eV     1   --> A'             
     e(  4 -  4) =    -35.35137  eV     1   --> A''            
     e(  5 -  5) =    -12.46005  eV     1   --> A'             
     e(  6 -  6) =    -12.34237  eV     1   --> A''            
     e(  7 -  7) =     -5.42514  eV     1   --> A''            
     e(  8 -  8) =     -5.41241  eV     1   --> A'             
     e(  9 -  9) =     -3.98029  eV     1   --> A'             
     e( 10 - 10) =     -3.57708  eV     1   --> A''            
     e( 11 - 11) =     -3.50404  eV     1   --> A'             
     e( 12 - 12) =     -2.25706  eV     1   --> A''            
     e( 13 - 13) =     -0.74478  eV     1   --> A'             
     e( 14 - 14) =      1.70498  eV     1   --> A'             
     e( 15 - 15) =      2.59908  eV     1   --> A''            
     e( 16 - 16) =      2.62195  eV     1   --> A'             
     e( 17 - 17) =      4.19067  eV     1   --> A''            

 **************************************************************************

 **************************************************************************

                    xk=(   0.25714,   0.44538,   0.00000  )

     Band symmetry, C_s (m)     point group:

     e(  1 -  1) =    -61.25326  eV     1   --> A'             
     e(  2 -  2) =    -35.51445  eV     1   --> A'             
     e(  3 -  3) =    -35.37246  eV     1   --> A'             
     e(  4 -  4) =    -35.35331  eV     1   --> A''            
     e(  5 -  5) =    -12.52142  eV     1   --> A'             
     e(  6 -  6) =    -12.37185  eV     1   --> A''            
     e(  7 -  7) =     -5.44164  eV     1   --> A'             
     e(  8 -  8) =     -5.32905  eV     1   --> A''            
     e(  9 -  9) =     -3.96644  eV     1   --> A'             
     e( 10 - 10) =     -3.62025  eV     1   --> A''            
     e( 11 - 11) =     -3.37363  eV     1   --> A'             
     e( 12 - 12) =     -2.17312  eV     1   --> A''            
     e( 13 - 13) =     -0.81837  eV     1   --> A'             
     e( 14 - 14) =      1.73690  eV     1   --> A'             
     e( 15 - 15) =      2.52318  eV     1   --> A'             
     e( 16 - 16) =      2.60186  eV     1   --> A''            
     e( 17 - 17) =      4.14331  eV     1   --> A''            

 **************************************************************************

 **************************************************************************

                    xk=(   0.24762,   0.42889,   0.00000  )

     Band symmetry, C_s (m)     point group:

     e(  1 -  1) =    -61.25440  eV     1   --> A'             
     e(  2 -  2) =    -35.51206  eV     1   --> A'             
     e(  3 -  3) =    -35.36132  eV     1   --> A'             
     e(  4 -  4) =    -35.35553  eV     1   --> A''            
     e(  5 -  5) =    -12.59069  eV     1   --> A'             
     e(  6 -  6) =    -12.40466  eV     1   --> A''            
     e(  7 -  7) =     -5.45595  eV     1   --> A'             
     e(  8 -  8) =     -5.22102  eV     1   --> A''            
     e(  9 -  9) =     -3.96396  eV     1   --> A'             
     e( 10 - 10) =     -3.65736  eV     1   --> A''            
     e( 11 - 11) =     -3.23817  eV     1   --> A'             
     e( 12 - 12) =     -2.08860  eV     1   --> A''            
     e( 13 - 13) =     -0.88772  eV     1   --> A'             
     e( 14 - 14) =      1.74544  eV     1   --> A'             
     e( 15 - 15) =      2.43390  eV     1   --> A'             
     e( 16 - 16) =      2.59580  eV     1   --> A''            
     e( 17 - 17) =      4.09788  eV     1   --> A''            

 **************************************************************************

 **************************************************************************

                    xk=(   0.23810,   0.41239,   0.00000  )

     Band symmetry, C_s (m)     point group:

     e(  1 -  1) =    -61.25568  eV     1   --> A'             
     e(  2 -  2) =    -35.50789  eV     1   --> A'             
     e(  3 -  3) =    -35.35802  eV     1   --> A''            
     e(  4 -  4) =    -35.35032  eV     1   --> A'             
     e(  5 -  5) =    -12.66718  eV     1   --> A'             
     e(  6 -  6) =    -12.44045  eV     1   --> A''            
     e(  7 -  7) =     -5.45605  eV     1   --> A'             
     e(  8 -  8) =     -5.10180  eV     1   --> A''            
     e(  9 -  9) =     -3.97121  eV     1   --> A'             
     e( 10 - 10) =     -3.68707  eV     1   --> A''            
     e( 11 - 11) =     -3.10119  eV     1   --> A'             
     e( 12 - 12) =     -2.00480  eV     1   --> A''            
     e( 13 - 13) =     -0.95103  eV     1   --> A'             
     e( 14 - 14) =      1.72768  eV     1   --> A'             
     e( 15 - 15) =      2.35944  eV     1   --> A'             
     e( 16 - 16) =      2.58000  eV     1   --> A''            
     e( 17 - 17) =      4.05484  eV     1   --> A''            

 **************************************************************************

 **************************************************************************

                    xk=(   0.22857,   0.39590,   0.00000  )

     Band symmetry, C_s (m)     point group:

     e(  1 -  1) =    -61.25709  eV     1   --> A'             
     e(  2 -  2) =    -35.50193  eV     1   --> A'             
     e(  3 -  3) =    -35.36077  eV     1   --> A''            
     e(  4 -  4) =    -35.33953  eV     1   --> A'             
     e(  5 -  5) =    -12.75012  eV     1   --> A'             
     e(  6 -  6) =    -12.47884  eV     1   --> A''            
     e(  7 -  7) =     -5.44311  eV     1   --> A'             
     e(  8 -  8) =     -4.97236  eV     1   --> A''            
     e(  9 -  9) =     -3.98732  eV     1   --> A'             
     e( 10 - 10) =     -3.70822  eV     1   --> A''            
     e( 11 - 11) =     -2.96507  eV     1   --> A'             
     e( 12 - 12) =     -1.92288  eV     1   --> A''            
     e( 13 - 13) =     -1.00729  eV     1   --> A'             
     e( 14 - 14) =      1.68636  eV     1   --> A'             
     e( 15 - 15) =      2.30059  eV     1   --> A'             
     e( 16 - 16) =      2.55437  eV     1   --> A''            
     e( 17 - 17) =      4.01376  eV     1   --> A''            

 **************************************************************************

 **************************************************************************

                    xk=(   0.21905,   0.37940,   0.00000  )

     Band symmetry, C_s (m)     point group:

     e(  1 -  1) =    -61.25862  eV     1   --> A'             
     e(  2 -  2) =    -35.49424  eV     1   --> A'             
     e(  3 -  3) =    -35.36376  eV     1   --> A''            
     e(  4 -  4) =    -35.32900  eV     1   --> A'             
     e(  5 -  5) =    -12.83858  eV     1   --> A'             
     e(  6 -  6) =    -12.51944  eV     1   --> A''            
     e(  7 -  7) =     -5.41881  eV     1   --> A'             
     e(  8 -  8) =     -4.83388  eV     1   --> A''            
     e(  9 -  9) =     -4.01131  eV     1   --> A'             
     e( 10 - 10) =     -3.71976  eV     1   --> A''            
     e( 11 - 11) =     -2.83173  eV     1   --> A'             
     e( 12 - 12) =     -1.84387  eV     1   --> A''            
     e( 13 - 13) =     -1.05616  eV     1   --> A'             
     e( 14 - 14) =      1.62996  eV     1   --> A'             
     e( 15 - 15) =      2.25341  eV     1   --> A'             
     e( 16 - 16) =      2.51967  eV     1   --> A''            
     e( 17 - 17) =      3.97345  eV     1   --> A''            

 **************************************************************************

 **************************************************************************

                    xk=(   0.20952,   0.36291,   0.00000  )

     Band symmetry, C_s (m)     point group:

     e(  1 -  1) =    -61.26028  eV     1   --> A'             
     e(  2 -  2) =    -35.48488  eV     1   --> A'             
     e(  3 -  3) =    -35.36698  eV     1   --> A''            
     e(  4 -  4) =    -35.31875  eV     1   --> A'             
     e(  5 -  5) =    -12.93160  eV     1   --> A'             
     e(  6 -  6) =    -12.56182  eV     1   --> A''            
     e(  7 -  7) =     -5.38536  eV     1   --> A'             
     e(  8 -  8) =     -4.68784  eV     1   --> A''            
     e(  9 -  9) =     -4.04165  eV     1   --> A'             
     e( 10 - 10) =     -3.72060  eV     1   --> A''            
     e( 11 - 11) =     -2.70310  eV     1   --> A'             
     e( 12 - 12) =     -1.76866  eV     1   --> A''            
     e( 13 - 13) =     -1.09780  eV     1   --> A'             
     e( 14 - 14) =      1.56906  eV     1   --> A'             
     e( 15 - 15) =      2.21251  eV     1   --> A'             
     e( 16 - 16) =      2.47732  eV     1   --> A''            
     e( 17 - 17) =      3.93212  eV     1   --> A''            

 **************************************************************************

 **************************************************************************

                    xk=(   0.20000,   0.34641,   0.00000  )

     Band symmetry, C_s (m)     point group:

     e(  1 -  1) =    -61.26203  eV     1   --> A'             
     e(  2 -  2) =    -35.47394  eV     1   --> A'             
     e(  3 -  3) =    -35.37041  eV     1   --> A''            
     e(  4 -  4) =    -35.30884  eV     1   --> A'             
     e(  5 -  5) =    -13.02817  eV     1   --> A'             
     e(  6 -  6) =    -12.60558  eV     1   --> A''            
     e(  7 -  7) =     -5.34567  eV     1   --> A'             
     e(  8 -  8) =     -4.53615  eV     1   --> A''            
     e(  9 -  9) =     -4.07586  eV     1   --> A'             
     e( 10 - 10) =     -3.70948  eV     1   --> A''            
     e( 11 - 11) =     -2.58149  eV     1   --> A'             
     e( 12 - 12) =     -1.69809  eV     1   --> A''            
     e( 13 - 13) =     -1.13239  eV     1   --> A'             
     e( 14 - 14) =      1.51295  eV     1   --> A'             
     e( 15 - 15) =      2.17406  eV     1   --> A'             
     e( 16 - 16) =      2.42923  eV     1   --> A''            
     e( 17 - 17) =      3.88777  eV     1   --> A''            

 **************************************************************************

 **************************************************************************

                    xk=(   0.19048,   0.32991,   0.00000  )

     Band symmetry, C_s (m)     point group:

     e(  1 -  1) =    -61.26388  eV     1   --> A'             
     e(  2 -  2) =    -35.46155  eV     1   --> A'             
     e(  3 -  3) =    -35.37400  eV     1   --> A''            
     e(  4 -  4) =    -35.29927  eV     1   --> A'             
     e(  5 -  5) =    -13.12727  eV     1   --> A'             
     e(  6 -  6) =    -12.65029  eV     1   --> A''            
     e(  7 -  7) =     -5.30356  eV     1   --> A'             
     e(  8 -  8) =     -4.38138  eV     1   --> A''            
     e(  9 -  9) =     -4.11026  eV     1   --> A'             
     e( 10 - 10) =     -3.68470  eV     1   --> A''            
     e( 11 - 11) =     -2.46991  eV     1   --> A'             
     e( 12 - 12) =     -1.63286  eV     1   --> A''            
     e( 13 - 13) =     -1.15954  eV     1   --> A'             
     e( 14 - 14) =      1.46827  eV     1   --> A'             
     e( 15 - 15) =      2.13664  eV     1   --> A'             
     e( 16 - 16) =      2.37749  eV     1   --> A''            
     e( 17 - 17) =      3.83851  eV     1   --> A''            

 **************************************************************************

 **************************************************************************

                    xk=(   0.18095,   0.31342,   0.00000  )

     Band symmetry, C_s (m)     point group:

     e(  1 -  1) =    -61.26580  eV     1   --> A'             
     e(  2 -  2) =    -35.44783  eV     1   --> A'             
     e(  3 -  3) =    -35.37775  eV     1   --> A''            
     e(  4 -  4) =    -35.29009  eV     1   --> A'             
     e(  5 -  5) =    -13.22791  eV     1   --> A'             
     e(  6 -  6) =    -12.69554  eV     1   --> A''            
     e(  7 -  7) =     -5.26392  eV     1   --> A'             
     e(  8 -  8) =     -4.22717  eV     1   --> A''            
     e(  9 -  9) =     -4.13980  eV     1   --> A'             
     e( 10 - 10) =     -3.64374  eV     1   --> A''            
     e( 11 - 11) =     -2.37237  eV     1   --> A'             
     e( 12 - 12) =     -1.57360  eV     1   --> A''            
     e( 13 - 13) =     -1.17770  eV     1   --> A'             
     e( 14 - 14) =      1.43906  eV     1   --> A'             
     e( 15 - 15) =      2.10071  eV     1   --> A'             
     e( 16 - 16) =      2.32425  eV     1   --> A''            
     e( 17 - 17) =      3.78279  eV     1   --> A''            

 **************************************************************************

 **************************************************************************

                    xk=(   0.17143,   0.29692,   0.00000  )

     Band symmetry, C_s (m)     point group:

     e(  1 -  1) =    -61.26779  eV     1   --> A'             
     e(  2 -  2) =    -35.43296  eV     1   --> A'             
     e(  3 -  3) =    -35.38162  eV     1   --> A''            
     e(  4 -  4) =    -35.28131  eV     1   --> A'             
     e(  5 -  5) =    -13.32911  eV     1   --> A'             
     e(  6 -  6) =    -12.74093  eV     1   --> A''            
     e(  7 -  7) =     -5.23264  eV     1   --> A'             
     e(  8 -  8) =     -4.15824  eV     1   --> A'             
     e(  9 -  9) =     -4.07854  eV     1   --> A''            
     e( 10 - 10) =     -3.58288  eV     1   --> A''            
     e( 11 - 11) =     -2.29386  eV     1   --> A'             
     e( 12 - 12) =     -1.52084  eV     1   --> A''            
     e( 13 - 13) =     -1.18389  eV     1   --> A'             
     e( 14 - 14) =      1.42712  eV     1   --> A'             
     e( 15 - 15) =      2.06792  eV     1   --> A'             
     e( 16 - 16) =      2.27155  eV     1   --> A''            
     e( 17 - 17) =      3.71957  eV     1   --> A''            

 **************************************************************************

 **************************************************************************

                    xk=(   0.16190,   0.28043,   0.00000  )

     Band symmetry, C_s (m)     point group:

     e(  1 -  1) =    -61.26981  eV     1   --> A'             
     e(  2 -  2) =    -35.41712  eV     1   --> A'             
     e(  3 -  3) =    -35.38557  eV     1   --> A''            
     e(  4 -  4) =    -35.27295  eV     1   --> A'             
     e(  5 -  5) =    -13.42995  eV     1   --> A'             
     e(  6 -  6) =    -12.78609  eV     1   --> A''            
     e(  7 -  7) =     -5.21586  eV     1   --> A'             
     e(  8 -  8) =     -4.15900  eV     1   --> A'             
     e(  9 -  9) =     -3.94146  eV     1   --> A''            
     e( 10 - 10) =     -3.49772  eV     1   --> A''            
     e( 11 - 11) =     -2.23946  eV     1   --> A'             
     e( 12 - 12) =     -1.47501  eV     1   --> A''            
     e( 13 - 13) =     -1.17439  eV     1   --> A'             
     e( 14 - 14) =      1.43235  eV     1   --> A'             
     e( 15 - 15) =      2.04063  eV     1   --> A'             
     e( 16 - 16) =      2.22133  eV     1   --> A''            
     e( 17 - 17) =      3.64840  eV     1   --> A''            

 **************************************************************************

 **************************************************************************

                    xk=(   0.15238,   0.26393,   0.00000  )

     Band symmetry, C_s (m)     point group:

     e(  1 -  1) =    -61.27186  eV     1   --> A'             
     e(  2 -  2) =    -35.40048  eV     1   --> A'             
     e(  3 -  3) =    -35.38957  eV     1   --> A''            
     e(  4 -  4) =    -35.26504  eV     1   --> A'             
     e(  5 -  5) =    -13.52954  eV     1   --> A'             
     e(  6 -  6) =    -12.83065  eV     1   --> A''            
     e(  7 -  7) =     -5.21822  eV     1   --> A'             
     e(  8 -  8) =     -4.13698  eV     1   --> A'             
     e(  9 -  9) =     -3.81999  eV     1   --> A''            
     e( 10 - 10) =     -3.38596  eV     1   --> A''            
     e( 11 - 11) =     -2.21258  eV     1   --> A'             
     e( 12 - 12) =     -1.43644  eV     1   --> A''            
     e( 13 - 13) =     -1.14660  eV     1   --> A'             
     e( 14 - 14) =      1.45323  eV     1   --> A'             
     e( 15 - 15) =      2.02144  eV     1   --> A'             
     e( 16 - 16) =      2.17532  eV     1   --> A''            
     e( 17 - 17) =      3.56938  eV     1   --> A''            

 **************************************************************************

 **************************************************************************

                    xk=(   0.14286,   0.24744,   0.00000  )

     Band symmetry, C_s (m)     point group:

     e(  1 -  1) =    -61.27392  eV     1   --> A'             
     e(  2 -  2) =    -35.39358  eV     1   --> A''            
     e(  3 -  3) =    -35.38327  eV     1   --> A'             
     e(  4 -  4) =    -35.25758  eV     1   --> A'             
     e(  5 -  5) =    -13.62707  eV     1   --> A'             
     e(  6 -  6) =    -12.87425  eV     1   --> A''            
     e(  7 -  7) =     -5.24112  eV     1   --> A'             
     e(  8 -  8) =     -4.09040  eV     1   --> A'             
     e(  9 -  9) =     -3.71272  eV     1   --> A''            
     e( 10 - 10) =     -3.25104  eV     1   --> A''            
     e( 11 - 11) =     -2.21308  eV     1   --> A'             
     e( 12 - 12) =     -1.40542  eV     1   --> A''            
     e( 13 - 13) =     -1.10098  eV     1   --> A'             
     e( 14 - 14) =      1.48737  eV     1   --> A'             
     e( 15 - 15) =      2.01290  eV     1   --> A'             
     e( 16 - 16) =      2.13512  eV     1   --> A''            
     e( 17 - 17) =      3.48311  eV     1   --> A''            

 **************************************************************************

 **************************************************************************

                    xk=(   0.13333,   0.23094,   0.00000  )

     Band symmetry, C_s (m)     point group:

     e(  1 -  1) =    -61.27597  eV     1   --> A'             
     e(  2 -  2) =    -35.39756  eV     1   --> A''            
     e(  3 -  3) =    -35.36569  eV     1   --> A'             
     e(  4 -  4) =    -35.25058  eV     1   --> A'             
     e(  5 -  5) =    -13.72177  eV     1   --> A'             
     e(  6 -  6) =    -12.91658  eV     1   --> A''            
     e(  7 -  7) =     -5.28241  eV     1   --> A'             
     e(  8 -  8) =     -4.02115  eV     1   --> A'             
     e(  9 -  9) =     -3.61394  eV     1   --> A''            
     e( 10 - 10) =     -3.10089  eV     1   --> A''            
     e( 11 - 11) =     -2.23712  eV     1   --> A'             
     e( 12 - 12) =     -1.38212  eV     1   --> A''            
     e( 13 - 13) =     -1.04148  eV     1   --> A'             
     e( 14 - 14) =      1.53218  eV     1   --> A'             
     e( 15 - 15) =      2.01707  eV     1   --> A'             
     e( 16 - 16) =      2.10213  eV     1   --> A''            
     e( 17 - 17) =      3.39060  eV     1   --> A''            

 **************************************************************************

 **************************************************************************

                    xk=(   0.12381,   0.21444,   0.00000  )

     Band symmetry, C_s (m)     point group:

     e(  1 -  1) =    -61.27798  eV     1   --> A'             
     e(  2 -  2) =    -35.40148  eV     1   --> A''            
     e(  3 -  3) =    -35.34798  eV     1   --> A'             
     e(  4 -  4) =    -35.24405  eV     1   --> A'             
     e(  5 -  5) =    -13.81293  eV     1   --> A'             
     e(  6 -  6) =    -12.95732  eV     1   --> A''            
     e(  7 -  7) =     -5.33783  eV     1   --> A'             
     e(  8 -  8) =     -3.93344  eV     1   --> A'             
     e(  9 -  9) =     -3.51797  eV     1   --> A''            
     e( 10 - 10) =     -2.94364  eV     1   --> A''            
     e( 11 - 11) =     -2.27889  eV     1   --> A'             
     e( 12 - 12) =     -1.36670  eV     1   --> A''            
     e( 13 - 13) =     -0.97388  eV     1   --> A'             
     e( 14 - 14) =      1.58556  eV     1   --> A'             
     e( 15 - 15) =      2.03496  eV     1   --> A'             
     e( 16 - 16) =      2.07761  eV     1   --> A''            
     e( 17 - 17) =      3.29320  eV     1   --> A''            

 **************************************************************************

 **************************************************************************

                    xk=(   0.11429,   0.19795,   0.00000  )

     Band symmetry, C_s (m)     point group:

     e(  1 -  1) =    -61.27993  eV     1   --> A'             
     e(  2 -  2) =    -35.40529  eV     1   --> A''            
     e(  3 -  3) =    -35.33036  eV     1   --> A'             
     e(  4 -  4) =    -35.23801  eV     1   --> A'             
     e(  5 -  5) =    -13.89990  eV     1   --> A'             
     e(  6 -  6) =    -12.99619  eV     1   --> A''            
     e(  7 -  7) =     -5.40265  eV     1   --> A'             
     e(  8 -  8) =     -3.83209  eV     1   --> A'             
     e(  9 -  9) =     -3.42115  eV     1   --> A''            
     e( 10 - 10) =     -2.78558  eV     1   --> A''            
     e( 11 - 11) =     -2.33247  eV     1   --> A'             
     e( 12 - 12) =     -1.35927  eV     1   --> A''            
     e( 13 - 13) =     -0.90401  eV     1   --> A'             
     e( 14 - 14) =      1.64640  eV     1   --> A'             
     e( 15 - 15) =      2.06260  eV     1   --> A''            
     e( 16 - 16) =      2.06618  eV     1   --> A'             
     e( 17 - 17) =      3.19247  eV     1   --> A''            

 **************************************************************************

 **************************************************************************

                    xk=(   0.10476,   0.18145,   0.00000  )

     Band symmetry, C_s (m)     point group:

     e(  1 -  1) =    -61.28182  eV     1   --> A'             
     e(  2 -  2) =    -35.40896  eV     1   --> A''            
     e(  3 -  3) =    -35.31308  eV     1   --> A'             
     e(  4 -  4) =    -35.23245  eV     1   --> A'             
     e(  5 -  5) =    -13.98208  eV     1   --> A'             
     e(  6 -  6) =    -13.03293  eV     1   --> A''            
     e(  7 -  7) =     -5.47267  eV     1   --> A'             
     e(  8 -  8) =     -3.72167  eV     1   --> A'             
     e(  9 -  9) =     -3.32160  eV     1   --> A''            
     e( 10 - 10) =     -2.63134  eV     1   --> A''            
     e( 11 - 11) =     -2.39279  eV     1   --> A'             
     e( 12 - 12) =     -1.35993  eV     1   --> A''            
     e( 13 - 13) =     -0.83666  eV     1   --> A'             
     e( 14 - 14) =      1.71459  eV     1   --> A'             
     e( 15 - 15) =      2.05786  eV     1   --> A''            
     e( 16 - 16) =      2.10881  eV     1   --> A'             
     e( 17 - 17) =      3.09017  eV     1   --> A''            

 **************************************************************************

 **************************************************************************

                    xk=(   0.09524,   0.16496,   0.00000  )

     Band symmetry, C_s (m)     point group:

     e(  1 -  1) =    -61.28361  eV     1   --> A'             
     e(  2 -  2) =    -35.41245  eV     1   --> A''            
     e(  3 -  3) =    -35.29636  eV     1   --> A'             
     e(  4 -  4) =    -35.22737  eV     1   --> A'             
     e(  5 -  5) =    -14.05893  eV     1   --> A'             
     e(  6 -  6) =    -13.06728  eV     1   --> A''            
     e(  7 -  7) =     -5.54447  eV     1   --> A'             
     e(  8 -  8) =     -3.60618  eV     1   --> A'             
     e(  9 -  9) =     -3.21863  eV     1   --> A''            
     e( 10 - 10) =     -2.48443  eV     1   --> A''            
     e( 11 - 11) =     -2.45588  eV     1   --> A'             
     e( 12 - 12) =     -1.36876  eV     1   --> A''            
     e( 13 - 13) =     -0.77523  eV     1   --> A'             
     e( 14 - 14) =      1.79054  eV     1   --> A'             
     e( 15 - 15) =      2.06381  eV     1   --> A''            
     e( 16 - 16) =      2.15978  eV     1   --> A'             
     e( 17 - 17) =      2.98817  eV     1   --> A''            

 **************************************************************************

 **************************************************************************

                    xk=(   0.08571,   0.14846,   0.00000  )

     Band symmetry, C_s (m)     point group:

     e(  1 -  1) =    -61.28530  eV     1   --> A'             
     e(  2 -  2) =    -35.41573  eV     1   --> A''            
     e(  3 -  3) =    -35.28043  eV     1   --> A'             
     e(  4 -  4) =    -35.22279  eV     1   --> A'             
     e(  5 -  5) =    -14.12995  eV     1   --> A'             
     e(  6 -  6) =    -13.09903  eV     1   --> A''            
     e(  7 -  7) =     -5.61535  eV     1   --> A'             
     e(  8 -  8) =     -3.48916  eV     1   --> A'             
     e(  9 -  9) =     -3.11231  eV     1   --> A''            
     e( 10 - 10) =     -2.51872  eV     1   --> A'             
     e( 11 - 11) =     -2.34759  eV     1   --> A''            
     e( 12 - 12) =     -1.38584  eV     1   --> A''            
     e( 13 - 13) =     -0.72177  eV     1   --> A'             
     e( 14 - 14) =      1.87443  eV     1   --> A'             
     e( 15 - 15) =      2.08038  eV     1   --> A''            
     e( 16 - 16) =      2.21562  eV     1   --> A'             
     e( 17 - 17) =      2.88838  eV     1   --> A''            

 **************************************************************************

 **************************************************************************

                    xk=(   0.07619,   0.13197,   0.00000  )

     Band symmetry, C_s (m)     point group:

     e(  1 -  1) =    -61.28686  eV     1   --> A'             
     e(  2 -  2) =    -35.41877  eV     1   --> A''            
     e(  3 -  3) =    -35.26551  eV     1   --> A'             
     e(  4 -  4) =    -35.21869  eV     1   --> A'             
     e(  5 -  5) =    -14.19470  eV     1   --> A'             
     e(  6 -  6) =    -13.12798  eV     1   --> A''            
     e(  7 -  7) =     -5.68319  eV     1   --> A'             
     e(  8 -  8) =     -3.37380  eV     1   --> A'             
     e(  9 -  9) =     -3.00318  eV     1   --> A''            
     e( 10 - 10) =     -2.57904  eV     1   --> A'             
     e( 11 - 11) =     -2.22296  eV     1   --> A''            
     e( 12 - 12) =     -1.41117  eV     1   --> A''            
     e( 13 - 13) =     -0.67714  eV     1   --> A'             
     e( 14 - 14) =      1.96554  eV     1   --> A'             
     e( 15 - 15) =      2.10693  eV     1   --> A''            
     e( 16 - 16) =      2.27296  eV     1   --> A'             
     e( 17 - 17) =      2.79274  eV     1   --> A''            

 **************************************************************************

 **************************************************************************

                    xk=(   0.06667,   0.11547,   0.00000  )

     Band symmetry, C_s (m)     point group:

     e(  1 -  1) =    -61.28828  eV     1   --> A'             
     e(  2 -  2) =    -35.42152  eV     1   --> A''            
     e(  3 -  3) =    -35.25180  eV     1   --> A'             
     e(  4 -  4) =    -35.21507  eV     1   --> A'             
     e(  5 -  5) =    -14.25276  eV     1   --> A'             
     e(  6 -  6) =    -13.15395  eV     1   --> A''            
     e(  7 -  7) =     -5.74631  eV     1   --> A'             
     e(  8 -  8) =     -3.26309  eV     1   --> A'             
     e(  9 -  9) =     -2.89220  eV     1   --> A''            
     e( 10 - 10) =     -2.63514  eV     1   --> A'             
     e( 11 - 11) =     -2.11210  eV     1   --> A''            
     e( 12 - 12) =     -1.44466  eV     1   --> A''            
     e( 13 - 13) =     -0.64127  eV     1   --> A'             
     e( 14 - 14) =      2.06200  eV     1   --> A'             
     e( 15 - 15) =      2.14205  eV     1   --> A''            
     e( 16 - 16) =      2.32889  eV     1   --> A'             
     e( 17 - 17) =      2.70315  eV     1   --> A''            

 **************************************************************************

 **************************************************************************

                    xk=(   0.05714,   0.09897,   0.00000  )

     Band symmetry, C_s (m)     point group:

     e(  1 -  1) =    -61.28953  eV     1   --> A'             
     e(  2 -  2) =    -35.42397  eV     1   --> A''            
     e(  3 -  3) =    -35.23950  eV     1   --> A'             
     e(  4 -  4) =    -35.21195  eV     1   --> A'             
     e(  5 -  5) =    -14.30380  eV     1   --> A'             
     e(  6 -  6) =    -13.17677  eV     1   --> A''            
     e(  7 -  7) =     -5.80337  eV     1   --> A'             
     e(  8 -  8) =     -3.15989  eV     1   --> A'             
     e(  9 -  9) =     -2.78074  eV     1   --> A''            
     e( 10 - 10) =     -2.68573  eV     1   --> A'             
     e( 11 - 11) =     -2.01604  eV     1   --> A''            
     e( 12 - 12) =     -1.48597  eV     1   --> A''            
     e( 13 - 13) =     -0.61346  eV     1   --> A'             
     e( 14 - 14) =      2.16077  eV     1   --> A'             
     e( 15 - 15) =      2.18355  eV     1   --> A''            
     e( 16 - 16) =      2.38107  eV     1   --> A'             
     e( 17 - 17) =      2.62141  eV     1   --> A''            

 **************************************************************************

 **************************************************************************

                    xk=(   0.04762,   0.08248,   0.00000  )

     Band symmetry, C_s (m)     point group:

     e(  1 -  1) =    -61.29062  eV     1   --> A'             
     e(  2 -  2) =    -35.42609  eV     1   --> A''            
     e(  3 -  3) =    -35.22878  eV     1   --> A'             
     e(  4 -  4) =    -35.20930  eV     1   --> A'             
     e(  5 -  5) =    -14.34750  eV     1   --> A'             
     e(  6 -  6) =    -13.19632  eV     1   --> A''            
     e(  7 -  7) =     -5.85329  eV     1   --> A'             
     e(  8 -  8) =     -3.06691  eV     1   --> A'             
     e(  9 -  9) =     -2.72984  eV     1   --> A'             
     e( 10 - 10) =     -2.67064  eV     1   --> A''            
     e( 11 - 11) =     -1.93529  eV     1   --> A''            
     e( 12 - 12) =     -1.53435  eV     1   --> A''            
     e( 13 - 13) =     -0.59265  eV     1   --> A'             
     e( 14 - 14) =      2.22846  eV     1   --> A''            
     e( 15 - 15) =      2.25783  eV     1   --> A'             
     e( 16 - 16) =      2.42768  eV     1   --> A'             
     e( 17 - 17) =      2.54918  eV     1   --> A''            

 **************************************************************************

 **************************************************************************

                    xk=(   0.03810,   0.06598,   0.00000  )

     Band symmetry, C_s (m)     point group:

     e(  1 -  1) =    -61.29153  eV     1   --> A'             
     e(  2 -  2) =    -35.42785  eV     1   --> A''            
     e(  3 -  3) =    -35.21979  eV     1   --> A'             
     e(  4 -  4) =    -35.20714  eV     1   --> A'             
     e(  5 -  5) =    -14.38361  eV     1   --> A'             
     e(  6 -  6) =    -13.21247  eV     1   --> A''            
     e(  7 -  7) =     -5.89522  eV     1   --> A'             
     e(  8 -  8) =     -2.98670  eV     1   --> A'             
     e(  9 -  9) =     -2.76676  eV     1   --> A'             
     e( 10 - 10) =     -2.56450  eV     1   --> A''            
     e( 11 - 11) =     -1.86993  eV     1   --> A''            
     e( 12 - 12) =     -1.58828  eV     1   --> A''            
     e( 13 - 13) =     -0.57763  eV     1   --> A'             
     e( 14 - 14) =      2.27316  eV     1   --> A''            
     e( 15 - 15) =      2.34835  eV     1   --> A'             
     e( 16 - 16) =      2.46734  eV     1   --> A'             
     e( 17 - 17) =      2.48796  eV     1   --> A''            

 **************************************************************************

 **************************************************************************

                    xk=(   0.02857,   0.04949,   0.00000  )

     Band symmetry, C_s (m)     point group:

     e(  1 -  1) =    -61.29225  eV     1   --> A'             
     e(  2 -  2) =    -35.42924  eV     1   --> A''            
     e(  3 -  3) =    -35.21266  eV     1   --> A'             
     e(  4 -  4) =    -35.20547  eV     1   --> A'             
     e(  5 -  5) =    -14.41192  eV     1   --> A'             
     e(  6 -  6) =    -13.22513  eV     1   --> A''            
     e(  7 -  7) =     -5.92850  eV     1   --> A'             
     e(  8 -  8) =     -2.92158  eV     1   --> A'             
     e(  9 -  9) =     -2.79597  eV     1   --> A'             
     e( 10 - 10) =     -2.46620  eV     1   --> A''            
     e( 11 - 11) =     -1.81973  eV     1   --> A''            
     e( 12 - 12) =     -1.64486  eV     1   --> A''            
     e( 13 - 13) =     -0.56727  eV     1   --> A'             
     e( 14 - 14) =      2.31367  eV     1   --> A''            
     e( 15 - 15) =      2.42699  eV     1   --> A'             
     e( 16 - 16) =      2.43900  eV     1   --> A''            
     e( 17 - 17) =      2.49907  eV     1   --> A'             

 **************************************************************************

 **************************************************************************

                    xk=(   0.01905,   0.03299,   0.00000  )

     Band symmetry, C_s (m)     point group:

     e(  1 -  1) =    -61.29276  eV     1   --> A'             
     e(  2 -  2) =    -35.43025  eV     1   --> A''            
     e(  3 -  3) =    -35.20749  eV     1   --> A'             
     e(  4 -  4) =    -35.20427  eV     1   --> A'             
     e(  5 -  5) =    -14.43226  eV     1   --> A'             
     e(  6 -  6) =    -13.23422  eV     1   --> A''            
     e(  7 -  7) =     -5.95261  eV     1   --> A'             
     e(  8 -  8) =     -2.87352  eV     1   --> A'             
     e(  9 -  9) =     -2.81707  eV     1   --> A'             
     e( 10 - 10) =     -2.38198  eV     1   --> A''            
     e( 11 - 11) =     -1.78431  eV     1   --> A''            
     e( 12 - 12) =     -1.69866  eV     1   --> A''            
     e( 13 - 13) =     -0.56061  eV     1   --> A'             
     e( 14 - 14) =      2.34608  eV     1   --> A''            
     e( 15 - 15) =      2.40330  eV     1   --> A''            
     e( 16 - 16) =      2.48831  eV     1   --> A'             
     e( 17 - 17) =      2.52217  eV     1   --> A'             

 **************************************************************************

 **************************************************************************

                    xk=(   0.00952,   0.01650,   0.00000  )

     Band symmetry, C_s (m)     point group:

     e(  1 -  1) =    -61.29308  eV     1   --> A'             
     e(  2 -  2) =    -35.43086  eV     1   --> A''            
     e(  3 -  3) =    -35.20436  eV     1   --> A'             
     e(  4 -  4) =    -35.20355  eV     1   --> A'             
     e(  5 -  5) =    -14.44451  eV     1   --> A'             
     e(  6 -  6) =    -13.23970  eV     1   --> A''            
     e(  7 -  7) =     -5.96722  eV     1   --> A'             
     e(  8 -  8) =     -2.84404  eV     1   --> A'             
     e(  9 -  9) =     -2.82983  eV     1   --> A'             
     e( 10 - 10) =     -2.32204  eV     1   --> A''            
     e( 11 - 11) =     -1.76326  eV     1   --> A''            
     e( 12 - 12) =     -1.74010  eV     1   --> A''            
     e( 13 - 13) =     -0.55691  eV     1   --> A'             
     e( 14 - 14) =      2.36704  eV     1   --> A''            
     e( 15 - 15) =      2.38158  eV     1   --> A''            
     e( 16 - 16) =      2.52744  eV     1   --> A'             
     e( 17 - 17) =      2.53620  eV     1   --> A'             

 **************************************************************************

 **************************************************************************

                    xk=(   0.00000,   0.00000,   0.00000  )

     point group D_3h (-62m)
     there are  6 classes
     the character table:

       E     2C3   3C2   s_h   2S3   3s_v 
A'_1   1.00  1.00  1.00  1.00  1.00  1.00
A'_2   1.00  1.00 -1.00  1.00  1.00 -1.00
E'     2.00 -1.00  0.00  2.00 -1.00  0.00
A''1   1.00  1.00  1.00 -1.00 -1.00 -1.00
A''2   1.00  1.00 -1.00 -1.00 -1.00  1.00
E''    2.00 -1.00  0.00 -2.00  1.00  0.00

     the symmetry operations in each class and the name of the first element:

     E        1
                                                                 
     2C3      3    4
                                                                 
     3C2      2    6    5
                                                                 
     s_h      7
                                                                 
     2S3      9   10
                                                                 
     3s_v     8   11   12
                                                                 

     Band symmetry, D_3h (-62m) point group:

     e(  1 -  1) =    -61.29318  eV     1   --> A'_1           
     e(  2 -  2) =    -35.43106  eV     1   --> A''2           
     e(  3 -  4) =    -35.20331  eV     2   --> E'             
     e(  5 -  5) =    -14.44860  eV     1   --> A'_1           
     e(  6 -  6) =    -13.24153  eV     1   --> A''2           
     e(  7 -  7) =     -5.97211  eV     1   --> A'_1           
     e(  8 -  9) =     -2.83410  eV     2   --> E'             
     e( 10 - 10) =     -2.29966  eV     1   --> A''2           
     e( 11 - 12) =     -1.75627  eV     2   --> E''            
     e( 13 - 13) =     -0.55573  eV     1   --> A'_1           
     e( 14 - 15) =      2.37430  eV     2   --> E''            
     e( 16 - 17) =      2.54091  eV     2   --> E'             

 **************************************************************************
 
     BANDS        :      7.87s CPU      9.42s WALL

 
   This run was terminated on:  11:33:15  22Jul2025            

=------------------------------------------------------------------------------=
   JOB DONE.
=------------------------------------------------------------------------------=
