
     Program BANDS v.7.2 starts on 22Jul2025 at 12:27:39 

     This program is part of the open-source Quantum ESPRESSO suite
     for quantum simulation of materials; please cite
         "P. Giannozzi et al., J. Phys.:Condens. Matter 21 395502 (2009);
         "P. Giannozzi et al., J. Phys.:Condens. Matter 29 465901 (2017);
         "P. Giannozzi et al., J. Chem. Phys. 152 154105 (2020);
          URL http://www.quantum-espresso.org", 
     in publications or presentations arising from this work. More details at
     http://www.quantum-espresso.org/quote

     Parallel version (MPI), running on    16 processors

     MPI processes distributed on     1 nodes
     R & G space division:  proc/nbgrp/npool/nimage =      16
     11968 MiB available memory on the printing compute node when the environment starts
 

     Reading xml data from directory:

     ./tmp/pwscf.save/
     file Mo.rel-pbe-spn-kjpaw_psl.1.0.0.UPF: wavefunction(s)  4S 4P 4D renormalized
     file S.rel-pbe-n-kjpaw_psl.1.0.0.UPF: wavefunction(s)  3S 3P 3P renormalized

     IMPORTANT: XC functional enforced from input :
     Exchange-correlation= PBE
                           (   1   4   3   4   0   0   0)
     Any further DFT definition will be discarded
     Please, verify this is what you really want

 
     Parallelization info
     --------------------
     sticks:   dense  smooth     PW     G-vecs:    dense   smooth      PW
     Min          49      49     14                 6439     6439    1007
     Max          50      50     16                 6452     6452    1014
     Sum         793     793    235               103119   103119   16155
 
     Using Slab Decomposition
 

     negative rho (up, down):  7.280E-04 0.000E+00
     Reading collected, re-writing distributed wavefunctions
     high-symmetry point:  0.0000 0.0000 0.0000   x coordinate   0.0000
     high-symmetry point:  0.5000 0.2887 0.0000   x coordinate   0.5774
     high-symmetry point:  0.3333 0.5774 0.0000   x coordinate   0.9107
     high-symmetry point:  0.0000 0.0000 0.0000   x coordinate   1.5774

     Plottable bands (eV) written to file bands.dat.gnu
     Bands written to file bands.dat

 **************************************************************************

                    xk=(   0.00000,   0.00000,   0.00000  )

     double point group D_3h (-62m)
     there are  9 classes and  3 irreducible representations
     the character table:

       E     -E    2C3   -2C3   3C2'  s_h  2S3   -2S3   3s_v
                               -3C2' -s_h'             -3s_v
G_7    2.00 -2.00  1.00 -1.00  0.00  0.00  1.73 -1.73  0.00
G_8    2.00 -2.00  1.00 -1.00  0.00  0.00 -1.73  1.73  0.00
G_9    2.00 -2.00 -2.00  2.00  0.00  0.00  0.00  0.00  0.00

     the symmetry operations in each class and the name of the first element:

     E             1
                                                                 
     -E           -1
                                                                 
     2C3           3    4
                                                                 
     -2C3         -3   -4
                                                                 
      3C2'-3C2'    2   -6    5   -2   -5    6
                                                                 
      s_h -s_h'    7   -7
                                                                 
     2S3           9   10
                                                                 
     -2S3         -9  -10
                                                                 
      3s_v-3s_v    8   -8  -11  -12   11   12
                                                                 

     Band symmetry, D_3h (-62m) double point group:

     e(  1 -  2) =    -61.26067  eV     2   --> G_7            
     e(  3 -  4) =    -36.98044  eV     2   --> G_8            
     e(  5 -  6) =    -34.54966  eV     2   --> G_8            
     e(  7 -  8) =    -34.38733  eV     2   --> G_9            
     e(  9 - 10) =    -14.44699  eV     2   --> G_7            
     e( 11 - 12) =    -13.23855  eV     2   --> G_8            
     e( 13 - 14) =     -5.97248  eV     2   --> G_7            
     e( 15 - 16) =     -2.87254  eV     2   --> G_9            
     e( 17 - 18) =     -2.80426  eV     2   --> G_8            
     e( 19 - 20) =     -2.29658  eV     2   --> G_8            
     e( 21 - 22) =     -1.80163  eV     2   --> G_7            
     e( 23 - 24) =     -1.71507  eV     2   --> G_9            
     e( 25 - 26) =     -0.55165  eV     2   --> G_7            
     e( 27 - 28) =      2.33122  eV     2   --> G_7            
     e( 29 - 30) =      2.40746  eV     2   --> G_9            
     e( 31 - 32) =      2.54667  eV     2   --> G_8            
     e( 33 - 34) =      2.55227  eV     2   --> G_9            

 **************************************************************************

 **************************************************************************

                    xk=(   0.01351,   0.00780,   0.00000  )

     double point group C_2v (mm2) 
     there are  5 classes and  1 irreducible representations
     the character table:

       E     -E     C2    s_v   s_v'
                   -C2   -s_v  -s_v'
G_5    2.00 -2.00  0.00  0.00  0.00

     the symmetry operations in each class and the name of the first element:

     E             1
                                                                 
     -E           -1
                                                                 
      C2  -C2      2   -2
                                                                 
      s_v -s_v     3   -3
                                                                 
      s_v'-s_v'    4   -4
                                                                 

     Band symmetry, C_2v (mm2)  double point group:

     e(  1 -  2) =    -61.26060  eV     2   --> G_5  D_5       
     e(  3 -  4) =    -36.98063  eV     2   --> G_5  D_5       
     e(  5 -  6) =    -34.54974  eV     2   --> G_5  D_5       
     e(  7 -  8) =    -34.38779  eV     2   --> G_5  D_5       
     e(  9 - 10) =    -14.44425  eV     2   --> G_5  D_5       
     e( 11 - 12) =    -13.23732  eV     2   --> G_5  D_5       
     e( 13 - 14) =     -5.96919  eV     2   --> G_5  D_5       
     e( 15 - 16) =     -2.87473  eV     2   --> G_5  D_5       
     e( 17 - 18) =     -2.80590  eV     2   --> G_5  D_5       
     e( 19 - 20) =     -2.31194  eV     2   --> G_5  D_5       
     e( 21 - 22) =     -1.79833  eV     2   --> G_5  D_5       
     e( 23 - 24) =     -1.71183  eV     2   --> G_5  D_5       
     e( 25 - 26) =     -0.55247  eV     2   --> G_5  D_5       
     e( 27 - 28) =      2.33103  eV     2   --> G_5  D_5       
     e( 29 - 30) =      2.40707  eV     2   --> G_5  D_5       
     e( 31 - 32) =      2.53944  eV     2   --> G_5  D_5       
     e( 33 - 34) =      2.54786  eV     2   --> G_5  D_5       

 **************************************************************************

 **************************************************************************

                    xk=(   0.02703,   0.01560,   0.00000  )

     Band symmetry, C_2v (mm2)  double point group:

     e(  1 -  2) =    -61.26039  eV     2   --> G_5  D_5       
     e(  3 -  4) =    -36.98118  eV     2   --> G_5  D_5       
     e(  5 -  6) =    -34.54997  eV     2   --> G_5  D_5       
     e(  7 -  8) =    -34.38920  eV     2   --> G_5  D_5       
     e(  9 - 10) =    -14.43602  eV     2   --> G_5  D_5       
     e( 11 - 12) =    -13.23365  eV     2   --> G_5  D_5       
     e( 13 - 14) =     -5.95937  eV     2   --> G_5  D_5       
     e( 15 - 16) =     -2.88483  eV     2   --> G_5  D_5       
     e( 17 - 18) =     -2.80717  eV     2   --> G_5  D_5       
     e( 19 - 20) =     -2.35431  eV     2   --> G_5  D_5       
     e( 21 - 22) =     -1.79736  eV     2   --> G_5  D_5       
     e( 23 - 24) =     -1.69684  eV     2   --> G_5  D_5       
     e( 25 - 26) =     -0.55497  eV     2   --> G_5  D_5       
     e( 27 - 28) =      2.32731  eV     2   --> G_5  D_5       
     e( 29 - 30) =      2.40878  eV     2   --> G_5  D_5       
     e( 31 - 32) =      2.51520  eV     2   --> G_5  D_5       
     e( 33 - 34) =      2.53837  eV     2   --> G_5  D_5       

 **************************************************************************

 **************************************************************************

                    xk=(   0.04054,   0.02341,   0.00000  )

     Band symmetry, C_2v (mm2)  double point group:

     e(  1 -  2) =    -61.26004  eV     2   --> G_5  D_5       
     e(  3 -  4) =    -36.98210  eV     2   --> G_5  D_5       
     e(  5 -  6) =    -34.55036  eV     2   --> G_5  D_5       
     e(  7 -  8) =    -34.39151  eV     2   --> G_5  D_5       
     e(  9 - 10) =    -14.42234  eV     2   --> G_5  D_5       
     e( 11 - 12) =    -13.22754  eV     2   --> G_5  D_5       
     e( 13 - 14) =     -5.94310  eV     2   --> G_5  D_5       
     e( 15 - 16) =     -2.90926  eV     2   --> G_5  D_5       
     e( 17 - 18) =     -2.80131  eV     2   --> G_5  D_5       
     e( 19 - 20) =     -2.41608  eV     2   --> G_5  D_5       
     e( 21 - 22) =     -1.81027  eV     2   --> G_5  D_5       
     e( 23 - 24) =     -1.66613  eV     2   --> G_5  D_5       
     e( 25 - 26) =     -0.55936  eV     2   --> G_5  D_5       
     e( 27 - 28) =      2.31410  eV     2   --> G_5  D_5       
     e( 29 - 30) =      2.41542  eV     2   --> G_5  D_5       
     e( 31 - 32) =      2.47899  eV     2   --> G_5  D_5       
     e( 33 - 34) =      2.52452  eV     2   --> G_5  D_5       

 **************************************************************************

 **************************************************************************

                    xk=(   0.05405,   0.03121,   0.00000  )

     Band symmetry, C_2v (mm2)  double point group:

     e(  1 -  2) =    -61.25956  eV     2   --> G_5  D_5       
     e(  3 -  4) =    -36.98339  eV     2   --> G_5  D_5       
     e(  5 -  6) =    -34.55092  eV     2   --> G_5  D_5       
     e(  7 -  8) =    -34.39470  eV     2   --> G_5  D_5       
     e(  9 - 10) =    -14.40326  eV     2   --> G_5  D_5       
     e( 11 - 12) =    -13.21902  eV     2   --> G_5  D_5       
     e( 13 - 14) =     -5.92055  eV     2   --> G_5  D_5       
     e( 15 - 16) =     -2.94927  eV     2   --> G_5  D_5       
     e( 17 - 18) =     -2.78658  eV     2   --> G_5  D_5       
     e( 19 - 20) =     -2.49053  eV     2   --> G_5  D_5       
     e( 21 - 22) =     -1.83660  eV     2   --> G_5  D_5       
     e( 23 - 24) =     -1.62673  eV     2   --> G_5  D_5       
     e( 25 - 26) =     -0.56599  eV     2   --> G_5  D_5       
     e( 27 - 28) =      2.29036  eV     2   --> G_5  D_5       
     e( 29 - 30) =      2.39971  eV     2   --> G_5  D_5       
     e( 31 - 32) =      2.45977  eV     2   --> G_5  D_5       
     e( 33 - 34) =      2.50966  eV     2   --> G_5  D_5       

 **************************************************************************

 **************************************************************************

                    xk=(   0.06757,   0.03901,   0.00000  )

     Band symmetry, C_2v (mm2)  double point group:

     e(  1 -  2) =    -61.25894  eV     2   --> G_5  D_5       
     e(  3 -  4) =    -36.98503  eV     2   --> G_5  D_5       
     e(  5 -  6) =    -34.55165  eV     2   --> G_5  D_5       
     e(  7 -  8) =    -34.39874  eV     2   --> G_5  D_5       
     e(  9 - 10) =    -14.37886  eV     2   --> G_5  D_5       
     e( 11 - 12) =    -13.20812  eV     2   --> G_5  D_5       
     e( 13 - 14) =     -5.89193  eV     2   --> G_5  D_5       
     e( 15 - 16) =     -3.00258  eV     2   --> G_5  D_5       
     e( 17 - 18) =     -2.76485  eV     2   --> G_5  D_5       
     e( 19 - 20) =     -2.57287  eV     2   --> G_5  D_5       
     e( 21 - 22) =     -1.87306  eV     2   --> G_5  D_5       
     e( 23 - 24) =     -1.58629  eV     2   --> G_5  D_5       
     e( 25 - 26) =     -0.57530  eV     2   --> G_5  D_5       
     e( 27 - 28) =      2.25899  eV     2   --> G_5  D_5       
     e( 29 - 30) =      2.34260  eV     2   --> G_5  D_5       
     e( 31 - 32) =      2.45789  eV     2   --> G_5  D_5       
     e( 33 - 34) =      2.51448  eV     2   --> G_5  D_5       

 **************************************************************************

 **************************************************************************

                    xk=(   0.08108,   0.04681,   0.00000  )

     Band symmetry, C_2v (mm2)  double point group:

     e(  1 -  2) =    -61.25819  eV     2   --> G_5  D_5       
     e(  3 -  4) =    -36.98703  eV     2   --> G_5  D_5       
     e(  5 -  6) =    -34.55258  eV     2   --> G_5  D_5       
     e(  7 -  8) =    -34.40355  eV     2   --> G_5  D_5       
     e(  9 - 10) =    -14.34923  eV     2   --> G_5  D_5       
     e( 11 - 12) =    -13.19489  eV     2   --> G_5  D_5       
     e( 13 - 14) =     -5.85757  eV     2   --> G_5  D_5       
     e( 15 - 16) =     -3.06705  eV     2   --> G_5  D_5       
     e( 17 - 18) =     -2.74009  eV     2   --> G_5  D_5       
     e( 19 - 20) =     -2.65762  eV     2   --> G_5  D_5       
     e( 21 - 22) =     -1.91758  eV     2   --> G_5  D_5       
     e( 23 - 24) =     -1.54952  eV     2   --> G_5  D_5       
     e( 25 - 26) =     -0.58789  eV     2   --> G_5  D_5       
     e( 27 - 28) =      2.22076  eV     2   --> G_5  D_5       
     e( 29 - 30) =      2.27619  eV     2   --> G_5  D_5       
     e( 31 - 32) =      2.43397  eV     2   --> G_5  D_5       
     e( 33 - 34) =      2.55094  eV     2   --> G_5  D_5       

 **************************************************************************

 **************************************************************************

                    xk=(   0.09459,   0.05461,   0.00000  )

     Band symmetry, C_2v (mm2)  double point group:

     e(  1 -  2) =    -61.25732  eV     2   --> G_5  D_5       
     e(  3 -  4) =    -36.98936  eV     2   --> G_5  D_5       
     e(  5 -  6) =    -34.55371  eV     2   --> G_5  D_5       
     e(  7 -  8) =    -34.40907  eV     2   --> G_5  D_5       
     e(  9 - 10) =    -14.31449  eV     2   --> G_5  D_5       
     e( 11 - 12) =    -13.17938  eV     2   --> G_5  D_5       
     e( 13 - 14) =     -5.81787  eV     2   --> G_5  D_5       
     e( 15 - 16) =     -3.14094  eV     2   --> G_5  D_5       
     e( 17 - 18) =     -2.76623  eV     2   --> G_5  D_5       
     e( 19 - 20) =     -2.68993  eV     2   --> G_5  D_5       
     e( 21 - 22) =     -1.96876  eV     2   --> G_5  D_5       
     e( 23 - 24) =     -1.51933  eV     2   --> G_5  D_5       
     e( 25 - 26) =     -0.60441  eV     2   --> G_5  D_5       
     e( 27 - 28) =      2.16662  eV     2   --> G_5  D_5       
     e( 29 - 30) =      2.22083  eV     2   --> G_5  D_5       
     e( 31 - 32) =      2.40088  eV     2   --> G_5  D_5       
     e( 33 - 34) =      2.60040  eV     2   --> G_5  D_5       

 **************************************************************************

 **************************************************************************

                    xk=(   0.10811,   0.06242,   0.00000  )

     Band symmetry, C_2v (mm2)  double point group:

     e(  1 -  2) =    -61.25633  eV     2   --> G_5  D_5       
     e(  3 -  4) =    -36.99201  eV     2   --> G_5  D_5       
     e(  5 -  6) =    -34.55509  eV     2   --> G_5  D_5       
     e(  7 -  8) =    -34.41522  eV     2   --> G_5  D_5       
     e(  9 - 10) =    -14.27479  eV     2   --> G_5  D_5       
     e( 11 - 12) =    -13.16165  eV     2   --> G_5  D_5       
     e( 13 - 14) =     -5.77331  eV     2   --> G_5  D_5       
     e( 15 - 16) =     -3.22265  eV     2   --> G_5  D_5       
     e( 17 - 18) =     -2.85724  eV     2   --> G_5  D_5       
     e( 19 - 20) =     -2.65520  eV     2   --> G_5  D_5       
     e( 21 - 22) =     -2.02547  eV     2   --> G_5  D_5       
     e( 23 - 24) =     -1.49763  eV     2   --> G_5  D_5       
     e( 25 - 26) =     -0.62559  eV     2   --> G_5  D_5       
     e( 27 - 28) =      2.09368  eV     2   --> G_5  D_5       
     e( 29 - 30) =      2.18613  eV     2   --> G_5  D_5       
     e( 31 - 32) =      2.36325  eV     2   --> G_5  D_5       
     e( 33 - 34) =      2.65680  eV     2   --> G_5  D_5       

 **************************************************************************

 **************************************************************************

                    xk=(   0.12162,   0.07022,   0.00000  )

     Band symmetry, C_2v (mm2)  double point group:

     e(  1 -  2) =    -61.25524  eV     2   --> G_5  D_5       
     e(  3 -  4) =    -36.99497  eV     2   --> G_5  D_5       
     e(  5 -  6) =    -34.55674  eV     2   --> G_5  D_5       
     e(  7 -  8) =    -34.42191  eV     2   --> G_5  D_5       
     e(  9 - 10) =    -14.23029  eV     2   --> G_5  D_5       
     e( 11 - 12) =    -13.14179  eV     2   --> G_5  D_5       
     e( 13 - 14) =     -5.72454  eV     2   --> G_5  D_5       
     e( 15 - 16) =     -3.31066  eV     2   --> G_5  D_5       
     e( 17 - 18) =     -2.95473  eV     2   --> G_5  D_5       
     e( 19 - 20) =     -2.61155  eV     2   --> G_5  D_5       
     e( 21 - 22) =     -2.08671  eV     2   --> G_5  D_5       
     e( 23 - 24) =     -1.48566  eV     2   --> G_5  D_5       
     e( 25 - 26) =     -0.65215  eV     2   --> G_5  D_5       
     e( 27 - 28) =      2.01595  eV     2   --> G_5  D_5       
     e( 29 - 30) =      2.16366  eV     2   --> G_5  D_5       
     e( 31 - 32) =      2.32264  eV     2   --> G_5  D_5       
     e( 33 - 34) =      2.71795  eV     2   --> G_5  D_5       

 **************************************************************************

 **************************************************************************

                    xk=(   0.13514,   0.07802,   0.00000  )

     Band symmetry, C_2v (mm2)  double point group:

     e(  1 -  2) =    -61.25404  eV     2   --> G_5  D_5       
     e(  3 -  4) =    -36.99823  eV     2   --> G_5  D_5       
     e(  5 -  6) =    -34.55870  eV     2   --> G_5  D_5       
     e(  7 -  8) =    -34.42900  eV     2   --> G_5  D_5       
     e(  9 - 10) =    -14.18116  eV     2   --> G_5  D_5       
     e( 11 - 12) =    -13.11987  eV     2   --> G_5  D_5       
     e( 13 - 14) =     -5.67232  eV     2   --> G_5  D_5       
     e( 15 - 16) =     -3.40345  eV     2   --> G_5  D_5       
     e( 17 - 18) =     -3.05475  eV     2   --> G_5  D_5       
     e( 19 - 20) =     -2.56285  eV     2   --> G_5  D_5       
     e( 21 - 22) =     -2.15150  eV     2   --> G_5  D_5       
     e( 23 - 24) =     -1.48405  eV     2   --> G_5  D_5       
     e( 25 - 26) =     -0.68472  eV     2   --> G_5  D_5       
     e( 27 - 28) =      1.94026  eV     2   --> G_5  D_5       
     e( 29 - 30) =      2.15113  eV     2   --> G_5  D_5       
     e( 31 - 32) =      2.28020  eV     2   --> G_5  D_5       
     e( 33 - 34) =      2.78241  eV     2   --> G_5  D_5       

 **************************************************************************

 **************************************************************************

                    xk=(   0.14865,   0.08582,   0.00000  )

     Band symmetry, C_2v (mm2)  double point group:

     e(  1 -  2) =    -61.25275  eV     2   --> G_5  D_5       
     e(  3 -  4) =    -37.00177  eV     2   --> G_5  D_5       
     e(  5 -  6) =    -34.56102  eV     2   --> G_5  D_5       
     e(  7 -  8) =    -34.43640  eV     2   --> G_5  D_5       
     e(  9 - 10) =    -14.12762  eV     2   --> G_5  D_5       
     e( 11 - 12) =    -13.09599  eV     2   --> G_5  D_5       
     e( 13 - 14) =     -5.61761  eV     2   --> G_5  D_5       
     e( 15 - 16) =     -3.49942  eV     2   --> G_5  D_5       
     e( 17 - 18) =     -3.15652  eV     2   --> G_5  D_5       
     e( 19 - 20) =     -2.51005  eV     2   --> G_5  D_5       
     e( 21 - 22) =     -2.21890  eV     2   --> G_5  D_5       
     e( 23 - 24) =     -1.49295  eV     2   --> G_5  D_5       
     e( 25 - 26) =     -0.72377  eV     2   --> G_5  D_5       
     e( 27 - 28) =      1.86994  eV     2   --> G_5  D_5       
     e( 29 - 30) =      2.14836  eV     2   --> G_5  D_5       
     e( 31 - 32) =      2.23743  eV     2   --> G_5  D_5       
     e( 33 - 34) =      2.84901  eV     2   --> G_5  D_5       

 **************************************************************************

 **************************************************************************

                    xk=(   0.16216,   0.09362,   0.00000  )

     Band symmetry, C_2v (mm2)  double point group:

     e(  1 -  2) =    -61.25138  eV     2   --> G_5  D_5       
     e(  3 -  4) =    -37.00556  eV     2   --> G_5  D_5       
     e(  5 -  6) =    -34.56375  eV     2   --> G_5  D_5       
     e(  7 -  8) =    -34.44394  eV     2   --> G_5  D_5       
     e(  9 - 10) =    -14.06990  eV     2   --> G_5  D_5       
     e( 11 - 12) =    -13.07027  eV     2   --> G_5  D_5       
     e( 13 - 14) =     -5.56161  eV     2   --> G_5  D_5       
     e( 15 - 16) =     -3.59697  eV     2   --> G_5  D_5       
     e( 17 - 18) =     -3.25966  eV     2   --> G_5  D_5       
     e( 19 - 20) =     -2.45417  eV     2   --> G_5  D_5       
     e( 21 - 22) =     -2.28760  eV     2   --> G_5  D_5       
     e( 23 - 24) =     -1.51197  eV     2   --> G_5  D_5       
     e( 25 - 26) =     -0.76949  eV     2   --> G_5  D_5       
     e( 27 - 28) =      1.80729  eV     2   --> G_5  D_5       
     e( 29 - 30) =      2.15156  eV     2   --> G_5  D_5       
     e( 31 - 32) =      2.19937  eV     2   --> G_5  D_5       
     e( 33 - 34) =      2.91673  eV     2   --> G_5  D_5       

 **************************************************************************

 **************************************************************************

                    xk=(   0.17568,   0.10143,   0.00000  )

     Band symmetry, C_2v (mm2)  double point group:

     e(  1 -  2) =    -61.24993  eV     2   --> G_5  D_5       
     e(  3 -  4) =    -37.00958  eV     2   --> G_5  D_5       
     e(  5 -  6) =    -34.56697  eV     2   --> G_5  D_5       
     e(  7 -  8) =    -34.45150  eV     2   --> G_5  D_5       
     e(  9 - 10) =    -14.00825  eV     2   --> G_5  D_5       
     e( 11 - 12) =    -13.04283  eV     2   --> G_5  D_5       
     e( 13 - 14) =     -5.50577  eV     2   --> G_5  D_5       
     e( 15 - 16) =     -3.69435  eV     2   --> G_5  D_5       
     e( 17 - 18) =     -3.36395  eV     2   --> G_5  D_5       
     e( 19 - 20) =     -2.40191  eV     2   --> G_5  D_5       
     e( 21 - 22) =     -2.35067  eV     2   --> G_5  D_5       
     e( 23 - 24) =     -1.54029  eV     2   --> G_5  D_5       
     e( 25 - 26) =     -0.82169  eV     2   --> G_5  D_5       
     e( 27 - 28) =      1.75396  eV     2   --> G_5  D_5       
     e( 29 - 30) =      2.13382  eV     2   --> G_5  D_5       
     e( 31 - 32) =      2.19379  eV     2   --> G_5  D_5       
     e( 33 - 34) =      2.98465  eV     2   --> G_5  D_5       

 **************************************************************************

 **************************************************************************

                    xk=(   0.18919,   0.10923,   0.00000  )

     Band symmetry, C_2v (mm2)  double point group:

     e(  1 -  2) =    -61.24841  eV     2   --> G_5  D_5       
     e(  3 -  4) =    -37.01380  eV     2   --> G_5  D_5       
     e(  5 -  6) =    -34.57073  eV     2   --> G_5  D_5       
     e(  7 -  8) =    -34.45891  eV     2   --> G_5  D_5       
     e(  9 - 10) =    -13.94296  eV     2   --> G_5  D_5       
     e( 11 - 12) =    -13.01379  eV     2   --> G_5  D_5       
     e( 13 - 14) =     -5.45190  eV     2   --> G_5  D_5       
     e( 15 - 16) =     -3.78970  eV     2   --> G_5  D_5       
     e( 17 - 18) =     -3.46915  eV     2   --> G_5  D_5       
     e( 19 - 20) =     -2.43722  eV     2   --> G_5  D_5       
     e( 21 - 22) =     -2.32403  eV     2   --> G_5  D_5       
     e( 23 - 24) =     -1.57673  eV     2   --> G_5  D_5       
     e( 25 - 26) =     -0.87972  eV     2   --> G_5  D_5       
     e( 27 - 28) =      1.71106  eV     2   --> G_5  D_5       
     e( 29 - 30) =      2.09466  eV     2   --> G_5  D_5       
     e( 31 - 32) =      2.22148  eV     2   --> G_5  D_5       
     e( 33 - 34) =      3.05199  eV     2   --> G_5  D_5       

 **************************************************************************

 **************************************************************************

                    xk=(   0.20270,   0.11703,   0.00000  )

     Band symmetry, C_2v (mm2)  double point group:

     e(  1 -  2) =    -61.24685  eV     2   --> G_5  D_5       
     e(  3 -  4) =    -37.01821  eV     2   --> G_5  D_5       
     e(  5 -  6) =    -34.57510  eV     2   --> G_5  D_5       
     e(  7 -  8) =    -34.46603  eV     2   --> G_5  D_5       
     e(  9 - 10) =    -13.87433  eV     2   --> G_5  D_5       
     e( 11 - 12) =    -12.98332  eV     2   --> G_5  D_5       
     e( 13 - 14) =     -5.40222  eV     2   --> G_5  D_5       
     e( 15 - 16) =     -3.88093  eV     2   --> G_5  D_5       
     e( 17 - 18) =     -3.57507  eV     2   --> G_5  D_5       
     e( 19 - 20) =     -2.50690  eV     2   --> G_5  D_5       
     e( 21 - 22) =     -2.26082  eV     2   --> G_5  D_5       
     e( 23 - 24) =     -1.61986  eV     2   --> G_5  D_5       
     e( 25 - 26) =     -0.94246  eV     2   --> G_5  D_5       
     e( 27 - 28) =      1.67914  eV     2   --> G_5  D_5       
     e( 29 - 30) =      2.05356  eV     2   --> G_5  D_5       
     e( 31 - 32) =      2.26286  eV     2   --> G_5  D_5       
     e( 33 - 34) =      3.11804  eV     2   --> G_5  D_5       

 **************************************************************************

 **************************************************************************

                    xk=(   0.21622,   0.12483,   0.00000  )

     Band symmetry, C_2v (mm2)  double point group:

     e(  1 -  2) =    -61.24524  eV     2   --> G_5  D_5       
     e(  3 -  4) =    -37.02277  eV     2   --> G_5  D_5       
     e(  5 -  6) =    -34.58013  eV     2   --> G_5  D_5       
     e(  7 -  8) =    -34.47273  eV     2   --> G_5  D_5       
     e(  9 - 10) =    -13.80270  eV     2   --> G_5  D_5       
     e( 11 - 12) =    -12.95158  eV     2   --> G_5  D_5       
     e( 13 - 14) =     -5.35935  eV     2   --> G_5  D_5       
     e( 15 - 16) =     -3.96576  eV     2   --> G_5  D_5       
     e( 17 - 18) =     -3.68147  eV     2   --> G_5  D_5       
     e( 19 - 20) =     -2.57766  eV     2   --> G_5  D_5       
     e( 21 - 22) =     -2.19439  eV     2   --> G_5  D_5       
     e( 23 - 24) =     -1.66810  eV     2   --> G_5  D_5       
     e( 25 - 26) =     -1.00834  eV     2   --> G_5  D_5       
     e( 27 - 28) =      1.65829  eV     2   --> G_5  D_5       
     e( 29 - 30) =      2.01387  eV     2   --> G_5  D_5       
     e( 31 - 32) =      2.31416  eV     2   --> G_5  D_5       
     e( 33 - 34) =      3.18219  eV     2   --> G_5  D_5       

 **************************************************************************

 **************************************************************************

                    xk=(   0.22973,   0.13263,   0.00000  )

     Band symmetry, C_2v (mm2)  double point group:

     e(  1 -  2) =    -61.24360  eV     2   --> G_5  D_5       
     e(  3 -  4) =    -37.02745  eV     2   --> G_5  D_5       
     e(  5 -  6) =    -34.58582  eV     2   --> G_5  D_5       
     e(  7 -  8) =    -34.47888  eV     2   --> G_5  D_5       
     e(  9 - 10) =    -13.72842  eV     2   --> G_5  D_5       
     e( 11 - 12) =    -12.91874  eV     2   --> G_5  D_5       
     e( 13 - 14) =     -5.32627  eV     2   --> G_5  D_5       
     e( 15 - 16) =     -4.04177  eV     2   --> G_5  D_5       
     e( 17 - 18) =     -3.78806  eV     2   --> G_5  D_5       
     e( 19 - 20) =     -2.64782  eV     2   --> G_5  D_5       
     e( 21 - 22) =     -2.12668  eV     2   --> G_5  D_5       
     e( 23 - 24) =     -1.71980  eV     2   --> G_5  D_5       
     e( 25 - 26) =     -1.07537  eV     2   --> G_5  D_5       
     e( 27 - 28) =      1.64817  eV     2   --> G_5  D_5       
     e( 29 - 30) =      1.97669  eV     2   --> G_5  D_5       
     e( 31 - 32) =      2.37360  eV     2   --> G_5  D_5       
     e( 33 - 34) =      3.24396  eV     2   --> G_5  D_5       

 **************************************************************************

 **************************************************************************

                    xk=(   0.24324,   0.14044,   0.00000  )

     Band symmetry, C_2v (mm2)  double point group:

     e(  1 -  2) =    -61.24194  eV     2   --> G_5  D_5       
     e(  3 -  4) =    -37.03222  eV     2   --> G_5  D_5       
     e(  5 -  6) =    -34.59218  eV     2   --> G_5  D_5       
     e(  7 -  8) =    -34.48442  eV     2   --> G_5  D_5       
     e(  9 - 10) =    -13.65191  eV     2   --> G_5  D_5       
     e( 11 - 12) =    -12.88500  eV     2   --> G_5  D_5       
     e( 13 - 14) =     -5.30605  eV     2   --> G_5  D_5       
     e( 15 - 16) =     -4.10666  eV     2   --> G_5  D_5       
     e( 17 - 18) =     -3.89447  eV     2   --> G_5  D_5       
     e( 19 - 20) =     -2.71672  eV     2   --> G_5  D_5       
     e( 21 - 22) =     -2.05884  eV     2   --> G_5  D_5       
     e( 23 - 24) =     -1.77314  eV     2   --> G_5  D_5       
     e( 25 - 26) =     -1.14129  eV     2   --> G_5  D_5       
     e( 27 - 28) =      1.64814  eV     2   --> G_5  D_5       
     e( 29 - 30) =      1.94275  eV     2   --> G_5  D_5       
     e( 31 - 32) =      2.43962  eV     2   --> G_5  D_5       
     e( 33 - 34) =      3.30293  eV     2   --> G_5  D_5       

 **************************************************************************

 **************************************************************************

                    xk=(   0.25676,   0.14824,   0.00000  )

     Band symmetry, C_2v (mm2)  double point group:

     e(  1 -  2) =    -61.24028  eV     2   --> G_5  D_5       
     e(  3 -  4) =    -37.03704  eV     2   --> G_5  D_5       
     e(  5 -  6) =    -34.59913  eV     2   --> G_5  D_5       
     e(  7 -  8) =    -34.48932  eV     2   --> G_5  D_5       
     e(  9 - 10) =    -13.57358  eV     2   --> G_5  D_5       
     e( 11 - 12) =    -12.85057  eV     2   --> G_5  D_5       
     e( 13 - 14) =     -5.30130  eV     2   --> G_5  D_5       
     e( 15 - 16) =     -4.15887  eV     2   --> G_5  D_5       
     e( 17 - 18) =     -4.00017  eV     2   --> G_5  D_5       
     e( 19 - 20) =     -2.78392  eV     2   --> G_5  D_5       
     e( 21 - 22) =     -1.99294  eV     2   --> G_5  D_5       
     e( 23 - 24) =     -1.82544  eV     2   --> G_5  D_5       
     e( 25 - 26) =     -1.20368  eV     2   --> G_5  D_5       
     e( 27 - 28) =      1.65729  eV     2   --> G_5  D_5       
     e( 29 - 30) =      1.91267  eV     2   --> G_5  D_5       
     e( 31 - 32) =      2.51071  eV     2   --> G_5  D_5       
     e( 33 - 34) =      3.35877  eV     2   --> G_5  D_5       

 **************************************************************************

 **************************************************************************

                    xk=(   0.27027,   0.15604,   0.00000  )

     Band symmetry, C_2v (mm2)  double point group:

     e(  1 -  2) =    -61.23862  eV     2   --> G_5  D_5       
     e(  3 -  4) =    -37.04188  eV     2   --> G_5  D_5       
     e(  5 -  6) =    -34.60660  eV     2   --> G_5  D_5       
     e(  7 -  8) =    -34.49358  eV     2   --> G_5  D_5       
     e(  9 - 10) =    -13.49390  eV     2   --> G_5  D_5       
     e( 11 - 12) =    -12.81566  eV     2   --> G_5  D_5       
     e( 13 - 14) =     -5.31343  eV     2   --> G_5  D_5       
     e( 15 - 16) =     -4.19859  eV     2   --> G_5  D_5       
     e( 17 - 18) =     -4.10400  eV     2   --> G_5  D_5       
     e( 19 - 20) =     -2.84904  eV     2   --> G_5  D_5       
     e( 21 - 22) =     -1.94024  eV     2   --> G_5  D_5       
     e( 23 - 24) =     -1.86500  eV     2   --> G_5  D_5       
     e( 25 - 26) =     -1.26006  eV     2   --> G_5  D_5       
     e( 27 - 28) =      1.67454  eV     2   --> G_5  D_5       
     e( 29 - 30) =      1.88706  eV     2   --> G_5  D_5       
     e( 31 - 32) =      2.58540  eV     2   --> G_5  D_5       
     e( 33 - 34) =      3.41126  eV     2   --> G_5  D_5       

 **************************************************************************

 **************************************************************************

                    xk=(   0.28378,   0.16384,   0.00000  )

     Band symmetry, C_2v (mm2)  double point group:

     e(  1 -  2) =    -61.23698  eV     2   --> G_5  D_5       
     e(  3 -  4) =    -37.04671  eV     2   --> G_5  D_5       
     e(  5 -  6) =    -34.61446  eV     2   --> G_5  D_5       
     e(  7 -  8) =    -34.49725  eV     2   --> G_5  D_5       
     e(  9 - 10) =    -13.41336  eV     2   --> G_5  D_5       
     e( 11 - 12) =    -12.78053  eV     2   --> G_5  D_5       
     e( 13 - 14) =     -5.34220  eV     2   --> G_5  D_5       
     e( 15 - 16) =     -4.23513  eV     2   --> G_5  D_5       
     e( 17 - 18) =     -4.19737  eV     2   --> G_5  D_5       
     e( 19 - 20) =     -2.91176  eV     2   --> G_5  D_5       
     e( 21 - 22) =     -1.95418  eV     2   --> G_5  D_5       
     e( 23 - 24) =     -1.83810  eV     2   --> G_5  D_5       
     e( 25 - 26) =     -1.30811  eV     2   --> G_5  D_5       
     e( 27 - 28) =      1.69850  eV     2   --> G_5  D_5       
     e( 29 - 30) =      1.86665  eV     2   --> G_5  D_5       
     e( 31 - 32) =      2.66223  eV     2   --> G_5  D_5       
     e( 33 - 34) =      3.46024  eV     2   --> G_5  D_5       

 **************************************************************************

 **************************************************************************

                    xk=(   0.29730,   0.17164,   0.00000  )

     Band symmetry, C_2v (mm2)  double point group:

     e(  1 -  2) =    -61.23537  eV     2   --> G_5  D_5       
     e(  3 -  4) =    -37.05149  eV     2   --> G_5  D_5       
     e(  5 -  6) =    -34.62258  eV     2   --> G_5  D_5       
     e(  7 -  8) =    -34.50036  eV     2   --> G_5  D_5       
     e(  9 - 10) =    -13.33252  eV     2   --> G_5  D_5       
     e( 11 - 12) =    -12.74542  eV     2   --> G_5  D_5       
     e( 13 - 14) =     -5.38565  eV     2   --> G_5  D_5       
     e( 15 - 16) =     -4.31802  eV     2   --> G_5  D_5       
     e( 17 - 18) =     -4.23295  eV     2   --> G_5  D_5       
     e( 19 - 20) =     -2.97180  eV     2   --> G_5  D_5       
     e( 21 - 22) =     -2.00041  eV     2   --> G_5  D_5       
     e( 23 - 24) =     -1.77899  eV     2   --> G_5  D_5       
     e( 25 - 26) =     -1.34577  eV     2   --> G_5  D_5       
     e( 27 - 28) =      1.72725  eV     2   --> G_5  D_5       
     e( 29 - 30) =      1.85266  eV     2   --> G_5  D_5       
     e( 31 - 32) =      2.73983  eV     2   --> G_5  D_5       
     e( 33 - 34) =      3.50560  eV     2   --> G_5  D_5       

 **************************************************************************

 **************************************************************************

                    xk=(   0.31081,   0.17945,   0.00000  )

     Band symmetry, C_2v (mm2)  double point group:

     e(  1 -  2) =    -61.23380  eV     2   --> G_5  D_5       
     e(  3 -  4) =    -37.05617  eV     2   --> G_5  D_5       
     e(  5 -  6) =    -34.63081  eV     2   --> G_5  D_5       
     e(  7 -  8) =    -34.50300  eV     2   --> G_5  D_5       
     e(  9 - 10) =    -13.25193  eV     2   --> G_5  D_5       
     e( 11 - 12) =    -12.71060  eV     2   --> G_5  D_5       
     e( 13 - 14) =     -5.44079  eV     2   --> G_5  D_5       
     e( 15 - 16) =     -4.41553  eV     2   --> G_5  D_5       
     e( 17 - 18) =     -4.24539  eV     2   --> G_5  D_5       
     e( 19 - 20) =     -3.02892  eV     2   --> G_5  D_5       
     e( 21 - 22) =     -2.04816  eV     2   --> G_5  D_5       
     e( 23 - 24) =     -1.71853  eV     2   --> G_5  D_5       
     e( 25 - 26) =     -1.37144  eV     2   --> G_5  D_5       
     e( 27 - 28) =      1.75705  eV     2   --> G_5  D_5       
     e( 29 - 30) =      1.84797  eV     2   --> G_5  D_5       
     e( 31 - 32) =      2.81690  eV     2   --> G_5  D_5       
     e( 33 - 34) =      3.54733  eV     2   --> G_5  D_5       

 **************************************************************************

 **************************************************************************

                    xk=(   0.32432,   0.18725,   0.00000  )

     Band symmetry, C_2v (mm2)  double point group:

     e(  1 -  2) =    -61.23228  eV     2   --> G_5  D_5       
     e(  3 -  4) =    -37.06074  eV     2   --> G_5  D_5       
     e(  5 -  6) =    -34.63903  eV     2   --> G_5  D_5       
     e(  7 -  8) =    -34.50522  eV     2   --> G_5  D_5       
     e(  9 - 10) =    -13.17223  eV     2   --> G_5  D_5       
     e( 11 - 12) =    -12.67636  eV     2   --> G_5  D_5       
     e( 13 - 14) =     -5.50430  eV     2   --> G_5  D_5       
     e( 15 - 16) =     -4.51140  eV     2   --> G_5  D_5       
     e( 17 - 18) =     -4.25376  eV     2   --> G_5  D_5       
     e( 19 - 20) =     -3.08288  eV     2   --> G_5  D_5       
     e( 21 - 22) =     -2.09390  eV     2   --> G_5  D_5       
     e( 23 - 24) =     -1.66043  eV     2   --> G_5  D_5       
     e( 25 - 26) =     -1.38412  eV     2   --> G_5  D_5       
     e( 27 - 28) =      1.78040  eV     2   --> G_5  D_5       
     e( 29 - 30) =      1.85921  eV     2   --> G_5  D_5       
     e( 31 - 32) =      2.89219  eV     2   --> G_5  D_5       
     e( 33 - 34) =      3.58544  eV     2   --> G_5  D_5       

 **************************************************************************

 **************************************************************************

                    xk=(   0.33784,   0.19505,   0.00000  )

     Band symmetry, C_2v (mm2)  double point group:

     e(  1 -  2) =    -61.23082  eV     2   --> G_5  D_5       
     e(  3 -  4) =    -37.06514  eV     2   --> G_5  D_5       
     e(  5 -  6) =    -34.64710  eV     2   --> G_5  D_5       
     e(  7 -  8) =    -34.50708  eV     2   --> G_5  D_5       
     e(  9 - 10) =    -13.09406  eV     2   --> G_5  D_5       
     e( 11 - 12) =    -12.64297  eV     2   --> G_5  D_5       
     e( 13 - 14) =     -5.57307  eV     2   --> G_5  D_5       
     e( 15 - 16) =     -4.60389  eV     2   --> G_5  D_5       
     e( 17 - 18) =     -4.26192  eV     2   --> G_5  D_5       
     e( 19 - 20) =     -3.13350  eV     2   --> G_5  D_5       
     e( 21 - 22) =     -2.13669  eV     2   --> G_5  D_5       
     e( 23 - 24) =     -1.60582  eV     2   --> G_5  D_5       
     e( 25 - 26) =     -1.38362  eV     2   --> G_5  D_5       
     e( 27 - 28) =      1.79250  eV     2   --> G_5  D_5       
     e( 29 - 30) =      1.89017  eV     2   --> G_5  D_5       
     e( 31 - 32) =      2.96460  eV     2   --> G_5  D_5       
     e( 33 - 34) =      3.61998  eV     2   --> G_5  D_5       

 **************************************************************************

 **************************************************************************

                    xk=(   0.35135,   0.20285,   0.00000  )

     Band symmetry, C_2v (mm2)  double point group:

     e(  1 -  2) =    -61.22944  eV     2   --> G_5  D_5       
     e(  3 -  4) =    -37.06934  eV     2   --> G_5  D_5       
     e(  5 -  6) =    -34.65492  eV     2   --> G_5  D_5       
     e(  7 -  8) =    -34.50864  eV     2   --> G_5  D_5       
     e(  9 - 10) =    -13.01813  eV     2   --> G_5  D_5       
     e( 11 - 12) =    -12.61074  eV     2   --> G_5  D_5       
     e( 13 - 14) =     -5.64438  eV     2   --> G_5  D_5       
     e( 15 - 16) =     -4.69213  eV     2   --> G_5  D_5       
     e( 17 - 18) =     -4.27184  eV     2   --> G_5  D_5       
     e( 19 - 20) =     -3.18062  eV     2   --> G_5  D_5       
     e( 21 - 22) =     -2.17614  eV     2   --> G_5  D_5       
     e( 23 - 24) =     -1.55512  eV     2   --> G_5  D_5       
     e( 25 - 26) =     -1.37069  eV     2   --> G_5  D_5       
     e( 27 - 28) =      1.79949  eV     2   --> G_5  D_5       
     e( 29 - 30) =      1.93357  eV     2   --> G_5  D_5       
     e( 31 - 32) =      3.03312  eV     2   --> G_5  D_5       
     e( 33 - 34) =      3.65107  eV     2   --> G_5  D_5       

 **************************************************************************

 **************************************************************************

                    xk=(   0.36486,   0.21065,   0.00000  )

     Band symmetry, C_2v (mm2)  double point group:

     e(  1 -  2) =    -61.22814  eV     2   --> G_5  D_5       
     e(  3 -  4) =    -37.07331  eV     2   --> G_5  D_5       
     e(  5 -  6) =    -34.66237  eV     2   --> G_5  D_5       
     e(  7 -  8) =    -34.50995  eV     2   --> G_5  D_5       
     e(  9 - 10) =    -12.94515  eV     2   --> G_5  D_5       
     e( 11 - 12) =    -12.57998  eV     2   --> G_5  D_5       
     e( 13 - 14) =     -5.71601  eV     2   --> G_5  D_5       
     e( 15 - 16) =     -4.77539  eV     2   --> G_5  D_5       
     e( 17 - 18) =     -4.28441  eV     2   --> G_5  D_5       
     e( 19 - 20) =     -3.22408  eV     2   --> G_5  D_5       
     e( 21 - 22) =     -2.21205  eV     2   --> G_5  D_5       
     e( 23 - 24) =     -1.50833  eV     2   --> G_5  D_5       
     e( 25 - 26) =     -1.34705  eV     2   --> G_5  D_5       
     e( 27 - 28) =      1.80663  eV     2   --> G_5  D_5       
     e( 29 - 30) =      1.98288  eV     2   --> G_5  D_5       
     e( 31 - 32) =      3.09690  eV     2   --> G_5  D_5       
     e( 33 - 34) =      3.67881  eV     2   --> G_5  D_5       

 **************************************************************************

 **************************************************************************

                    xk=(   0.37838,   0.21846,   0.00000  )

     Band symmetry, C_2v (mm2)  double point group:

     e(  1 -  2) =    -61.22694  eV     2   --> G_5  D_5       
     e(  3 -  4) =    -37.07701  eV     2   --> G_5  D_5       
     e(  5 -  6) =    -34.66936  eV     2   --> G_5  D_5       
     e(  7 -  8) =    -34.51103  eV     2   --> G_5  D_5       
     e(  9 - 10) =    -12.87589  eV     2   --> G_5  D_5       
     e( 11 - 12) =    -12.55098  eV     2   --> G_5  D_5       
     e( 13 - 14) =     -5.78605  eV     2   --> G_5  D_5       
     e( 15 - 16) =     -4.85301  eV     2   --> G_5  D_5       
     e( 17 - 18) =     -4.29966  eV     2   --> G_5  D_5       
     e( 19 - 20) =     -3.26375  eV     2   --> G_5  D_5       
     e( 21 - 22) =     -2.24433  eV     2   --> G_5  D_5       
     e( 23 - 24) =     -1.46519  eV     2   --> G_5  D_5       
     e( 25 - 26) =     -1.31514  eV     2   --> G_5  D_5       
     e( 27 - 28) =      1.81548  eV     2   --> G_5  D_5       
     e( 29 - 30) =      2.03509  eV     2   --> G_5  D_5       
     e( 31 - 32) =      3.15525  eV     2   --> G_5  D_5       
     e( 33 - 34) =      3.70333  eV     2   --> G_5  D_5       

 **************************************************************************

 **************************************************************************

                    xk=(   0.39189,   0.22626,   0.00000  )

     Band symmetry, C_2v (mm2)  double point group:

     e(  1 -  2) =    -61.22583  eV     2   --> G_5  D_5       
     e(  3 -  4) =    -37.08042  eV     2   --> G_5  D_5       
     e(  5 -  6) =    -34.67581  eV     2   --> G_5  D_5       
     e(  7 -  8) =    -34.51192  eV     2   --> G_5  D_5       
     e(  9 - 10) =    -12.81111  eV     2   --> G_5  D_5       
     e( 11 - 12) =    -12.52405  eV     2   --> G_5  D_5       
     e( 13 - 14) =     -5.85293  eV     2   --> G_5  D_5       
     e( 15 - 16) =     -4.92434  eV     2   --> G_5  D_5       
     e( 17 - 18) =     -4.31705  eV     2   --> G_5  D_5       
     e( 19 - 20) =     -3.29953  eV     2   --> G_5  D_5       
     e( 21 - 22) =     -2.27297  eV     2   --> G_5  D_5       
     e( 23 - 24) =     -1.42562  eV     2   --> G_5  D_5       
     e( 25 - 26) =     -1.27760  eV     2   --> G_5  D_5       
     e( 27 - 28) =      1.82612  eV     2   --> G_5  D_5       
     e( 29 - 30) =      2.08846  eV     2   --> G_5  D_5       
     e( 31 - 32) =      3.20764  eV     2   --> G_5  D_5       
     e( 33 - 34) =      3.72479  eV     2   --> G_5  D_5       

 **************************************************************************

 **************************************************************************

                    xk=(   0.40541,   0.23406,   0.00000  )

     Band symmetry, C_2v (mm2)  double point group:

     e(  1 -  2) =    -61.22484  eV     2   --> G_5  D_5       
     e(  3 -  4) =    -37.08350  eV     2   --> G_5  D_5       
     e(  5 -  6) =    -34.68166  eV     2   --> G_5  D_5       
     e(  7 -  8) =    -34.51266  eV     2   --> G_5  D_5       
     e(  9 - 10) =    -12.75159  eV     2   --> G_5  D_5       
     e( 11 - 12) =    -12.49948  eV     2   --> G_5  D_5       
     e( 13 - 14) =     -5.91527  eV     2   --> G_5  D_5       
     e( 15 - 16) =     -4.98881  eV     2   --> G_5  D_5       
     e( 17 - 18) =     -4.33570  eV     2   --> G_5  D_5       
     e( 19 - 20) =     -3.33131  eV     2   --> G_5  D_5       
     e( 21 - 22) =     -2.29801  eV     2   --> G_5  D_5       
     e( 23 - 24) =     -1.38989  eV     2   --> G_5  D_5       
     e( 25 - 26) =     -1.23688  eV     2   --> G_5  D_5       
     e( 27 - 28) =      1.83809  eV     2   --> G_5  D_5       
     e( 29 - 30) =      2.14155  eV     2   --> G_5  D_5       
     e( 31 - 32) =      3.25374  eV     2   --> G_5  D_5       
     e( 33 - 34) =      3.74332  eV     2   --> G_5  D_5       

 **************************************************************************

 **************************************************************************

                    xk=(   0.41892,   0.24186,   0.00000  )

     Band symmetry, C_2v (mm2)  double point group:

     e(  1 -  2) =    -61.22396  eV     2   --> G_5  D_5       
     e(  3 -  4) =    -37.08623  eV     2   --> G_5  D_5       
     e(  5 -  6) =    -34.68685  eV     2   --> G_5  D_5       
     e(  7 -  8) =    -34.51326  eV     2   --> G_5  D_5       
     e(  9 - 10) =    -12.69810  eV     2   --> G_5  D_5       
     e( 11 - 12) =    -12.47755  eV     2   --> G_5  D_5       
     e( 13 - 14) =     -5.97188  eV     2   --> G_5  D_5       
     e( 15 - 16) =     -5.04587  eV     2   --> G_5  D_5       
     e( 17 - 18) =     -4.35456  eV     2   --> G_5  D_5       
     e( 19 - 20) =     -3.35902  eV     2   --> G_5  D_5       
     e( 21 - 22) =     -2.31949  eV     2   --> G_5  D_5       
     e( 23 - 24) =     -1.35848  eV     2   --> G_5  D_5       
     e( 25 - 26) =     -1.19525  eV     2   --> G_5  D_5       
     e( 27 - 28) =      1.85072  eV     2   --> G_5  D_5       
     e( 29 - 30) =      2.19292  eV     2   --> G_5  D_5       
     e( 31 - 32) =      3.29338  eV     2   --> G_5  D_5       
     e( 33 - 34) =      3.75906  eV     2   --> G_5  D_5       

 **************************************************************************

 **************************************************************************

                    xk=(   0.43243,   0.24966,   0.00000  )

     Band symmetry, C_2v (mm2)  double point group:

     e(  1 -  2) =    -61.22321  eV     2   --> G_5  D_5       
     e(  3 -  4) =    -37.08858  eV     2   --> G_5  D_5       
     e(  5 -  6) =    -34.69132  eV     2   --> G_5  D_5       
     e(  7 -  8) =    -34.51374  eV     2   --> G_5  D_5       
     e(  9 - 10) =    -12.65137  eV     2   --> G_5  D_5       
     e( 11 - 12) =    -12.45852  eV     2   --> G_5  D_5       
     e( 13 - 14) =     -6.02169  eV     2   --> G_5  D_5       
     e( 15 - 16) =     -5.09503  eV     2   --> G_5  D_5       
     e( 17 - 18) =     -4.37255  eV     2   --> G_5  D_5       
     e( 19 - 20) =     -3.38258  eV     2   --> G_5  D_5       
     e( 21 - 22) =     -2.33750  eV     2   --> G_5  D_5       
     e( 23 - 24) =     -1.33178  eV     2   --> G_5  D_5       
     e( 25 - 26) =     -1.15499  eV     2   --> G_5  D_5       
     e( 27 - 28) =      1.86322  eV     2   --> G_5  D_5       
     e( 29 - 30) =      2.24100  eV     2   --> G_5  D_5       
     e( 31 - 32) =      3.32653  eV     2   --> G_5  D_5       
     e( 33 - 34) =      3.77214  eV     2   --> G_5  D_5       

 **************************************************************************

 **************************************************************************

                    xk=(   0.44595,   0.25747,   0.00000  )

     Band symmetry, C_2v (mm2)  double point group:

     e(  1 -  2) =    -61.22259  eV     2   --> G_5  D_5       
     e(  3 -  4) =    -37.09053  eV     2   --> G_5  D_5       
     e(  5 -  6) =    -34.69503  eV     2   --> G_5  D_5       
     e(  7 -  8) =    -34.51412  eV     2   --> G_5  D_5       
     e(  9 - 10) =    -12.61207  eV     2   --> G_5  D_5       
     e( 11 - 12) =    -12.44261  eV     2   --> G_5  D_5       
     e( 13 - 14) =     -6.06378  eV     2   --> G_5  D_5       
     e( 15 - 16) =     -5.13587  eV     2   --> G_5  D_5       
     e( 17 - 18) =     -4.38870  eV     2   --> G_5  D_5       
     e( 19 - 20) =     -3.40194  eV     2   --> G_5  D_5       
     e( 21 - 22) =     -2.35210  eV     2   --> G_5  D_5       
     e( 23 - 24) =     -1.30999  eV     2   --> G_5  D_5       
     e( 25 - 26) =     -1.11833  eV     2   --> G_5  D_5       
     e( 27 - 28) =      1.87478  eV     2   --> G_5  D_5       
     e( 29 - 30) =      2.28405  eV     2   --> G_5  D_5       
     e( 31 - 32) =      3.35330  eV     2   --> G_5  D_5       
     e( 33 - 34) =      3.78268  eV     2   --> G_5  D_5       

 **************************************************************************

 **************************************************************************

                    xk=(   0.45946,   0.26527,   0.00000  )

     Band symmetry, C_2v (mm2)  double point group:

     e(  1 -  2) =    -61.22210  eV     2   --> G_5  D_5       
     e(  3 -  4) =    -37.09207  eV     2   --> G_5  D_5       
     e(  5 -  6) =    -34.69795  eV     2   --> G_5  D_5       
     e(  7 -  8) =    -34.51440  eV     2   --> G_5  D_5       
     e(  9 - 10) =    -12.58082  eV     2   --> G_5  D_5       
     e( 11 - 12) =    -12.43002  eV     2   --> G_5  D_5       
     e( 13 - 14) =     -6.09737  eV     2   --> G_5  D_5       
     e( 15 - 16) =     -5.16802  eV     2   --> G_5  D_5       
     e( 17 - 18) =     -4.40216  eV     2   --> G_5  D_5       
     e( 19 - 20) =     -3.41704  eV     2   --> G_5  D_5       
     e( 21 - 22) =     -2.36337  eV     2   --> G_5  D_5       
     e( 23 - 24) =     -1.29315  eV     2   --> G_5  D_5       
     e( 25 - 26) =     -1.08736  eV     2   --> G_5  D_5       
     e( 27 - 28) =      1.88466  eV     2   --> G_5  D_5       
     e( 29 - 30) =      2.32023  eV     2   --> G_5  D_5       
     e( 31 - 32) =      3.37385  eV     2   --> G_5  D_5       
     e( 33 - 34) =      3.79077  eV     2   --> G_5  D_5       

 **************************************************************************

 **************************************************************************

                    xk=(   0.47297,   0.27307,   0.00000  )

     Band symmetry, C_2v (mm2)  double point group:

     e(  1 -  2) =    -61.22175  eV     2   --> G_5  D_5       
     e(  3 -  4) =    -37.09318  eV     2   --> G_5  D_5       
     e(  5 -  6) =    -34.70005  eV     2   --> G_5  D_5       
     e(  7 -  8) =    -34.51459  eV     2   --> G_5  D_5       
     e(  9 - 10) =    -12.55812  eV     2   --> G_5  D_5       
     e( 11 - 12) =    -12.42092  eV     2   --> G_5  D_5       
     e( 13 - 14) =     -6.12183  eV     2   --> G_5  D_5       
     e( 15 - 16) =     -5.19119  eV     2   --> G_5  D_5       
     e( 17 - 18) =     -4.41226  eV     2   --> G_5  D_5       
     e( 19 - 20) =     -3.42786  eV     2   --> G_5  D_5       
     e( 21 - 22) =     -2.37137  eV     2   --> G_5  D_5       
     e( 23 - 24) =     -1.28119  eV     2   --> G_5  D_5       
     e( 25 - 26) =     -1.06387  eV     2   --> G_5  D_5       
     e( 27 - 28) =      1.89222  eV     2   --> G_5  D_5       
     e( 29 - 30) =      2.34772  eV     2   --> G_5  D_5       
     e( 31 - 32) =      3.38835  eV     2   --> G_5  D_5       
     e( 33 - 34) =      3.79650  eV     2   --> G_5  D_5       

 **************************************************************************

 **************************************************************************

                    xk=(   0.48649,   0.28087,   0.00000  )

     Band symmetry, C_2v (mm2)  double point group:

     e(  1 -  2) =    -61.22154  eV     2   --> G_5  D_5       
     e(  3 -  4) =    -37.09384  eV     2   --> G_5  D_5       
     e(  5 -  6) =    -34.70132  eV     2   --> G_5  D_5       
     e(  7 -  8) =    -34.51471  eV     2   --> G_5  D_5       
     e(  9 - 10) =    -12.54434  eV     2   --> G_5  D_5       
     e( 11 - 12) =    -12.41541  eV     2   --> G_5  D_5       
     e( 13 - 14) =     -6.13669  eV     2   --> G_5  D_5       
     e( 15 - 16) =     -5.20518  eV     2   --> G_5  D_5       
     e( 17 - 18) =     -4.41852  eV     2   --> G_5  D_5       
     e( 19 - 20) =     -3.43436  eV     2   --> G_5  D_5       
     e( 21 - 22) =     -2.37615  eV     2   --> G_5  D_5       
     e( 23 - 24) =     -1.27406  eV     2   --> G_5  D_5       
     e( 25 - 26) =     -1.04921  eV     2   --> G_5  D_5       
     e( 27 - 28) =      1.89697  eV     2   --> G_5  D_5       
     e( 29 - 30) =      2.36494  eV     2   --> G_5  D_5       
     e( 31 - 32) =      3.39697  eV     2   --> G_5  D_5       
     e( 33 - 34) =      3.79991  eV     2   --> G_5  D_5       

 **************************************************************************

 **************************************************************************

                    xk=(   0.50000,   0.28868,   0.00000  )

     Band symmetry, C_2v (mm2)  double point group:

     e(  1 -  2) =    -61.22146  eV     2   --> G_5  D_5       
     e(  3 -  4) =    -37.09407  eV     2   --> G_5  D_5       
     e(  5 -  6) =    -34.70175  eV     2   --> G_5  D_5       
     e(  7 -  8) =    -34.51474  eV     2   --> G_5  D_5       
     e(  9 - 10) =    -12.53971  eV     2   --> G_5  D_5       
     e( 11 - 12) =    -12.41357  eV     2   --> G_5  D_5       
     e( 13 - 14) =     -6.14168  eV     2   --> G_5  D_5       
     e( 15 - 16) =     -5.20986  eV     2   --> G_5  D_5       
     e( 17 - 18) =     -4.42064  eV     2   --> G_5  D_5       
     e( 19 - 20) =     -3.43652  eV     2   --> G_5  D_5       
     e( 21 - 22) =     -2.37774  eV     2   --> G_5  D_5       
     e( 23 - 24) =     -1.27168  eV     2   --> G_5  D_5       
     e( 25 - 26) =     -1.04423  eV     2   --> G_5  D_5       
     e( 27 - 28) =      1.89859  eV     2   --> G_5  D_5       
     e( 29 - 30) =      2.37081  eV     2   --> G_5  D_5       
     e( 31 - 32) =      3.39984  eV     2   --> G_5  D_5       
     e( 33 - 34) =      3.80105  eV     2   --> G_5  D_5       

 **************************************************************************

 **************************************************************************

                    xk=(   0.49383,   0.29937,   0.00000  )

     double point group C_s (m)    
     there are  4 classes and  2 irreducible representations
     the character table:

       E     -E    s     -s   
                              
G_3    1.00 -1.00  0.00  0.00
G_4    1.00 -1.00  0.00  0.00

     imaginary part

       E     -E    s     -s   
                              
G_3    0.00  0.00  1.00 -1.00
G_4    0.00  0.00 -1.00  1.00

     the symmetry operations in each class and the name of the first element:

     E             1
                                                                 
     -E           -1
                                                                 
     s             2
                                                                 
     -s           -2
                                                                 

     Band symmetry, C_s (m)     double point group:

     e(  1 -  2) =    -61.22145  eV     2   --> G_3            
     e(  1 -  2) =    -61.22145  eV     2   --> G_4            
     e(  3 -  3) =    -37.09474  eV     1   --> G_4            
     e(  4 -  4) =    -37.09345  eV     1   --> G_3            
     e(  5 -  5) =    -34.70240  eV     1   --> G_3            
     e(  6 -  6) =    -34.70093  eV     1   --> G_4            
     e(  7 -  7) =    -34.51513  eV     1   --> G_3            
     e(  8 -  8) =    -34.51478  eV     1   --> G_4            
     e(  9 -  9) =    -12.54060  eV     1   --> G_4            
     e( 10 - 10) =    -12.53729  eV     1   --> G_3            
     e( 11 - 11) =    -12.41320  eV     1   --> G_3            
     e( 12 - 12) =    -12.41293  eV     1   --> G_4            
     e( 13 - 13) =     -6.14039  eV     1   --> G_3            
     e( 14 - 14) =     -6.13849  eV     1   --> G_4            
     e( 15 - 15) =     -5.21147  eV     1   --> G_3            
     e( 16 - 16) =     -5.21081  eV     1   --> G_4            
     e( 17 - 17) =     -4.42047  eV     1   --> G_4            
     e( 18 - 18) =     -4.41907  eV     1   --> G_3            
     e( 19 - 19) =     -3.43837  eV     1   --> G_4            
     e( 20 - 20) =     -3.43751  eV     1   --> G_3            
     e( 21 - 21) =     -2.37777  eV     1   --> G_4            
     e( 22 - 22) =     -2.37629  eV     1   --> G_3            
     e( 23 - 23) =     -1.31606  eV     1   --> G_3            
     e( 24 - 24) =     -1.27115  eV     1   --> G_4            
     e( 25 - 25) =     -1.05505  eV     1   --> G_4            
     e( 26 - 26) =     -1.00533  eV     1   --> G_3            
     e( 27 - 27) =      1.89522  eV     1   --> G_4            
     e( 28 - 28) =      1.90303  eV     1   --> G_3            
     e( 29 - 29) =      2.36304  eV     1   --> G_3            
     e( 30 - 30) =      2.38049  eV     1   --> G_4            
     e( 31 - 31) =      3.40004  eV     1   --> G_3            
     e( 32 - 32) =      3.40649  eV     1   --> G_4            
     e( 33 - 33) =      3.79098  eV     1   --> G_4            
     e( 34 - 34) =      3.79613  eV     1   --> G_3            

 **************************************************************************

 **************************************************************************

                    xk=(   0.48765,   0.31006,   0.00000  )

     Band symmetry, C_s (m)     double point group:

     e(  1 -  2) =    -61.22141  eV     2   --> G_3            
     e(  1 -  2) =    -61.22141  eV     2   --> G_4            
     e(  3 -  3) =    -37.09546  eV     1   --> G_4            
     e(  4 -  4) =    -37.09289  eV     1   --> G_3            
     e(  5 -  5) =    -34.70291  eV     1   --> G_3            
     e(  6 -  6) =    -34.69996  eV     1   --> G_4            
     e(  7 -  7) =    -34.51593  eV     1   --> G_3            
     e(  8 -  8) =    -34.51524  eV     1   --> G_4            
     e(  9 -  9) =    -12.53993  eV     1   --> G_4            
     e( 10 - 10) =    -12.53332  eV     1   --> G_3            
     e( 11 - 11) =    -12.41183  eV     1   --> G_3            
     e( 12 - 12) =    -12.41130  eV     1   --> G_4            
     e( 13 - 13) =     -6.13462  eV     1   --> G_3            
     e( 14 - 14) =     -6.13082  eV     1   --> G_4            
     e( 15 - 15) =     -5.21567  eV     1   --> G_3            
     e( 16 - 16) =     -5.21436  eV     1   --> G_4            
     e( 17 - 17) =     -4.41859  eV     1   --> G_4            
     e( 18 - 18) =     -4.41580  eV     1   --> G_3            
     e( 19 - 19) =     -3.44294  eV     1   --> G_4            
     e( 20 - 20) =     -3.44119  eV     1   --> G_3            
     e( 21 - 21) =     -2.37643  eV     1   --> G_4            
     e( 22 - 22) =     -2.37354  eV     1   --> G_3            
     e( 23 - 23) =     -1.38419  eV     1   --> G_3            
     e( 24 - 24) =     -1.31889  eV     1   --> G_4            
     e( 25 - 25) =     -1.03318  eV     1   --> G_4            
     e( 26 - 26) =     -0.95827  eV     1   --> G_3            
     e( 27 - 27) =      1.89283  eV     1   --> G_4            
     e( 28 - 28) =      1.90843  eV     1   --> G_3            
     e( 29 - 29) =      2.35730  eV     1   --> G_3            
     e( 30 - 30) =      2.39208  eV     1   --> G_4            
     e( 31 - 31) =      3.40689  eV     1   --> G_3            
     e( 32 - 32) =      3.42003  eV     1   --> G_4            
     e( 33 - 33) =      3.76628  eV     1   --> G_4            
     e( 34 - 34) =      3.77673  eV     1   --> G_3            

 **************************************************************************

 **************************************************************************

                    xk=(   0.48148,   0.32075,   0.00000  )

     Band symmetry, C_s (m)     double point group:

     e(  1 -  2) =    -61.22133  eV     2   --> G_3            
     e(  1 -  2) =    -61.22133  eV     2   --> G_4            
     e(  3 -  3) =    -37.09623  eV     1   --> G_4            
     e(  4 -  4) =    -37.09239  eV     1   --> G_3            
     e(  5 -  5) =    -34.70326  eV     1   --> G_3            
     e(  6 -  6) =    -34.69883  eV     1   --> G_4            
     e(  7 -  7) =    -34.51713  eV     1   --> G_3            
     e(  8 -  8) =    -34.51613  eV     1   --> G_4            
     e(  9 -  9) =    -12.53774  eV     1   --> G_4            
     e( 10 - 10) =    -12.52785  eV     1   --> G_3            
     e( 11 - 11) =    -12.40947  eV     1   --> G_3            
     e( 12 - 12) =    -12.40869  eV     1   --> G_4            
     e( 13 - 13) =     -6.12438  eV     1   --> G_3            
     e( 14 - 14) =     -6.11869  eV     1   --> G_4            
     e( 15 - 15) =     -5.22246  eV     1   --> G_3            
     e( 16 - 16) =     -5.22050  eV     1   --> G_4            
     e( 17 - 17) =     -4.41503  eV     1   --> G_4            
     e( 18 - 18) =     -4.41086  eV     1   --> G_3            
     e( 19 - 19) =     -3.44996  eV     1   --> G_4            
     e( 20 - 20) =     -3.44725  eV     1   --> G_3            
     e( 21 - 21) =     -2.37391  eV     1   --> G_4            
     e( 22 - 22) =     -2.36976  eV     1   --> G_3            
     e( 23 - 23) =     -1.46637  eV     1   --> G_3            
     e( 24 - 24) =     -1.39472  eV     1   --> G_4            
     e( 25 - 25) =     -0.99828  eV     1   --> G_4            
     e( 26 - 26) =     -0.91228  eV     1   --> G_3            
     e( 27 - 27) =      1.89106  eV     1   --> G_4            
     e( 28 - 28) =      1.91438  eV     1   --> G_3            
     e( 29 - 29) =      2.35385  eV     1   --> G_3            
     e( 30 - 30) =      2.40570  eV     1   --> G_4            
     e( 31 - 31) =      3.41989  eV     1   --> G_3            
     e( 32 - 32) =      3.44030  eV     1   --> G_4            
     e( 33 - 33) =      3.72808  eV     1   --> G_4            
     e( 34 - 34) =      3.74427  eV     1   --> G_3            

 **************************************************************************

 **************************************************************************

                    xk=(   0.47531,   0.33144,   0.00000  )

     Band symmetry, C_s (m)     double point group:

     e(  1 -  2) =    -61.22123  eV     2   --> G_3            
     e(  1 -  2) =    -61.22123  eV     2   --> G_4            
     e(  3 -  3) =    -37.09704  eV     1   --> G_4            
     e(  4 -  4) =    -37.09194  eV     1   --> G_3            
     e(  5 -  5) =    -34.70347  eV     1   --> G_3            
     e(  6 -  6) =    -34.69753  eV     1   --> G_4            
     e(  7 -  7) =    -34.51872  eV     1   --> G_3            
     e(  8 -  8) =    -34.51744  eV     1   --> G_4            
     e(  9 -  9) =    -12.53405  eV     1   --> G_4            
     e( 10 - 10) =    -12.52090  eV     1   --> G_3            
     e( 11 - 11) =    -12.40616  eV     1   --> G_3            
     e( 12 - 12) =    -12.40511  eV     1   --> G_4            
     e( 13 - 13) =     -6.10972  eV     1   --> G_3            
     e( 14 - 14) =     -6.10214  eV     1   --> G_4            
     e( 15 - 15) =     -5.23187  eV     1   --> G_3            
     e( 16 - 16) =     -5.22926  eV     1   --> G_4            
     e( 17 - 17) =     -4.40982  eV     1   --> G_4            
     e( 18 - 18) =     -4.40432  eV     1   --> G_3            
     e( 19 - 19) =     -3.45895  eV     1   --> G_4            
     e( 20 - 20) =     -3.45519  eV     1   --> G_3            
     e( 21 - 21) =     -2.37054  eV     1   --> G_4            
     e( 22 - 22) =     -2.36534  eV     1   --> G_3            
     e( 23 - 23) =     -1.55897  eV     1   --> G_3            
     e( 24 - 24) =     -1.48598  eV     1   --> G_4            
     e( 25 - 25) =     -0.96218  eV     1   --> G_4            
     e( 26 - 26) =     -0.87017  eV     1   --> G_3            
     e( 27 - 27) =      1.88940  eV     1   --> G_4            
     e( 28 - 28) =      1.92023  eV     1   --> G_3            
     e( 29 - 29) =      2.35311  eV     1   --> G_3            
     e( 30 - 30) =      2.42152  eV     1   --> G_4            
     e( 31 - 31) =      3.43789  eV     1   --> G_3            
     e( 32 - 32) =      3.46690  eV     1   --> G_4            
     e( 33 - 33) =      3.67816  eV     1   --> G_4            
     e( 34 - 34) =      3.70124  eV     1   --> G_3            

 **************************************************************************

 **************************************************************************

                    xk=(   0.46914,   0.34213,   0.00000  )

     Band symmetry, C_s (m)     double point group:

     e(  1 -  2) =    -61.22110  eV     2   --> G_3            
     e(  1 -  2) =    -61.22110  eV     2   --> G_4            
     e(  3 -  3) =    -37.09790  eV     1   --> G_4            
     e(  4 -  4) =    -37.09156  eV     1   --> G_3            
     e(  5 -  5) =    -34.70354  eV     1   --> G_3            
     e(  6 -  6) =    -34.69608  eV     1   --> G_4            
     e(  7 -  7) =    -34.52066  eV     1   --> G_3            
     e(  8 -  8) =    -34.51915  eV     1   --> G_4            
     e(  9 -  9) =    -12.52890  eV     1   --> G_4            
     e( 10 - 10) =    -12.51254  eV     1   --> G_3            
     e( 11 - 11) =    -12.40192  eV     1   --> G_3            
     e( 12 - 12) =    -12.40062  eV     1   --> G_4            
     e( 13 - 13) =     -6.09068  eV     1   --> G_3            
     e( 14 - 14) =     -6.08123  eV     1   --> G_4            
     e( 15 - 15) =     -5.24390  eV     1   --> G_3            
     e( 16 - 16) =     -5.24068  eV     1   --> G_4            
     e( 17 - 17) =     -4.40306  eV     1   --> G_4            
     e( 18 - 18) =     -4.39626  eV     1   --> G_3            
     e( 19 - 19) =     -3.46930  eV     1   --> G_4            
     e( 20 - 20) =     -3.46440  eV     1   --> G_3            
     e( 21 - 21) =     -2.36675  eV     1   --> G_4            
     e( 22 - 22) =     -2.36076  eV     1   --> G_3            
     e( 23 - 23) =     -1.66028  eV     1   --> G_3            
     e( 24 - 24) =     -1.58786  eV     1   --> G_4            
     e( 25 - 25) =     -0.92858  eV     1   --> G_4            
     e( 26 - 26) =     -0.83255  eV     1   --> G_3            
     e( 27 - 27) =      1.88723  eV     1   --> G_4            
     e( 28 - 28) =      1.92508  eV     1   --> G_3            
     e( 29 - 29) =      2.35564  eV     1   --> G_3            
     e( 30 - 30) =      2.43977  eV     1   --> G_4            
     e( 31 - 31) =      3.45797  eV     1   --> G_3            
     e( 32 - 32) =      3.49879  eV     1   --> G_4            
     e( 33 - 33) =      3.61921  eV     1   --> G_4            
     e( 34 - 34) =      3.65221  eV     1   --> G_3            

 **************************************************************************

 **************************************************************************

                    xk=(   0.46296,   0.35283,   0.00000  )

     Band symmetry, C_s (m)     double point group:

     e(  1 -  2) =    -61.22095  eV     2   --> G_3            
     e(  1 -  2) =    -61.22095  eV     2   --> G_4            
     e(  3 -  3) =    -37.09880  eV     1   --> G_4            
     e(  4 -  4) =    -37.09123  eV     1   --> G_3            
     e(  5 -  5) =    -34.70348  eV     1   --> G_3            
     e(  6 -  6) =    -34.69448  eV     1   --> G_4            
     e(  7 -  7) =    -34.52295  eV     1   --> G_3            
     e(  8 -  8) =    -34.52127  eV     1   --> G_4            
     e(  9 -  9) =    -12.52235  eV     1   --> G_4            
     e( 10 - 10) =    -12.50282  eV     1   --> G_3            
     e( 11 - 11) =    -12.39679  eV     1   --> G_3            
     e( 12 - 12) =    -12.39524  eV     1   --> G_4            
     e( 13 - 13) =     -6.06732  eV     1   --> G_3            
     e( 14 - 14) =     -6.05601  eV     1   --> G_4            
     e( 15 - 15) =     -5.25856  eV     1   --> G_3            
     e( 16 - 16) =     -5.25474  eV     1   --> G_4            
     e( 17 - 17) =     -4.39483  eV     1   --> G_4            
     e( 18 - 18) =     -4.38680  eV     1   --> G_3            
     e( 19 - 19) =     -3.48033  eV     1   --> G_4            
     e( 20 - 20) =     -3.47419  eV     1   --> G_3            
     e( 21 - 21) =     -2.36303  eV     1   --> G_4            
     e( 22 - 22) =     -2.35660  eV     1   --> G_3            
     e( 23 - 23) =     -1.76914  eV     1   --> G_3            
     e( 24 - 24) =     -1.69818  eV     1   --> G_4            
     e( 25 - 25) =     -0.89838  eV     1   --> G_4            
     e( 26 - 26) =     -0.79926  eV     1   --> G_3            
     e( 27 - 27) =      1.88386  eV     1   --> G_4            
     e( 28 - 28) =      1.92787  eV     1   --> G_3            
     e( 29 - 29) =      2.36207  eV     1   --> G_3            
     e( 30 - 30) =      2.46066  eV     1   --> G_4            
     e( 31 - 31) =      3.47021  eV     1   --> G_3            
     e( 32 - 32) =      3.52403  eV     1   --> G_4            
     e( 33 - 33) =      3.56485  eV     1   --> G_4            
     e( 34 - 34) =      3.60876  eV     1   --> G_3            

 **************************************************************************

 **************************************************************************

                    xk=(   0.45679,   0.36352,   0.00000  )

     Band symmetry, C_s (m)     double point group:

     e(  1 -  2) =    -61.22077  eV     2   --> G_3            
     e(  1 -  2) =    -61.22077  eV     2   --> G_4            
     e(  3 -  3) =    -37.09972  eV     1   --> G_4            
     e(  4 -  4) =    -37.09097  eV     1   --> G_3            
     e(  5 -  5) =    -34.70331  eV     1   --> G_3            
     e(  6 -  6) =    -34.69273  eV     1   --> G_4            
     e(  7 -  7) =    -34.52555  eV     1   --> G_3            
     e(  8 -  8) =    -34.52376  eV     1   --> G_4            
     e(  9 -  9) =    -12.51446  eV     1   --> G_4            
     e( 10 - 10) =    -12.49183  eV     1   --> G_3            
     e( 11 - 11) =    -12.39083  eV     1   --> G_3            
     e( 12 - 12) =    -12.38903  eV     1   --> G_4            
     e( 13 - 13) =     -6.03971  eV     1   --> G_3            
     e( 14 - 14) =     -6.02657  eV     1   --> G_4            
     e( 15 - 15) =     -5.27583  eV     1   --> G_3            
     e( 16 - 16) =     -5.27145  eV     1   --> G_4            
     e( 17 - 17) =     -4.38525  eV     1   --> G_4            
     e( 18 - 18) =     -4.37606  eV     1   --> G_3            
     e( 19 - 19) =     -3.49133  eV     1   --> G_4            
     e( 20 - 20) =     -3.48386  eV     1   --> G_3            
     e( 21 - 21) =     -2.35991  eV     1   --> G_4            
     e( 22 - 22) =     -2.35346  eV     1   --> G_3            
     e( 23 - 23) =     -1.88450  eV     1   --> G_3            
     e( 24 - 24) =     -1.81556  eV     1   --> G_4            
     e( 25 - 25) =     -0.87148  eV     1   --> G_4            
     e( 26 - 26) =     -0.76976  eV     1   --> G_3            
     e( 27 - 27) =      1.87858  eV     1   --> G_4            
     e( 28 - 28) =      1.92753  eV     1   --> G_3            
     e( 29 - 29) =      2.37302  eV     1   --> G_3            
     e( 30 - 30) =      2.48441  eV     1   --> G_4            
     e( 31 - 31) =      3.44955  eV     1   --> G_3            
     e( 32 - 32) =      3.46959  eV     1   --> G_4            
     e( 33 - 33) =      3.58968  eV     1   --> G_4            
     e( 34 - 34) =      3.59758  eV     1   --> G_3            

 **************************************************************************

 **************************************************************************

                    xk=(   0.45062,   0.37421,   0.00000  )

     Band symmetry, C_s (m)     double point group:

     e(  1 -  2) =    -61.22057  eV     2   --> G_3            
     e(  1 -  2) =    -61.22057  eV     2   --> G_4            
     e(  3 -  3) =    -37.10068  eV     1   --> G_4            
     e(  4 -  4) =    -37.09076  eV     1   --> G_3            
     e(  5 -  5) =    -34.70302  eV     1   --> G_3            
     e(  6 -  6) =    -34.69083  eV     1   --> G_4            
     e(  7 -  7) =    -34.52842  eV     1   --> G_3            
     e(  8 -  8) =    -34.52661  eV     1   --> G_4            
     e(  9 -  9) =    -12.50533  eV     1   --> G_4            
     e( 10 - 10) =    -12.47965  eV     1   --> G_3            
     e( 11 - 11) =    -12.38410  eV     1   --> G_3            
     e( 12 - 12) =    -12.38206  eV     1   --> G_4            
     e( 13 - 13) =     -6.00795  eV     1   --> G_3            
     e( 14 - 14) =     -5.99299  eV     1   --> G_4            
     e( 15 - 15) =     -5.29565  eV     1   --> G_3            
     e( 16 - 16) =     -5.29074  eV     1   --> G_4            
     e( 17 - 17) =     -4.37447  eV     1   --> G_4            
     e( 18 - 18) =     -4.36421  eV     1   --> G_3            
     e( 19 - 19) =     -3.50159  eV     1   --> G_4            
     e( 20 - 20) =     -3.49271  eV     1   --> G_3            
     e( 21 - 21) =     -2.35795  eV     1   --> G_4            
     e( 22 - 22) =     -2.35212  eV     1   --> G_3            
     e( 23 - 23) =     -2.00522  eV     1   --> G_3            
     e( 24 - 24) =     -1.93887  eV     1   --> G_4            
     e( 25 - 25) =     -0.84739  eV     1   --> G_4            
     e( 26 - 26) =     -0.74338  eV     1   --> G_3            
     e( 27 - 27) =      1.87079  eV     1   --> G_4            
     e( 28 - 28) =      1.92313  eV     1   --> G_3            
     e( 29 - 29) =      2.38892  eV     1   --> G_3            
     e( 30 - 30) =      2.51113  eV     1   --> G_4            
     e( 31 - 32) =      3.39331  eV     2   --> G_3            
     e( 31 - 32) =      3.39331  eV     2   --> G_4            
     e( 33 - 33) =      3.62275  eV     1   --> G_3            
     e( 34 - 34) =      3.63722  eV     1   --> G_4            

 **************************************************************************

 **************************************************************************

                    xk=(   0.44444,   0.38490,   0.00000  )

     Band symmetry, C_s (m)     double point group:

     e(  1 -  2) =    -61.22035  eV     2   --> G_3            
     e(  1 -  2) =    -61.22035  eV     2   --> G_4            
     e(  3 -  3) =    -37.10166  eV     1   --> G_4            
     e(  4 -  4) =    -37.09062  eV     1   --> G_3            
     e(  5 -  5) =    -34.70264  eV     1   --> G_3            
     e(  6 -  6) =    -34.68879  eV     1   --> G_4            
     e(  7 -  7) =    -34.53153  eV     1   --> G_3            
     e(  8 -  8) =    -34.52979  eV     1   --> G_4            
     e(  9 -  9) =    -12.49505  eV     1   --> G_4            
     e( 10 - 10) =    -12.46640  eV     1   --> G_3            
     e( 11 - 11) =    -12.37667  eV     1   --> G_3            
     e( 12 - 12) =    -12.37440  eV     1   --> G_4            
     e( 13 - 13) =     -5.97214  eV     1   --> G_3            
     e( 14 - 14) =     -5.95538  eV     1   --> G_4            
     e( 15 - 15) =     -5.31790  eV     1   --> G_3            
     e( 16 - 16) =     -5.31253  eV     1   --> G_4            
     e( 17 - 17) =     -4.36263  eV     1   --> G_4            
     e( 18 - 18) =     -4.35143  eV     1   --> G_3            
     e( 19 - 19) =     -3.51048  eV     1   --> G_4            
     e( 20 - 20) =     -3.50013  eV     1   --> G_3            
     e( 21 - 21) =     -2.35780  eV     1   --> G_4            
     e( 22 - 22) =     -2.35389  eV     1   --> G_3            
     e( 23 - 23) =     -2.12954  eV     1   --> G_3            
     e( 24 - 24) =     -2.06694  eV     1   --> G_4            
     e( 25 - 25) =     -0.82549  eV     1   --> G_4            
     e( 26 - 26) =     -0.71938  eV     1   --> G_3            
     e( 27 - 27) =      1.85997  eV     1   --> G_4            
     e( 28 - 28) =      1.91403  eV     1   --> G_3            
     e( 29 - 29) =      2.40994  eV     1   --> G_3            
     e( 30 - 30) =      2.54084  eV     1   --> G_4            
     e( 31 - 31) =      3.31379  eV     1   --> G_4            
     e( 32 - 32) =      3.32296  eV     1   --> G_3            
     e( 33 - 33) =      3.66396  eV     1   --> G_3            
     e( 34 - 34) =      3.69003  eV     1   --> G_4            

 **************************************************************************

 **************************************************************************

                    xk=(   0.43827,   0.39559,   0.00000  )

     Band symmetry, C_s (m)     double point group:

     e(  1 -  2) =    -61.22011  eV     2   --> G_3            
     e(  1 -  2) =    -61.22011  eV     2   --> G_4            
     e(  3 -  3) =    -37.10265  eV     1   --> G_4            
     e(  4 -  4) =    -37.09053  eV     1   --> G_3            
     e(  5 -  5) =    -34.70218  eV     1   --> G_3            
     e(  6 -  6) =    -34.68662  eV     1   --> G_4            
     e(  7 -  7) =    -34.53484  eV     1   --> G_3            
     e(  8 -  8) =    -34.53328  eV     1   --> G_4            
     e(  9 -  9) =    -12.48372  eV     1   --> G_4            
     e( 10 - 10) =    -12.45219  eV     1   --> G_3            
     e( 11 - 11) =    -12.36862  eV     1   --> G_3            
     e( 12 - 12) =    -12.36613  eV     1   --> G_4            
     e( 13 - 13) =     -5.93239  eV     1   --> G_3            
     e( 14 - 14) =     -5.91387  eV     1   --> G_4            
     e( 15 - 15) =     -5.34243  eV     1   --> G_3            
     e( 16 - 16) =     -5.33664  eV     1   --> G_4            
     e( 17 - 17) =     -4.34994  eV     1   --> G_4            
     e( 18 - 18) =     -4.33793  eV     1   --> G_3            
     e( 19 - 19) =     -3.51744  eV     1   --> G_4            
     e( 20 - 20) =     -3.50557  eV     1   --> G_3            
     e( 21 - 21) =     -2.36395  eV     1   --> G_3            
     e( 22 - 22) =     -2.36069  eV     1   --> G_4            
     e( 23 - 23) =     -2.25176  eV     1   --> G_3            
     e( 24 - 24) =     -2.19800  eV     1   --> G_4            
     e( 25 - 25) =     -0.80510  eV     1   --> G_4            
     e( 26 - 26) =     -0.69701  eV     1   --> G_3            
     e( 27 - 27) =      1.84576  eV     1   --> G_4            
     e( 28 - 28) =      1.89994  eV     1   --> G_3            
     e( 29 - 29) =      2.43587  eV     1   --> G_3            
     e( 30 - 30) =      2.57345  eV     1   --> G_4            
     e( 31 - 31) =      3.23348  eV     1   --> G_4            
     e( 32 - 32) =      3.24811  eV     1   --> G_3            
     e( 33 - 33) =      3.71251  eV     1   --> G_3            
     e( 34 - 34) =      3.74649  eV     1   --> G_4            

 **************************************************************************

 **************************************************************************

                    xk=(   0.43210,   0.40628,   0.00000  )

     Band symmetry, C_s (m)     double point group:

     e(  1 -  2) =    -61.21986  eV     2   --> G_3            
     e(  1 -  2) =    -61.21986  eV     2   --> G_4            
     e(  3 -  3) =    -37.10366  eV     1   --> G_4            
     e(  4 -  4) =    -37.09050  eV     1   --> G_3            
     e(  5 -  5) =    -34.70164  eV     1   --> G_3            
     e(  6 -  6) =    -34.68433  eV     1   --> G_4            
     e(  7 -  7) =    -34.53831  eV     1   --> G_3            
     e(  8 -  8) =    -34.53703  eV     1   --> G_4            
     e(  9 -  9) =    -12.47146  eV     1   --> G_4            
     e( 10 - 10) =    -12.43715  eV     1   --> G_3            
     e( 11 - 11) =    -12.36003  eV     1   --> G_3            
     e( 12 - 12) =    -12.35734  eV     1   --> G_4            
     e( 13 - 13) =     -5.88885  eV     1   --> G_3            
     e( 14 - 14) =     -5.86859  eV     1   --> G_4            
     e( 15 - 15) =     -5.36901  eV     1   --> G_3            
     e( 16 - 16) =     -5.36287  eV     1   --> G_4            
     e( 17 - 17) =     -4.33658  eV     1   --> G_4            
     e( 18 - 18) =     -4.32394  eV     1   --> G_3            
     e( 19 - 19) =     -3.52201  eV     1   --> G_4            
     e( 20 - 20) =     -3.50859  eV     1   --> G_3            
     e( 21 - 21) =     -2.42280  eV     1   --> G_3            
     e( 22 - 22) =     -2.37696  eV     1   --> G_4            
     e( 23 - 23) =     -2.33080  eV     1   --> G_3            
     e( 24 - 24) =     -2.32114  eV     1   --> G_4            
     e( 25 - 25) =     -0.78559  eV     1   --> G_4            
     e( 26 - 26) =     -0.67556  eV     1   --> G_3            
     e( 27 - 27) =      1.82796  eV     1   --> G_4            
     e( 28 - 28) =      1.88086  eV     1   --> G_3            
     e( 29 - 29) =      2.46624  eV     1   --> G_3            
     e( 30 - 30) =      2.60872  eV     1   --> G_4            
     e( 31 - 31) =      3.15399  eV     1   --> G_4            
     e( 32 - 32) =      3.17248  eV     1   --> G_3            
     e( 33 - 33) =      3.76533  eV     1   --> G_3            
     e( 34 - 34) =      3.80561  eV     1   --> G_4            

 **************************************************************************

 **************************************************************************

                    xk=(   0.42593,   0.41698,   0.00000  )

     Band symmetry, C_s (m)     double point group:

     e(  1 -  2) =    -61.21960  eV     2   --> G_3            
     e(  1 -  2) =    -61.21960  eV     2   --> G_4            
     e(  3 -  3) =    -37.10468  eV     1   --> G_4            
     e(  4 -  4) =    -37.09051  eV     1   --> G_3            
     e(  5 -  5) =    -34.70106  eV     1   --> G_3            
     e(  6 -  6) =    -34.68193  eV     1   --> G_4            
     e(  7 -  7) =    -34.54189  eV     1   --> G_3            
     e(  8 -  8) =    -34.54103  eV     1   --> G_4            
     e(  9 -  9) =    -12.45842  eV     1   --> G_4            
     e( 10 - 10) =    -12.42144  eV     1   --> G_3            
     e( 11 - 11) =    -12.35101  eV     1   --> G_3            
     e( 12 - 12) =    -12.34812  eV     1   --> G_4            
     e( 13 - 13) =     -5.84166  eV     1   --> G_3            
     e( 14 - 14) =     -5.81968  eV     1   --> G_4            
     e( 15 - 15) =     -5.39734  eV     1   --> G_3            
     e( 16 - 16) =     -5.39093  eV     1   --> G_4            
     e( 17 - 17) =     -4.32278  eV     1   --> G_4            
     e( 18 - 18) =     -4.30974  eV     1   --> G_3            
     e( 19 - 19) =     -3.52384  eV     1   --> G_4            
     e( 20 - 20) =     -3.50888  eV     1   --> G_3            
     e( 21 - 21) =     -2.54570  eV     1   --> G_3            
     e( 22 - 22) =     -2.48260  eV     1   --> G_4            
     e( 23 - 23) =     -2.35970  eV     1   --> G_4            
     e( 24 - 24) =     -2.35068  eV     1   --> G_3            
     e( 25 - 25) =     -0.76633  eV     1   --> G_4            
     e( 26 - 26) =     -0.65438  eV     1   --> G_3            
     e( 27 - 27) =      1.80653  eV     1   --> G_4            
     e( 28 - 28) =      1.85706  eV     1   --> G_3            
     e( 29 - 29) =      2.50036  eV     1   --> G_3            
     e( 30 - 30) =      2.64630  eV     1   --> G_4            
     e( 31 - 31) =      3.07662  eV     1   --> G_4            
     e( 32 - 32) =      3.09812  eV     1   --> G_3            
     e( 33 - 33) =      3.82081  eV     1   --> G_3            
     e( 34 - 34) =      3.86651  eV     1   --> G_4            

 **************************************************************************

 **************************************************************************

                    xk=(   0.41975,   0.42767,   0.00000  )

     Band symmetry, C_s (m)     double point group:

     e(  1 -  2) =    -61.21932  eV     2   --> G_3            
     e(  1 -  2) =    -61.21932  eV     2   --> G_4            
     e(  3 -  3) =    -37.10569  eV     1   --> G_4            
     e(  4 -  4) =    -37.09058  eV     1   --> G_3            
     e(  5 -  5) =    -34.70045  eV     1   --> G_3            
     e(  6 -  6) =    -34.67944  eV     1   --> G_4            
     e(  7 -  7) =    -34.54553  eV     1   --> G_3            
     e(  8 -  8) =    -34.54522  eV     1   --> G_4            
     e(  9 -  9) =    -12.44474  eV     1   --> G_4            
     e( 10 - 10) =    -12.40520  eV     1   --> G_3            
     e( 11 - 11) =    -12.34166  eV     1   --> G_3            
     e( 12 - 12) =    -12.33858  eV     1   --> G_4            
     e( 13 - 13) =     -5.79099  eV     1   --> G_3            
     e( 14 - 14) =     -5.76733  eV     1   --> G_4            
     e( 15 - 15) =     -5.42708  eV     1   --> G_3            
     e( 16 - 16) =     -5.42047  eV     1   --> G_4            
     e( 17 - 17) =     -4.30881  eV     1   --> G_4            
     e( 18 - 18) =     -4.29563  eV     1   --> G_3            
     e( 19 - 19) =     -3.52271  eV     1   --> G_4            
     e( 20 - 20) =     -3.50623  eV     1   --> G_3            
     e( 21 - 21) =     -2.67985  eV     1   --> G_3            
     e( 22 - 22) =     -2.61955  eV     1   --> G_4            
     e( 23 - 23) =     -2.37101  eV     1   --> G_4            
     e( 24 - 24) =     -2.36340  eV     1   --> G_3            
     e( 25 - 25) =     -0.74681  eV     1   --> G_4            
     e( 26 - 26) =     -0.63289  eV     1   --> G_3            
     e( 27 - 27) =      1.78157  eV     1   --> G_4            
     e( 28 - 28) =      1.82892  eV     1   --> G_3            
     e( 29 - 29) =      2.53739  eV     1   --> G_3            
     e( 30 - 30) =      2.68564  eV     1   --> G_4            
     e( 31 - 31) =      3.00253  eV     1   --> G_4            
     e( 32 - 32) =      3.02651  eV     1   --> G_3            
     e( 33 - 33) =      3.87777  eV     1   --> G_3            
     e( 34 - 34) =      3.92832  eV     1   --> G_4            

 **************************************************************************

 **************************************************************************

                    xk=(   0.41358,   0.43836,   0.00000  )

     Band symmetry, C_s (m)     double point group:

     e(  1 -  2) =    -61.21905  eV     2   --> G_3            
     e(  1 -  2) =    -61.21905  eV     2   --> G_4            
     e(  3 -  3) =    -37.10670  eV     1   --> G_4            
     e(  4 -  4) =    -37.09070  eV     1   --> G_3            
     e(  5 -  5) =    -34.69981  eV     1   --> G_3            
     e(  6 -  6) =    -34.67687  eV     1   --> G_4            
     e(  7 -  7) =    -34.54956  eV     1   --> G_4            
     e(  8 -  8) =    -34.54918  eV     1   --> G_3            
     e(  9 -  9) =    -12.43058  eV     1   --> G_4            
     e( 10 - 10) =    -12.38860  eV     1   --> G_3            
     e( 11 - 11) =    -12.33208  eV     1   --> G_3            
     e( 12 - 12) =    -12.32884  eV     1   --> G_4            
     e( 13 - 13) =     -5.73706  eV     1   --> G_3            
     e( 14 - 14) =     -5.71172  eV     1   --> G_4            
     e( 15 - 15) =     -5.45779  eV     1   --> G_3            
     e( 16 - 16) =     -5.45110  eV     1   --> G_4            
     e( 17 - 17) =     -4.29495  eV     1   --> G_4            
     e( 18 - 18) =     -4.28197  eV     1   --> G_3            
     e( 19 - 19) =     -3.51852  eV     1   --> G_4            
     e( 20 - 20) =     -3.50058  eV     1   --> G_3            
     e( 21 - 21) =     -2.81598  eV     1   --> G_3            
     e( 22 - 22) =     -2.75898  eV     1   --> G_4            
     e( 23 - 23) =     -2.38305  eV     1   --> G_4            
     e( 24 - 24) =     -2.37727  eV     1   --> G_3            
     e( 25 - 25) =     -0.72659  eV     1   --> G_4            
     e( 26 - 26) =     -0.61063  eV     1   --> G_3            
     e( 27 - 27) =      1.75331  eV     1   --> G_4            
     e( 28 - 28) =      1.79694  eV     1   --> G_3            
     e( 29 - 29) =      2.57635  eV     1   --> G_3            
     e( 30 - 30) =      2.72583  eV     1   --> G_4            
     e( 31 - 31) =      2.93303  eV     1   --> G_4            
     e( 32 - 32) =      2.95887  eV     1   --> G_3            
     e( 33 - 33) =      3.93519  eV     1   --> G_3            
     e( 34 - 34) =      3.99016  eV     1   --> G_4            

 **************************************************************************

 **************************************************************************

                    xk=(   0.40741,   0.44905,   0.00000  )

     Band symmetry, C_s (m)     double point group:

     e(  1 -  2) =    -61.21876  eV     2   --> G_3            
     e(  1 -  2) =    -61.21876  eV     2   --> G_4            
     e(  3 -  3) =    -37.10769  eV     1   --> G_4            
     e(  4 -  4) =    -37.09085  eV     1   --> G_3            
     e(  5 -  5) =    -34.69918  eV     1   --> G_3            
     e(  6 -  6) =    -34.67423  eV     1   --> G_4            
     e(  7 -  7) =    -34.55401  eV     1   --> G_4            
     e(  8 -  8) =    -34.55279  eV     1   --> G_3            
     e(  9 -  9) =    -12.41610  eV     1   --> G_4            
     e( 10 - 10) =    -12.37183  eV     1   --> G_3            
     e( 11 - 11) =    -12.32241  eV     1   --> G_3            
     e( 12 - 12) =    -12.31901  eV     1   --> G_4            
     e( 13 - 13) =     -5.68015  eV     1   --> G_3            
     e( 14 - 14) =     -5.65310  eV     1   --> G_4            
     e( 15 - 15) =     -5.48897  eV     1   --> G_3            
     e( 16 - 16) =     -5.48234  eV     1   --> G_4            
     e( 17 - 17) =     -4.28154  eV     1   --> G_4            
     e( 18 - 18) =     -4.26919  eV     1   --> G_3            
     e( 19 - 19) =     -3.51125  eV     1   --> G_4            
     e( 20 - 20) =     -3.49202  eV     1   --> G_3            
     e( 21 - 21) =     -2.95168  eV     1   --> G_3            
     e( 22 - 22) =     -2.89835  eV     1   --> G_4            
     e( 23 - 23) =     -2.39739  eV     1   --> G_4            
     e( 24 - 24) =     -2.39354  eV     1   --> G_3            
     e( 25 - 25) =     -0.70536  eV     1   --> G_4            
     e( 26 - 26) =     -0.58724  eV     1   --> G_3            
     e( 27 - 27) =      1.72210  eV     1   --> G_4            
     e( 28 - 28) =      1.76166  eV     1   --> G_3            
     e( 29 - 29) =      2.61594  eV     1   --> G_3            
     e( 30 - 30) =      2.76407  eV     1   --> G_4            
     e( 31 - 31) =      2.87109  eV     1   --> G_4            
     e( 32 - 32) =      2.89653  eV     1   --> G_3            
     e( 33 - 33) =      3.99213  eV     1   --> G_3            
     e( 34 - 34) =      4.05116  eV     1   --> G_4            

 **************************************************************************

 **************************************************************************

                    xk=(   0.40123,   0.45974,   0.00000  )

     Band symmetry, C_s (m)     double point group:

     e(  1 -  2) =    -61.21848  eV     2   --> G_3            
     e(  1 -  2) =    -61.21848  eV     2   --> G_4            
     e(  3 -  3) =    -37.10866  eV     1   --> G_4            
     e(  4 -  4) =    -37.09104  eV     1   --> G_3            
     e(  5 -  5) =    -34.69857  eV     1   --> G_3            
     e(  6 -  6) =    -34.67156  eV     1   --> G_4            
     e(  7 -  7) =    -34.55851  eV     1   --> G_4            
     e(  8 -  8) =    -34.55631  eV     1   --> G_3            
     e(  9 -  9) =    -12.40151  eV     1   --> G_4            
     e( 10 - 10) =    -12.35508  eV     1   --> G_3            
     e( 11 - 11) =    -12.31276  eV     1   --> G_3            
     e( 12 - 12) =    -12.30923  eV     1   --> G_4            
     e( 13 - 13) =     -5.62086  eV     1   --> G_3            
     e( 14 - 14) =     -5.59183  eV     1   --> G_4            
     e( 15 - 15) =     -5.51978  eV     1   --> G_3            
     e( 16 - 16) =     -5.51359  eV     1   --> G_4            
     e( 17 - 17) =     -4.26900  eV     1   --> G_4            
     e( 18 - 18) =     -4.25783  eV     1   --> G_3            
     e( 19 - 19) =     -3.50101  eV     1   --> G_4            
     e( 20 - 20) =     -3.48090  eV     1   --> G_3            
     e( 21 - 21) =     -3.08519  eV     1   --> G_3            
     e( 22 - 22) =     -3.03630  eV     1   --> G_4            
     e( 23 - 23) =     -2.41426  eV     1   --> G_4            
     e( 24 - 24) =     -2.41244  eV     1   --> G_3            
     e( 25 - 25) =     -0.68293  eV     1   --> G_4            
     e( 26 - 26) =     -0.56251  eV     1   --> G_3            
     e( 27 - 27) =      1.68841  eV     1   --> G_4            
     e( 28 - 28) =      1.72368  eV     1   --> G_3            
     e( 29 - 29) =      2.65387  eV     1   --> G_3            
     e( 30 - 30) =      2.77791  eV     1   --> G_4            
     e( 31 - 31) =      2.83916  eV     1   --> G_4            
     e( 32 - 32) =      2.84164  eV     1   --> G_3            
     e( 33 - 33) =      4.04769  eV     1   --> G_3            
     e( 34 - 34) =      4.11046  eV     1   --> G_4            

 **************************************************************************

 **************************************************************************

                    xk=(   0.39506,   0.47043,   0.00000  )

     Band symmetry, C_s (m)     double point group:

     e(  1 -  2) =    -61.21821  eV     2   --> G_3            
     e(  1 -  2) =    -61.21821  eV     2   --> G_4            
     e(  3 -  3) =    -37.10959  eV     1   --> G_4            
     e(  4 -  4) =    -37.09125  eV     1   --> G_3            
     e(  5 -  5) =    -34.69801  eV     1   --> G_3            
     e(  6 -  6) =    -34.66887  eV     1   --> G_4            
     e(  7 -  7) =    -34.56301  eV     1   --> G_4            
     e(  8 -  8) =    -34.55970  eV     1   --> G_3            
     e(  9 -  9) =    -12.38697  eV     1   --> G_4            
     e( 10 - 10) =    -12.33855  eV     1   --> G_3            
     e( 11 - 11) =    -12.30325  eV     1   --> G_3            
     e( 12 - 12) =    -12.29962  eV     1   --> G_4            
     e( 13 - 13) =     -5.56724  eV     1   --> G_3            
     e( 14 - 14) =     -5.54698  eV     1   --> G_4            
     e( 15 - 15) =     -5.54195  eV     1   --> G_3            
     e( 16 - 16) =     -5.52558  eV     1   --> G_4            
     e( 17 - 17) =     -4.25785  eV     1   --> G_4            
     e( 18 - 18) =     -4.24859  eV     1   --> G_3            
     e( 19 - 19) =     -3.48804  eV     1   --> G_4            
     e( 20 - 20) =     -3.46820  eV     1   --> G_3            
     e( 21 - 21) =     -3.21421  eV     1   --> G_3            
     e( 22 - 22) =     -3.17151  eV     1   --> G_4            
     e( 23 - 23) =     -2.43394  eV     1   --> G_3            
     e( 24 - 24) =     -2.43356  eV     1   --> G_4            
     e( 25 - 25) =     -0.65925  eV     1   --> G_4            
     e( 26 - 26) =     -0.53636  eV     1   --> G_3            
     e( 27 - 27) =      1.65280  eV     1   --> G_4            
     e( 28 - 28) =      1.68366  eV     1   --> G_3            
     e( 29 - 29) =      2.68357  eV     1   --> G_3            
     e( 30 - 30) =      2.73734  eV     1   --> G_4            
     e( 31 - 31) =      2.80051  eV     1   --> G_3            
     e( 32 - 32) =      2.86705  eV     1   --> G_4            
     e( 33 - 33) =      4.10103  eV     1   --> G_3            
     e( 34 - 34) =      4.16725  eV     1   --> G_4            

 **************************************************************************

 **************************************************************************

                    xk=(   0.38889,   0.48113,   0.00000  )

     Band symmetry, C_s (m)     double point group:

     e(  1 -  2) =    -61.21794  eV     2   --> G_3            
     e(  1 -  2) =    -61.21794  eV     2   --> G_4            
     e(  3 -  3) =    -37.11048  eV     1   --> G_4            
     e(  4 -  4) =    -37.09149  eV     1   --> G_3            
     e(  5 -  5) =    -34.69750  eV     1   --> G_3            
     e(  6 -  6) =    -34.66620  eV     1   --> G_4            
     e(  7 -  7) =    -34.56745  eV     1   --> G_4            
     e(  8 -  8) =    -34.56289  eV     1   --> G_3            
     e(  9 -  9) =    -12.37272  eV     1   --> G_4            
     e( 10 - 10) =    -12.32247  eV     1   --> G_3            
     e( 11 - 11) =    -12.29404  eV     1   --> G_3            
     e( 12 - 12) =    -12.29031  eV     1   --> G_4            
     e( 13 - 13) =     -5.58455  eV     1   --> G_3            
     e( 14 - 14) =     -5.57585  eV     1   --> G_4            
     e( 15 - 15) =     -5.49005  eV     1   --> G_3            
     e( 16 - 16) =     -5.46081  eV     1   --> G_4            
     e( 17 - 17) =     -4.24883  eV     1   --> G_4            
     e( 18 - 18) =     -4.24245  eV     1   --> G_3            
     e( 19 - 19) =     -3.47266  eV     1   --> G_4            
     e( 20 - 20) =     -3.45845  eV     1   --> G_3            
     e( 21 - 21) =     -3.33278  eV     1   --> G_3            
     e( 22 - 22) =     -3.30252  eV     1   --> G_4            
     e( 23 - 23) =     -2.45778  eV     1   --> G_3            
     e( 24 - 24) =     -2.45506  eV     1   --> G_4            
     e( 25 - 25) =     -0.63443  eV     1   --> G_4            
     e( 26 - 26) =     -0.50892  eV     1   --> G_3            
     e( 27 - 27) =      1.61594  eV     1   --> G_4            
     e( 28 - 28) =      1.64234  eV     1   --> G_3            
     e( 29 - 29) =      2.68651  eV     1   --> G_3            
     e( 30 - 30) =      2.68991  eV     1   --> G_4            
     e( 31 - 31) =      2.79124  eV     1   --> G_3            
     e( 32 - 32) =      2.90691  eV     1   --> G_4            
     e( 33 - 33) =      4.15137  eV     1   --> G_3            
     e( 34 - 34) =      4.22074  eV     1   --> G_4            

 **************************************************************************

 **************************************************************************

                    xk=(   0.38272,   0.49182,   0.00000  )

     Band symmetry, C_s (m)     double point group:

     e(  1 -  2) =    -61.21769  eV     2   --> G_3            
     e(  1 -  2) =    -61.21769  eV     2   --> G_4            
     e(  3 -  3) =    -37.11132  eV     1   --> G_4            
     e(  4 -  4) =    -37.09175  eV     1   --> G_3            
     e(  5 -  5) =    -34.69706  eV     1   --> G_3            
     e(  6 -  6) =    -34.66358  eV     1   --> G_4            
     e(  7 -  7) =    -34.57177  eV     1   --> G_4            
     e(  8 -  8) =    -34.56584  eV     1   --> G_3            
     e(  9 -  9) =    -12.35895  eV     1   --> G_4            
     e( 10 - 10) =    -12.30704  eV     1   --> G_3            
     e( 11 - 11) =    -12.28524  eV     1   --> G_3            
     e( 12 - 12) =    -12.28145  eV     1   --> G_4            
     e( 13 - 13) =     -5.61267  eV     1   --> G_3            
     e( 14 - 14) =     -5.60471  eV     1   --> G_4            
     e( 15 - 15) =     -5.42410  eV     1   --> G_3            
     e( 16 - 16) =     -5.39295  eV     1   --> G_4            
     e( 17 - 17) =     -4.24292  eV     1   --> G_4            
     e( 18 - 18) =     -4.24077  eV     1   --> G_3            
     e( 19 - 19) =     -3.49051  eV     1   --> G_3            
     e( 20 - 20) =     -3.45608  eV     1   --> G_4            
     e( 21 - 21) =     -3.42672  eV     1   --> G_4            
     e( 22 - 22) =     -3.40029  eV     1   --> G_3            
     e( 23 - 23) =     -2.48359  eV     1   --> G_3            
     e( 24 - 24) =     -2.47835  eV     1   --> G_4            
     e( 25 - 25) =     -0.60876  eV     1   --> G_4            
     e( 26 - 26) =     -0.48045  eV     1   --> G_3            
     e( 27 - 27) =      1.57860  eV     1   --> G_4            
     e( 28 - 28) =      1.60054  eV     1   --> G_3            
     e( 29 - 29) =      2.64648  eV     1   --> G_4            
     e( 30 - 30) =      2.66119  eV     1   --> G_3            
     e( 31 - 31) =      2.81481  eV     1   --> G_3            
     e( 32 - 32) =      2.94739  eV     1   --> G_4            
     e( 33 - 33) =      4.19799  eV     1   --> G_3            
     e( 34 - 34) =      4.27022  eV     1   --> G_4            

 **************************************************************************

 **************************************************************************

                    xk=(   0.37654,   0.50251,   0.00000  )

     Band symmetry, C_s (m)     double point group:

     e(  1 -  2) =    -61.21745  eV     2   --> G_3            
     e(  1 -  2) =    -61.21745  eV     2   --> G_4            
     e(  3 -  3) =    -37.11210  eV     1   --> G_4            
     e(  4 -  4) =    -37.09201  eV     1   --> G_3            
     e(  5 -  5) =    -34.69670  eV     1   --> G_3            
     e(  6 -  6) =    -34.66107  eV     1   --> G_4            
     e(  7 -  7) =    -34.57588  eV     1   --> G_4            
     e(  8 -  8) =    -34.56852  eV     1   --> G_3            
     e(  9 -  9) =    -12.34588  eV     1   --> G_4            
     e( 10 - 10) =    -12.29252  eV     1   --> G_3            
     e( 11 - 11) =    -12.27700  eV     1   --> G_3            
     e( 12 - 12) =    -12.27317  eV     1   --> G_4            
     e( 13 - 13) =     -5.63950  eV     1   --> G_3            
     e( 14 - 14) =     -5.63183  eV     1   --> G_4            
     e( 15 - 15) =     -5.35625  eV     1   --> G_3            
     e( 16 - 16) =     -5.32376  eV     1   --> G_4            
     e( 17 - 17) =     -4.24548  eV     1   --> G_3            
     e( 18 - 18) =     -4.24161  eV     1   --> G_4            
     e( 19 - 19) =     -3.58465  eV     1   --> G_3            
     e( 20 - 20) =     -3.54495  eV     1   --> G_4            
     e( 21 - 21) =     -3.43565  eV     1   --> G_4            
     e( 22 - 22) =     -3.39419  eV     1   --> G_3            
     e( 23 - 23) =     -2.51080  eV     1   --> G_3            
     e( 24 - 24) =     -2.50290  eV     1   --> G_4            
     e( 25 - 25) =     -0.58269  eV     1   --> G_4            
     e( 26 - 26) =     -0.45146  eV     1   --> G_3            
     e( 27 - 27) =      1.54166  eV     1   --> G_4            
     e( 28 - 28) =      1.55920  eV     1   --> G_3            
     e( 29 - 29) =      2.60840  eV     1   --> G_4            
     e( 30 - 30) =      2.62989  eV     1   --> G_3            
     e( 31 - 31) =      2.84828  eV     1   --> G_3            
     e( 32 - 32) =      2.98652  eV     1   --> G_4            
     e( 33 - 33) =      4.24026  eV     1   --> G_3            
     e( 34 - 34) =      4.31505  eV     1   --> G_4            

 **************************************************************************

 **************************************************************************

                    xk=(   0.37037,   0.51320,   0.00000  )

     Band symmetry, C_s (m)     double point group:

     e(  1 -  2) =    -61.21723  eV     2   --> G_3            
     e(  1 -  2) =    -61.21723  eV     2   --> G_4            
     e(  3 -  3) =    -37.11281  eV     1   --> G_4            
     e(  4 -  4) =    -37.09227  eV     1   --> G_3            
     e(  5 -  5) =    -34.69642  eV     1   --> G_3            
     e(  6 -  6) =    -34.65870  eV     1   --> G_4            
     e(  7 -  7) =    -34.57971  eV     1   --> G_4            
     e(  8 -  8) =    -34.57088  eV     1   --> G_3            
     e(  9 -  9) =    -12.33377  eV     1   --> G_4            
     e( 10 - 10) =    -12.27913  eV     1   --> G_3            
     e( 11 - 11) =    -12.26946  eV     1   --> G_3            
     e( 12 - 12) =    -12.26560  eV     1   --> G_4            
     e( 13 - 13) =     -5.66414  eV     1   --> G_3            
     e( 14 - 14) =     -5.65666  eV     1   --> G_4            
     e( 15 - 15) =     -5.28764  eV     1   --> G_3            
     e( 16 - 16) =     -5.25408  eV     1   --> G_4            
     e( 17 - 17) =     -4.25903  eV     1   --> G_3            
     e( 18 - 18) =     -4.24697  eV     1   --> G_4            
     e( 19 - 19) =     -3.67726  eV     1   --> G_3            
     e( 20 - 20) =     -3.65016  eV     1   --> G_4            
     e( 21 - 21) =     -3.41592  eV     1   --> G_4            
     e( 22 - 22) =     -3.37521  eV     1   --> G_3            
     e( 23 - 23) =     -2.53869  eV     1   --> G_3            
     e( 24 - 24) =     -2.52799  eV     1   --> G_4            
     e( 25 - 25) =     -0.55687  eV     1   --> G_4            
     e( 26 - 26) =     -0.42264  eV     1   --> G_3            
     e( 27 - 27) =      1.50611  eV     1   --> G_4            
     e( 28 - 28) =      1.51938  eV     1   --> G_3            
     e( 29 - 29) =      2.57597  eV     1   --> G_4            
     e( 30 - 30) =      2.60096  eV     1   --> G_3            
     e( 31 - 31) =      2.88251  eV     1   --> G_3            
     e( 32 - 32) =      3.02324  eV     1   --> G_4            
     e( 33 - 33) =      4.27762  eV     1   --> G_3            
     e( 34 - 34) =      4.35466  eV     1   --> G_4            

 **************************************************************************

 **************************************************************************

                    xk=(   0.36420,   0.52389,   0.00000  )

     Band symmetry, C_s (m)     double point group:

     e(  1 -  2) =    -61.21704  eV     2   --> G_3            
     e(  1 -  2) =    -61.21704  eV     2   --> G_4            
     e(  3 -  3) =    -37.11344  eV     1   --> G_4            
     e(  4 -  4) =    -37.09251  eV     1   --> G_3            
     e(  5 -  5) =    -34.69624  eV     1   --> G_3            
     e(  6 -  6) =    -34.65655  eV     1   --> G_4            
     e(  7 -  7) =    -34.58317  eV     1   --> G_4            
     e(  8 -  8) =    -34.57291  eV     1   --> G_3            
     e(  9 -  9) =    -12.32284  eV     1   --> G_4            
     e( 10 - 10) =    -12.26712  eV     1   --> G_3            
     e( 11 - 11) =    -12.26274  eV     1   --> G_3            
     e( 12 - 12) =    -12.25888  eV     1   --> G_4            
     e( 13 - 13) =     -5.68605  eV     1   --> G_3            
     e( 14 - 14) =     -5.67872  eV     1   --> G_4            
     e( 15 - 15) =     -5.21940  eV     1   --> G_3            
     e( 16 - 16) =     -5.18498  eV     1   --> G_4            
     e( 17 - 17) =     -4.28384  eV     1   --> G_3            
     e( 18 - 18) =     -4.26157  eV     1   --> G_4            
     e( 19 - 19) =     -3.75471  eV     1   --> G_3            
     e( 20 - 20) =     -3.74006  eV     1   --> G_4            
     e( 21 - 21) =     -3.39602  eV     1   --> G_4            
     e( 22 - 22) =     -3.35404  eV     1   --> G_3            
     e( 23 - 23) =     -2.56631  eV     1   --> G_3            
     e( 24 - 24) =     -2.55274  eV     1   --> G_4            
     e( 25 - 25) =     -0.53213  eV     1   --> G_4            
     e( 26 - 26) =     -0.39492  eV     1   --> G_3            
     e( 27 - 27) =      1.47301  eV     1   --> G_4            
     e( 28 - 28) =      1.48225  eV     1   --> G_3            
     e( 29 - 29) =      2.54921  eV     1   --> G_4            
     e( 30 - 30) =      2.57642  eV     1   --> G_3            
     e( 31 - 31) =      2.91457  eV     1   --> G_3            
     e( 32 - 32) =      3.05665  eV     1   --> G_4            
     e( 33 - 33) =      4.30965  eV     1   --> G_3            
     e( 34 - 34) =      4.38862  eV     1   --> G_4            

 **************************************************************************

 **************************************************************************

                    xk=(   0.35802,   0.53458,   0.00000  )

     Band symmetry, C_s (m)     double point group:

     e(  1 -  2) =    -61.21687  eV     2   --> G_3            
     e(  1 -  2) =    -61.21687  eV     2   --> G_4            
     e(  3 -  3) =    -37.11397  eV     1   --> G_4            
     e(  4 -  4) =    -37.09274  eV     1   --> G_3            
     e(  5 -  5) =    -34.69613  eV     1   --> G_3            
     e(  6 -  6) =    -34.65468  eV     1   --> G_4            
     e(  7 -  7) =    -34.58617  eV     1   --> G_4            
     e(  8 -  8) =    -34.57457  eV     1   --> G_3            
     e(  9 -  9) =    -12.31333  eV     1   --> G_4            
     e( 10 - 10) =    -12.25704  eV     1   --> G_3            
     e( 11 - 11) =    -12.25667  eV     1   --> G_3            
     e( 12 - 12) =    -12.25315  eV     1   --> G_4            
     e( 13 - 13) =     -5.70480  eV     1   --> G_3            
     e( 14 - 14) =     -5.69758  eV     1   --> G_4            
     e( 15 - 15) =     -5.15320  eV     1   --> G_3            
     e( 16 - 16) =     -5.11815  eV     1   --> G_4            
     e( 17 - 17) =     -4.32057  eV     1   --> G_3            
     e( 18 - 18) =     -4.28741  eV     1   --> G_4            
     e( 19 - 19) =     -3.81303  eV     1   --> G_3            
     e( 20 - 20) =     -3.81061  eV     1   --> G_4            
     e( 21 - 21) =     -3.37702  eV     1   --> G_4            
     e( 22 - 22) =     -3.33312  eV     1   --> G_3            
     e( 23 - 23) =     -2.59249  eV     1   --> G_3            
     e( 24 - 24) =     -2.57605  eV     1   --> G_4            
     e( 25 - 25) =     -0.50944  eV     1   --> G_4            
     e( 26 - 26) =     -0.36941  eV     1   --> G_3            
     e( 27 - 27) =      1.44353  eV     1   --> G_4            
     e( 28 - 28) =      1.44910  eV     1   --> G_3            
     e( 29 - 29) =      2.52799  eV     1   --> G_4            
     e( 30 - 30) =      2.55675  eV     1   --> G_3            
     e( 31 - 31) =      2.94295  eV     1   --> G_3            
     e( 32 - 32) =      3.08588  eV     1   --> G_4            
     e( 33 - 33) =      4.33601  eV     1   --> G_3            
     e( 34 - 34) =      4.41658  eV     1   --> G_4            

 **************************************************************************

 **************************************************************************

                    xk=(   0.35185,   0.54528,   0.00000  )

     Band symmetry, C_s (m)     double point group:

     e(  1 -  2) =    -61.21674  eV     2   --> G_3            
     e(  1 -  2) =    -61.21674  eV     2   --> G_4            
     e(  3 -  3) =    -37.11441  eV     1   --> G_4            
     e(  4 -  4) =    -37.09293  eV     1   --> G_3            
     e(  5 -  5) =    -34.69610  eV     1   --> G_3            
     e(  6 -  6) =    -34.65316  eV     1   --> G_4            
     e(  7 -  7) =    -34.58860  eV     1   --> G_4            
     e(  8 -  8) =    -34.57585  eV     1   --> G_3            
     e(  9 -  9) =    -12.30551  eV     1   --> G_4            
     e( 10 - 10) =    -12.25231  eV     1   --> G_3            
     e( 11 - 11) =    -12.24851  eV     1   --> G_4            
     e( 12 - 12) =    -12.24823  eV     1   --> G_3            
     e( 13 - 13) =     -5.71996  eV     1   --> G_3            
     e( 14 - 14) =     -5.71284  eV     1   --> G_4            
     e( 15 - 15) =     -5.09168  eV     1   --> G_3            
     e( 16 - 16) =     -5.05626  eV     1   --> G_4            
     e( 17 - 17) =     -4.36589  eV     1   --> G_3            
     e( 18 - 18) =     -4.32338  eV     1   --> G_4            
     e( 19 - 19) =     -3.85993  eV     1   --> G_4            
     e( 20 - 20) =     -3.85224  eV     1   --> G_3            
     e( 21 - 21) =     -3.36007  eV     1   --> G_4            
     e( 22 - 22) =     -3.31409  eV     1   --> G_3            
     e( 23 - 23) =     -2.61578  eV     1   --> G_3            
     e( 24 - 24) =     -2.59665  eV     1   --> G_4            
     e( 25 - 25) =     -0.48991  eV     1   --> G_4            
     e( 26 - 26) =     -0.34736  eV     1   --> G_3            
     e( 27 - 27) =      1.41884  eV     1   --> G_4            
     e( 28 - 28) =      1.42127  eV     1   --> G_3            
     e( 29 - 29) =      2.51209  eV     1   --> G_4            
     e( 30 - 30) =      2.54197  eV     1   --> G_3            
     e( 31 - 31) =      2.96656  eV     1   --> G_3            
     e( 32 - 32) =      3.11007  eV     1   --> G_4            
     e( 33 - 33) =      4.35649  eV     1   --> G_3            
     e( 34 - 34) =      4.43833  eV     1   --> G_4            

 **************************************************************************

 **************************************************************************

                    xk=(   0.34568,   0.55597,   0.00000  )

     Band symmetry, C_s (m)     double point group:

     e(  1 -  2) =    -61.21664  eV     2   --> G_3            
     e(  1 -  2) =    -61.21664  eV     2   --> G_4            
     e(  3 -  3) =    -37.11474  eV     1   --> G_4            
     e(  4 -  4) =    -37.09309  eV     1   --> G_3            
     e(  5 -  5) =    -34.69611  eV     1   --> G_3            
     e(  6 -  6) =    -34.65205  eV     1   --> G_4            
     e(  7 -  7) =    -34.59039  eV     1   --> G_4            
     e(  8 -  8) =    -34.57676  eV     1   --> G_3            
     e(  9 -  9) =    -12.29961  eV     1   --> G_4            
     e( 10 - 10) =    -12.24884  eV     1   --> G_3            
     e( 11 - 11) =    -12.24507  eV     1   --> G_4            
     e( 12 - 12) =    -12.24187  eV     1   --> G_3            
     e( 13 - 13) =     -5.73117  eV     1   --> G_3            
     e( 14 - 14) =     -5.72412  eV     1   --> G_4            
     e( 15 - 15) =     -5.03920  eV     1   --> G_3            
     e( 16 - 16) =     -5.00368  eV     1   --> G_4            
     e( 17 - 17) =     -4.41191  eV     1   --> G_3            
     e( 18 - 18) =     -4.36304  eV     1   --> G_4            
     e( 19 - 19) =     -3.88985  eV     1   --> G_4            
     e( 20 - 20) =     -3.87549  eV     1   --> G_3            
     e( 21 - 21) =     -3.34647  eV     1   --> G_4            
     e( 22 - 22) =     -3.29858  eV     1   --> G_3            
     e( 23 - 23) =     -2.63450  eV     1   --> G_3            
     e( 24 - 24) =     -2.61309  eV     1   --> G_4            
     e( 25 - 25) =     -0.47469  eV     1   --> G_4            
     e( 26 - 26) =     -0.33013  eV     1   --> G_3            
     e( 27 - 28) =      1.40010  eV     2   --> G_3            
     e( 27 - 28) =      1.40010  eV     2   --> G_4            
     e( 29 - 29) =      2.50122  eV     1   --> G_4            
     e( 30 - 30) =      2.53187  eV     1   --> G_3            
     e( 31 - 31) =      2.98441  eV     1   --> G_3            
     e( 32 - 32) =      3.12834  eV     1   --> G_4            
     e( 33 - 33) =      4.37101  eV     1   --> G_3            
     e( 34 - 34) =      4.45376  eV     1   --> G_4            

 **************************************************************************

 **************************************************************************

                    xk=(   0.33951,   0.56666,   0.00000  )

     Band symmetry, C_s (m)     double point group:

     e(  1 -  2) =    -61.21657  eV     2   --> G_3            
     e(  1 -  2) =    -61.21657  eV     2   --> G_4            
     e(  3 -  3) =    -37.11494  eV     1   --> G_4            
     e(  4 -  4) =    -37.09319  eV     1   --> G_3            
     e(  5 -  5) =    -34.69614  eV     1   --> G_3            
     e(  6 -  6) =    -34.65139  eV     1   --> G_4            
     e(  7 -  7) =    -34.59148  eV     1   --> G_4            
     e(  8 -  8) =    -34.57730  eV     1   --> G_3            
     e(  9 -  9) =    -12.29590  eV     1   --> G_4            
     e( 10 - 10) =    -12.24669  eV     1   --> G_3            
     e( 11 - 11) =    -12.24295  eV     1   --> G_4            
     e( 12 - 12) =    -12.23787  eV     1   --> G_3            
     e( 13 - 13) =     -5.73811  eV     1   --> G_3            
     e( 14 - 14) =     -5.73111  eV     1   --> G_4            
     e( 15 - 15) =     -5.00244  eV     1   --> G_3            
     e( 16 - 16) =     -4.96698  eV     1   --> G_4            
     e( 17 - 17) =     -4.44744  eV     1   --> G_3            
     e( 18 - 18) =     -4.39523  eV     1   --> G_4            
     e( 19 - 19) =     -3.90470  eV     1   --> G_4            
     e( 20 - 20) =     -3.88696  eV     1   --> G_3            
     e( 21 - 21) =     -3.33750  eV     1   --> G_4            
     e( 22 - 22) =     -3.28827  eV     1   --> G_3            
     e( 23 - 23) =     -2.64688  eV     1   --> G_3            
     e( 24 - 24) =     -2.62389  eV     1   --> G_4            
     e( 25 - 25) =     -0.46488  eV     1   --> G_4            
     e( 26 - 26) =     -0.31901  eV     1   --> G_3            
     e( 27 - 27) =      1.38676  eV     1   --> G_3            
     e( 28 - 28) =      1.38831  eV     1   --> G_4            
     e( 29 - 29) =      2.49500  eV     1   --> G_4            
     e( 30 - 30) =      2.52612  eV     1   --> G_3            
     e( 31 - 31) =      2.99566  eV     1   --> G_3            
     e( 32 - 32) =      3.13985  eV     1   --> G_4            
     e( 33 - 33) =      4.37959  eV     1   --> G_3            
     e( 34 - 34) =      4.46290  eV     1   --> G_4            

 **************************************************************************

 **************************************************************************

                    xk=(   0.33333,   0.57735,   0.00000  )

     double point group C_3h (-6)  
     there are 12 classes and  6 irreducible representations
     the character table:

       E     -E    C3    -C3   C3^2  -C3^2  s_h  -s_h   S3   -S3    S3^5 -S3^5
                                                                              
G_7    1.00 -1.00  0.50 -0.50  0.50 -0.50  0.00  0.00  0.87 -0.87  0.87 -0.87
G_8    1.00 -1.00  0.50 -0.50  0.50 -0.50  0.00  0.00  0.87 -0.87  0.87 -0.87
G_9    1.00 -1.00  0.50 -0.50  0.50 -0.50  0.00  0.00 -0.87  0.87 -0.87  0.87
G_10   1.00 -1.00  0.50 -0.50  0.50 -0.50  0.00  0.00 -0.87  0.87 -0.87  0.87
G_11   1.00 -1.00 -1.00  1.00 -1.00  1.00  0.00  0.00  0.00  0.00  0.00  0.00
G_12   1.00 -1.00 -1.00  1.00 -1.00  1.00  0.00  0.00  0.00  0.00  0.00  0.00

     imaginary part

       E     -E    C3    -C3   C3^2  -C3^2  s_h  -s_h   S3   -S3    S3^5 -S3^5
                                                                              
G_7    0.00  0.00  0.87 -0.87 -0.87  0.87  1.00 -1.00 -0.50  0.50  0.50 -0.50
G_8    0.00  0.00 -0.87  0.87  0.87 -0.87 -1.00  1.00  0.50 -0.50 -0.50  0.50
G_9    0.00  0.00  0.87 -0.87 -0.87  0.87 -1.00  1.00  0.50 -0.50 -0.50  0.50
G_10   0.00  0.00 -0.87  0.87  0.87 -0.87  1.00 -1.00 -0.50  0.50  0.50 -0.50
G_11   0.00  0.00  0.00  0.00  0.00  0.00 -1.00  1.00 -1.00  1.00  1.00 -1.00
G_12   0.00  0.00  0.00  0.00  0.00  0.00  1.00 -1.00  1.00 -1.00 -1.00  1.00

     the symmetry operations in each class and the name of the first element:

     E             1
                                                                 
     -E           -1
                                                                 
     C3            2
                                                                 
     -C3          -2
                                                                 
     C3^2          3
                                                                 
     -C3^2        -3
                                                                 
      s_h          4
                                                                 
     -s_h         -4
                                                                 
      S3           6
                                                                 
     -S3          -6
                                                                 
      S3^5         5
                                                                 
     -S3^5        -5
                                                                 

     Band symmetry, C_3h (-6)   double point group:

     e(  1 -  2) =    -61.21655  eV     2   --> G_7            
     e(  1 -  2) =    -61.21655  eV     2   --> G_8            
     e(  3 -  3) =    -37.11501  eV     1   --> G_9            
     e(  4 -  4) =    -37.09323  eV     1   --> G_10           
     e(  5 -  5) =    -34.69616  eV     1   --> G_12           
     e(  6 -  6) =    -34.65117  eV     1   --> G_11           
     e(  7 -  7) =    -34.59184  eV     1   --> G_9            
     e(  8 -  8) =    -34.57748  eV     1   --> G_10           
     e(  9 -  9) =    -12.29461  eV     1   --> G_9            
     e( 10 - 10) =    -12.24595  eV     1   --> G_7            
     e( 11 - 11) =    -12.24222  eV     1   --> G_11           
     e( 12 - 12) =    -12.23649  eV     1   --> G_12           
     e( 13 - 13) =     -5.74048  eV     1   --> G_12           
     e( 14 - 14) =     -5.73349  eV     1   --> G_8            
     e( 15 - 15) =     -4.98901  eV     1   --> G_7            
     e( 16 - 16) =     -4.95359  eV     1   --> G_8            
     e( 17 - 17) =     -4.46110  eV     1   --> G_10           
     e( 18 - 18) =     -4.40793  eV     1   --> G_11           
     e( 19 - 19) =     -3.90888  eV     1   --> G_9            
     e( 20 - 20) =     -3.89019  eV     1   --> G_12           
     e( 21 - 21) =     -3.33432  eV     1   --> G_9            
     e( 22 - 22) =     -3.28459  eV     1   --> G_10           
     e( 23 - 23) =     -2.65128  eV     1   --> G_7            
     e( 24 - 24) =     -2.62773  eV     1   --> G_11           
     e( 25 - 25) =     -0.46144  eV     1   --> G_11           
     e( 26 - 26) =     -0.31511  eV     1   --> G_10           
     e( 27 - 27) =      1.38218  eV     1   --> G_7            
     e( 28 - 28) =      1.38426  eV     1   --> G_8            
     e( 29 - 29) =      2.49303  eV     1   --> G_8            
     e( 30 - 30) =      2.52430  eV     1   --> G_12           
     e( 31 - 31) =      2.99955  eV     1   --> G_12           
     e( 32 - 32) =      3.14384  eV     1   --> G_9            
     e( 33 - 33) =      4.38240  eV     1   --> G_7            
     e( 34 - 34) =      4.46590  eV     1   --> G_11           

 **************************************************************************

 **************************************************************************

                    xk=(   0.32381,   0.56085,   0.00000  )

     double point group C_s (m)    
     there are  4 classes and  2 irreducible representations
     the character table:

       E     -E    s     -s   
                              
G_3    1.00 -1.00  0.00  0.00
G_4    1.00 -1.00  0.00  0.00

     imaginary part

       E     -E    s     -s   
                              
G_3    0.00  0.00  1.00 -1.00
G_4    0.00  0.00 -1.00  1.00

     the symmetry operations in each class and the name of the first element:

     E             1
                                                                 
     -E           -1
                                                                 
     s             2
                                                                 
     -s           -2
                                                                 

     Band symmetry, C_s (m)     double point group:

     e(  1 -  2) =    -61.21661  eV     2   --> G_3            
     e(  1 -  2) =    -61.21661  eV     2   --> G_4            
     e(  3 -  3) =    -37.11483  eV     1   --> G_4            
     e(  4 -  4) =    -37.09313  eV     1   --> G_3            
     e(  5 -  5) =    -34.69608  eV     1   --> G_3            
     e(  6 -  6) =    -34.65161  eV     1   --> G_4            
     e(  7 -  7) =    -34.59103  eV     1   --> G_4            
     e(  8 -  8) =    -34.57708  eV     1   --> G_3            
     e(  9 -  9) =    -12.29790  eV     1   --> G_4            
     e( 10 - 10) =    -12.24779  eV     1   --> G_3            
     e( 11 - 11) =    -12.24403  eV     1   --> G_4            
     e( 12 - 12) =    -12.24000  eV     1   --> G_3            
     e( 13 - 13) =     -5.73460  eV     1   --> G_3            
     e( 14 - 14) =     -5.72758  eV     1   --> G_4            
     e( 15 - 15) =     -5.01885  eV     1   --> G_3            
     e( 16 - 16) =     -4.98364  eV     1   --> G_4            
     e( 17 - 17) =     -4.42885  eV     1   --> G_3            
     e( 18 - 18) =     -4.37716  eV     1   --> G_4            
     e( 19 - 19) =     -3.90116  eV     1   --> G_4            
     e( 20 - 20) =     -3.88420  eV     1   --> G_3            
     e( 21 - 21) =     -3.34229  eV     1   --> G_4            
     e( 22 - 22) =     -3.29377  eV     1   --> G_3            
     e( 23 - 23) =     -2.64018  eV     1   --> G_3            
     e( 24 - 24) =     -2.61801  eV     1   --> G_4            
     e( 25 - 25) =     -0.47011  eV     1   --> G_4            
     e( 26 - 26) =     -0.32491  eV     1   --> G_3            
     e( 27 - 27) =      1.39325  eV     1   --> G_3            
     e( 28 - 28) =      1.39407  eV     1   --> G_4            
     e( 29 - 29) =      2.49722  eV     1   --> G_4            
     e( 30 - 30) =      2.52809  eV     1   --> G_3            
     e( 31 - 31) =      2.98980  eV     1   --> G_3            
     e( 32 - 32) =      3.13379  eV     1   --> G_4            
     e( 33 - 33) =      4.37605  eV     1   --> G_3            
     e( 34 - 34) =      4.45908  eV     1   --> G_4            

 **************************************************************************

 **************************************************************************

                    xk=(   0.31429,   0.54436,   0.00000  )

     Band symmetry, C_s (m)     double point group:

     e(  1 -  2) =    -61.21678  eV     2   --> G_3            
     e(  1 -  2) =    -61.21678  eV     2   --> G_4            
     e(  3 -  3) =    -37.11429  eV     1   --> G_4            
     e(  4 -  4) =    -37.09281  eV     1   --> G_3            
     e(  5 -  5) =    -34.69574  eV     1   --> G_3            
     e(  6 -  6) =    -34.65271  eV     1   --> G_4            
     e(  7 -  7) =    -34.58880  eV     1   --> G_4            
     e(  8 -  8) =    -34.57596  eV     1   --> G_3            
     e(  9 -  9) =    -12.30826  eV     1   --> G_4            
     e( 10 - 10) =    -12.25354  eV     1   --> G_3            
     e( 11 - 11) =    -12.25093  eV     1   --> G_3            
     e( 12 - 12) =    -12.24961  eV     1   --> G_4            
     e( 13 - 13) =     -5.71651  eV     1   --> G_3            
     e( 14 - 14) =     -5.70936  eV     1   --> G_4            
     e( 15 - 15) =     -5.08880  eV     1   --> G_3            
     e( 16 - 16) =     -5.05502  eV     1   --> G_4            
     e( 17 - 17) =     -4.34948  eV     1   --> G_3            
     e( 18 - 18) =     -4.30098  eV     1   --> G_4            
     e( 19 - 19) =     -3.88041  eV     1   --> G_4            
     e( 20 - 20) =     -3.86823  eV     1   --> G_3            
     e( 21 - 21) =     -3.36560  eV     1   --> G_4            
     e( 22 - 22) =     -3.32023  eV     1   --> G_3            
     e( 23 - 23) =     -2.60746  eV     1   --> G_3            
     e( 24 - 24) =     -2.58897  eV     1   --> G_4            
     e( 25 - 25) =     -0.49635  eV     1   --> G_4            
     e( 26 - 26) =     -0.35431  eV     1   --> G_3            
     e( 27 - 27) =      1.42280  eV     1   --> G_4            
     e( 28 - 28) =      1.42543  eV     1   --> G_3            
     e( 29 - 29) =      2.50849  eV     1   --> G_4            
     e( 30 - 30) =      2.53802  eV     1   --> G_3            
     e( 31 - 31) =      2.95997  eV     1   --> G_3            
     e( 32 - 32) =      3.10287  eV     1   --> G_4            
     e( 33 - 33) =      4.35801  eV     1   --> G_3            
     e( 34 - 34) =      4.43962  eV     1   --> G_4            

 **************************************************************************

 **************************************************************************

                    xk=(   0.30476,   0.52786,   0.00000  )

     Band symmetry, C_s (m)     double point group:

     e(  1 -  2) =    -61.21707  eV     2   --> G_3            
     e(  1 -  2) =    -61.21707  eV     2   --> G_4            
     e(  3 -  3) =    -37.11334  eV     1   --> G_4            
     e(  4 -  4) =    -37.09224  eV     1   --> G_3            
     e(  5 -  5) =    -34.69501  eV     1   --> G_3            
     e(  6 -  6) =    -34.65407  eV     1   --> G_4            
     e(  7 -  7) =    -34.58548  eV     1   --> G_4            
     e(  8 -  8) =    -34.57420  eV     1   --> G_3            
     e(  9 -  9) =    -12.32629  eV     1   --> G_4            
     e( 10 - 10) =    -12.27024  eV     1   --> G_3            
     e( 11 - 11) =    -12.26305  eV     1   --> G_3            
     e( 12 - 12) =    -12.25919  eV     1   --> G_4            
     e( 13 - 13) =     -5.68566  eV     1   --> G_3            
     e( 14 - 14) =     -5.67828  eV     1   --> G_4            
     e( 15 - 15) =     -5.17117  eV     1   --> G_3            
     e( 16 - 16) =     -5.14022  eV     1   --> G_4            
     e( 17 - 17) =     -4.25074  eV     1   --> G_3            
     e( 18 - 18) =     -4.20753  eV     1   --> G_4            
     e( 19 - 19) =     -3.84598  eV     1   --> G_4            
     e( 20 - 20) =     -3.84217  eV     1   --> G_3            
     e( 21 - 21) =     -3.40130  eV     1   --> G_4            
     e( 22 - 22) =     -3.35983  eV     1   --> G_3            
     e( 23 - 23) =     -2.55655  eV     1   --> G_3            
     e( 24 - 24) =     -2.54288  eV     1   --> G_4            
     e( 25 - 25) =     -0.53889  eV     1   --> G_4            
     e( 26 - 26) =     -0.40150  eV     1   --> G_3            
     e( 27 - 27) =      1.46750  eV     1   --> G_4            
     e( 28 - 28) =      1.47494  eV     1   --> G_3            
     e( 29 - 29) =      2.52472  eV     1   --> G_4            
     e( 30 - 30) =      2.55171  eV     1   --> G_3            
     e( 31 - 31) =      2.91041  eV     1   --> G_3            
     e( 32 - 32) =      3.05097  eV     1   --> G_4            
     e( 33 - 33) =      4.33017  eV     1   --> G_3            
     e( 34 - 34) =      4.40932  eV     1   --> G_4            

 **************************************************************************

 **************************************************************************

                    xk=(   0.29524,   0.51137,   0.00000  )

     Band symmetry, C_s (m)     double point group:

     e(  1 -  2) =    -61.21750  eV     2   --> G_3            
     e(  1 -  2) =    -61.21750  eV     2   --> G_4            
     e(  3 -  3) =    -37.11196  eV     1   --> G_4            
     e(  4 -  4) =    -37.09138  eV     1   --> G_3            
     e(  5 -  5) =    -34.69376  eV     1   --> G_3            
     e(  6 -  6) =    -34.65533  eV     1   --> G_4            
     e(  7 -  7) =    -34.58139  eV     1   --> G_4            
     e(  8 -  8) =    -34.57192  eV     1   --> G_3            
     e(  9 -  9) =    -12.35245  eV     1   --> G_4            
     e( 10 - 10) =    -12.29796  eV     1   --> G_3            
     e( 11 - 11) =    -12.27684  eV     1   --> G_3            
     e( 12 - 12) =    -12.27288  eV     1   --> G_4            
     e( 13 - 13) =     -5.64171  eV     1   --> G_3            
     e( 14 - 14) =     -5.63401  eV     1   --> G_4            
     e( 15 - 15) =     -5.25076  eV     1   --> G_3            
     e( 16 - 16) =     -5.22359  eV     1   --> G_4            
     e( 17 - 17) =     -4.15266  eV     1   --> G_3            
     e( 18 - 18) =     -4.11858  eV     1   --> G_4            
     e( 19 - 19) =     -3.80175  eV     1   --> G_3            
     e( 20 - 20) =     -3.79212  eV     1   --> G_4            
     e( 21 - 21) =     -3.44509  eV     1   --> G_4            
     e( 22 - 22) =     -3.40713  eV     1   --> G_3            
     e( 23 - 23) =     -2.49209  eV     1   --> G_3            
     e( 24 - 24) =     -2.48343  eV     1   --> G_4            
     e( 25 - 25) =     -0.59484  eV     1   --> G_4            
     e( 26 - 26) =     -0.46281  eV     1   --> G_3            
     e( 27 - 27) =      1.52322  eV     1   --> G_4            
     e( 28 - 28) =      1.53570  eV     1   --> G_3            
     e( 29 - 29) =      2.54361  eV     1   --> G_4            
     e( 30 - 30) =      2.56630  eV     1   --> G_3            
     e( 31 - 31) =      2.84340  eV     1   --> G_3            
     e( 32 - 32) =      2.97965  eV     1   --> G_4            
     e( 33 - 33) =      4.29477  eV     1   --> G_3            
     e( 34 - 34) =      4.37030  eV     1   --> G_4            

 **************************************************************************

 **************************************************************************

                    xk=(   0.28571,   0.49487,   0.00000  )

     Band symmetry, C_s (m)     double point group:

     e(  1 -  2) =    -61.21807  eV     2   --> G_3            
     e(  1 -  2) =    -61.21807  eV     2   --> G_4            
     e(  3 -  3) =    -37.11013  eV     1   --> G_4            
     e(  4 -  4) =    -37.09019  eV     1   --> G_3            
     e(  5 -  5) =    -34.69186  eV     1   --> G_3            
     e(  6 -  6) =    -34.65621  eV     1   --> G_4            
     e(  7 -  7) =    -34.57677  eV     1   --> G_4            
     e(  8 -  8) =    -34.56920  eV     1   --> G_3            
     e(  9 -  9) =    -12.38704  eV     1   --> G_4            
     e( 10 - 10) =    -12.33459  eV     1   --> G_3            
     e( 11 - 11) =    -12.29471  eV     1   --> G_3            
     e( 12 - 12) =    -12.29072  eV     1   --> G_4            
     e( 13 - 13) =     -5.58455  eV     1   --> G_3            
     e( 14 - 14) =     -5.57642  eV     1   --> G_4            
     e( 15 - 15) =     -5.32049  eV     1   --> G_3            
     e( 16 - 16) =     -5.29770  eV     1   --> G_4            
     e( 17 - 17) =     -4.07113  eV     1   --> G_3            
     e( 18 - 18) =     -4.04931  eV     1   --> G_4            
     e( 19 - 19) =     -3.73956  eV     1   --> G_3            
     e( 20 - 20) =     -3.71210  eV     1   --> G_4            
     e( 21 - 21) =     -3.49257  eV     1   --> G_4            
     e( 22 - 22) =     -3.45687  eV     1   --> G_3            
     e( 23 - 23) =     -2.41821  eV     1   --> G_3            
     e( 24 - 24) =     -2.41428  eV     1   --> G_4            
     e( 25 - 25) =     -0.66040  eV     1   --> G_4            
     e( 26 - 26) =     -0.53379  eV     1   --> G_3            
     e( 27 - 27) =      1.58376  eV     1   --> G_4            
     e( 28 - 28) =      1.60029  eV     1   --> G_3            
     e( 29 - 29) =      2.56273  eV     1   --> G_4            
     e( 30 - 30) =      2.57787  eV     1   --> G_3            
     e( 31 - 31) =      2.76391  eV     1   --> G_3            
     e( 32 - 32) =      2.89205  eV     1   --> G_4            
     e( 33 - 33) =      4.25421  eV     1   --> G_3            
     e( 34 - 34) =      4.32486  eV     1   --> G_4            

 **************************************************************************

 **************************************************************************

                    xk=(   0.27619,   0.47838,   0.00000  )

     Band symmetry, C_s (m)     double point group:

     e(  1 -  2) =    -61.21878  eV     2   --> G_3            
     e(  1 -  2) =    -61.21878  eV     2   --> G_4            
     e(  3 -  3) =    -37.10783  eV     1   --> G_4            
     e(  4 -  4) =    -37.08865  eV     1   --> G_3            
     e(  5 -  5) =    -34.68925  eV     1   --> G_3            
     e(  6 -  6) =    -34.65652  eV     1   --> G_4            
     e(  7 -  7) =    -34.57182  eV     1   --> G_4            
     e(  8 -  8) =    -34.56612  eV     1   --> G_3            
     e(  9 -  9) =    -12.43019  eV     1   --> G_4            
     e( 10 - 10) =    -12.38020  eV     1   --> G_3            
     e( 11 - 11) =    -12.31659  eV     1   --> G_3            
     e( 12 - 12) =    -12.31264  eV     1   --> G_4            
     e( 13 - 13) =     -5.51426  eV     1   --> G_3            
     e( 14 - 14) =     -5.50560  eV     1   --> G_4            
     e( 15 - 15) =     -5.37706  eV     1   --> G_3            
     e( 16 - 16) =     -5.35898  eV     1   --> G_4            
     e( 17 - 17) =     -4.01548  eV     1   --> G_3            
     e( 18 - 18) =     -4.00377  eV     1   --> G_4            
     e( 19 - 19) =     -3.65423  eV     1   --> G_3            
     e( 20 - 20) =     -3.60929  eV     1   --> G_4            
     e( 21 - 21) =     -3.53768  eV     1   --> G_4            
     e( 22 - 22) =     -3.50210  eV     1   --> G_3            
     e( 23 - 23) =     -2.33848  eV     1   --> G_4            
     e( 24 - 24) =     -2.33812  eV     1   --> G_3            
     e( 25 - 25) =     -0.73154  eV     1   --> G_4            
     e( 26 - 26) =     -0.61002  eV     1   --> G_3            
     e( 27 - 27) =      1.64244  eV     1   --> G_4            
     e( 28 - 28) =      1.66077  eV     1   --> G_3            
     e( 29 - 29) =      2.57734  eV     1   --> G_3            
     e( 30 - 30) =      2.57960  eV     1   --> G_4            
     e( 31 - 31) =      2.68365  eV     1   --> G_3            
     e( 32 - 32) =      2.79271  eV     1   --> G_4            
     e( 33 - 33) =      4.21092  eV     1   --> G_3            
     e( 34 - 34) =      4.27535  eV     1   --> G_4            

 **************************************************************************

 **************************************************************************

                    xk=(   0.26667,   0.46188,   0.00000  )

     Band symmetry, C_s (m)     double point group:

     e(  1 -  2) =    -61.21963  eV     2   --> G_3            
     e(  1 -  2) =    -61.21963  eV     2   --> G_4            
     e(  3 -  3) =    -37.10507  eV     1   --> G_4            
     e(  4 -  4) =    -37.08673  eV     1   --> G_3            
     e(  5 -  5) =    -34.68584  eV     1   --> G_3            
     e(  6 -  6) =    -34.65610  eV     1   --> G_4            
     e(  7 -  7) =    -34.56664  eV     1   --> G_4            
     e(  8 -  8) =    -34.56276  eV     1   --> G_3            
     e(  9 -  9) =    -12.48182  eV     1   --> G_4            
     e( 10 - 10) =    -12.43466  eV     1   --> G_3            
     e( 11 - 11) =    -12.34231  eV     1   --> G_3            
     e( 12 - 12) =    -12.33847  eV     1   --> G_4            
     e( 13 - 13) =     -5.43156  eV     1   --> G_3            
     e( 14 - 14) =     -5.42282  eV     1   --> G_4            
     e( 15 - 15) =     -5.41847  eV     1   --> G_3            
     e( 16 - 16) =     -5.40474  eV     1   --> G_4            
     e( 17 - 17) =     -3.98359  eV     1   --> G_3            
     e( 18 - 18) =     -3.97691  eV     1   --> G_4            
     e( 19 - 19) =     -3.59255  eV     1   --> G_4            
     e( 20 - 20) =     -3.59142  eV     1   --> G_3            
     e( 21 - 21) =     -3.49982  eV     1   --> G_3            
     e( 22 - 22) =     -3.47728  eV     1   --> G_4            
     e( 23 - 23) =     -2.25847  eV     1   --> G_4            
     e( 24 - 24) =     -2.25422  eV     1   --> G_3            
     e( 25 - 25) =     -0.80450  eV     1   --> G_4            
     e( 26 - 26) =     -0.68753  eV     1   --> G_3            
     e( 27 - 27) =      1.69258  eV     1   --> G_4            
     e( 28 - 28) =      1.70900  eV     1   --> G_3            
     e( 29 - 29) =      2.53596  eV     1   --> G_3            
     e( 30 - 30) =      2.59155  eV     1   --> G_4            
     e( 31 - 31) =      2.63558  eV     1   --> G_3            
     e( 32 - 32) =      2.68752  eV     1   --> G_4            
     e( 33 - 33) =      4.16715  eV     1   --> G_3            
     e( 34 - 34) =      4.22394  eV     1   --> G_4            

 **************************************************************************

 **************************************************************************

                    xk=(   0.25714,   0.44538,   0.00000  )

     Band symmetry, C_s (m)     double point group:

     e(  1 -  2) =    -61.22063  eV     2   --> G_3            
     e(  1 -  2) =    -61.22063  eV     2   --> G_4            
     e(  3 -  3) =    -37.10183  eV     1   --> G_4            
     e(  4 -  4) =    -37.08443  eV     1   --> G_3            
     e(  5 -  5) =    -34.68161  eV     1   --> G_3            
     e(  6 -  6) =    -34.65488  eV     1   --> G_4            
     e(  7 -  7) =    -34.56133  eV     1   --> G_4            
     e(  8 -  8) =    -34.55917  eV     1   --> G_3            
     e(  9 -  9) =    -12.54168  eV     1   --> G_4            
     e( 10 - 10) =    -12.49763  eV     1   --> G_3            
     e( 11 - 11) =    -12.37164  eV     1   --> G_3            
     e( 12 - 12) =    -12.36797  eV     1   --> G_4            
     e( 13 - 13) =     -5.44595  eV     1   --> G_3            
     e( 14 - 14) =     -5.43811  eV     1   --> G_4            
     e( 15 - 15) =     -5.33521  eV     1   --> G_3            
     e( 16 - 16) =     -5.32478  eV     1   --> G_4            
     e( 17 - 17) =     -3.96877  eV     1   --> G_3            
     e( 18 - 18) =     -3.96340  eV     1   --> G_4            
     e( 19 - 19) =     -3.63317  eV     1   --> G_4            
     e( 20 - 20) =     -3.61588  eV     1   --> G_3            
     e( 21 - 21) =     -3.39258  eV     1   --> G_3            
     e( 22 - 22) =     -3.34601  eV     1   --> G_4            
     e( 23 - 23) =     -2.17618  eV     1   --> G_4            
     e( 24 - 24) =     -2.16837  eV     1   --> G_3            
     e( 25 - 25) =     -0.87604  eV     1   --> G_4            
     e( 26 - 26) =     -0.76305  eV     1   --> G_3            
     e( 27 - 27) =      1.72785  eV     1   --> G_4            
     e( 28 - 28) =      1.73699  eV     1   --> G_3            
     e( 29 - 29) =      2.45899  eV     1   --> G_3            
     e( 30 - 30) =      2.57686  eV     1   --> G_4            
     e( 31 - 31) =      2.60248  eV     1   --> G_4            
     e( 32 - 32) =      2.62018  eV     1   --> G_3            
     e( 33 - 33) =      4.12468  eV     1   --> G_3            
     e( 34 - 34) =      4.17251  eV     1   --> G_4            

 **************************************************************************

 **************************************************************************

                    xk=(   0.24762,   0.42889,   0.00000  )

     Band symmetry, C_s (m)     double point group:

     e(  1 -  2) =    -61.22177  eV     2   --> G_3            
     e(  1 -  2) =    -61.22177  eV     2   --> G_4            
     e(  3 -  3) =    -37.09812  eV     1   --> G_4            
     e(  4 -  4) =    -37.08173  eV     1   --> G_3            
     e(  5 -  5) =    -34.67654  eV     1   --> G_3            
     e(  6 -  6) =    -34.65281  eV     1   --> G_4            
     e(  7 -  7) =    -34.55595  eV     1   --> G_4            
     e(  8 -  8) =    -34.55538  eV     1   --> G_3            
     e(  9 -  9) =    -12.60933  eV     1   --> G_4            
     e( 10 - 10) =    -12.56857  eV     1   --> G_3            
     e( 11 - 11) =    -12.40429  eV     1   --> G_3            
     e( 12 - 12) =    -12.40082  eV     1   --> G_4            
     e( 13 - 13) =     -5.45784  eV     1   --> G_3            
     e( 14 - 14) =     -5.45496  eV     1   --> G_4            
     e( 15 - 15) =     -5.22767  eV     1   --> G_3            
     e( 16 - 16) =     -5.21631  eV     1   --> G_4            
     e( 17 - 17) =     -3.96649  eV     1   --> G_3            
     e( 18 - 18) =     -3.96046  eV     1   --> G_4            
     e( 19 - 19) =     -3.66937  eV     1   --> G_4            
     e( 20 - 20) =     -3.64990  eV     1   --> G_3            
     e( 21 - 21) =     -3.26323  eV     1   --> G_3            
     e( 22 - 22) =     -3.20909  eV     1   --> G_4            
     e( 23 - 23) =     -2.09321  eV     1   --> G_4            
     e( 24 - 24) =     -2.08210  eV     1   --> G_3            
     e( 25 - 25) =     -0.94356  eV     1   --> G_4            
     e( 26 - 26) =     -0.83402  eV     1   --> G_3            
     e( 27 - 27) =      1.73823  eV     1   --> G_3            
     e( 28 - 28) =      1.74282  eV     1   --> G_4            
     e( 29 - 29) =      2.38454  eV     1   --> G_3            
     e( 30 - 30) =      2.48146  eV     1   --> G_4            
     e( 31 - 31) =      2.59663  eV     1   --> G_4            
     e( 32 - 32) =      2.60552  eV     1   --> G_3            
     e( 33 - 33) =      4.08461  eV     1   --> G_3            
     e( 34 - 34) =      4.12238  eV     1   --> G_4            

 **************************************************************************

 **************************************************************************

                    xk=(   0.23810,   0.41239,   0.00000  )

     Band symmetry, C_s (m)     double point group:

     e(  1 -  2) =    -61.22305  eV     2   --> G_3            
     e(  1 -  2) =    -61.22305  eV     2   --> G_4            
     e(  3 -  3) =    -37.09396  eV     1   --> G_4            
     e(  4 -  4) =    -37.07863  eV     1   --> G_3            
     e(  5 -  5) =    -34.67066  eV     1   --> G_3            
     e(  6 -  6) =    -34.64988  eV     1   --> G_4            
     e(  7 -  7) =    -34.55143  eV     1   --> G_3            
     e(  8 -  8) =    -34.55051  eV     1   --> G_4            
     e(  9 -  9) =    -12.68414  eV     1   --> G_4            
     e( 10 - 10) =    -12.64678  eV     1   --> G_3            
     e( 11 - 11) =    -12.43990  eV     1   --> G_3            
     e( 12 - 12) =    -12.43668  eV     1   --> G_4            
     e( 13 - 13) =     -5.45759  eV     1   --> G_4            
     e( 14 - 14) =     -5.45561  eV     1   --> G_3            
     e( 15 - 15) =     -5.10902  eV     1   --> G_3            
     e( 16 - 16) =     -5.09649  eV     1   --> G_4            
     e( 17 - 17) =     -3.97448  eV     1   --> G_3            
     e( 18 - 18) =     -3.96694  eV     1   --> G_4            
     e( 19 - 19) =     -3.69864  eV     1   --> G_4            
     e( 20 - 20) =     -3.67848  eV     1   --> G_3            
     e( 21 - 21) =     -3.12965  eV     1   --> G_3            
     e( 22 - 22) =     -3.07078  eV     1   --> G_4            
     e( 23 - 23) =     -2.01090  eV     1   --> G_4            
     e( 24 - 24) =     -1.99667  eV     1   --> G_3            
     e( 25 - 25) =     -1.00522  eV     1   --> G_4            
     e( 26 - 26) =     -0.89871  eV     1   --> G_3            
     e( 27 - 27) =      1.71073  eV     1   --> G_3            
     e( 28 - 28) =      1.73421  eV     1   --> G_4            
     e( 29 - 29) =      2.32448  eV     1   --> G_3            
     e( 30 - 30) =      2.39538  eV     1   --> G_4            
     e( 31 - 31) =      2.58339  eV     1   --> G_3            
     e( 32 - 32) =      2.58455  eV     1   --> G_4            
     e( 33 - 33) =      4.04720  eV     1   --> G_3            
     e( 34 - 34) =      4.07415  eV     1   --> G_4            

 **************************************************************************

 **************************************************************************

                    xk=(   0.22857,   0.39590,   0.00000  )

     Band symmetry, C_s (m)     double point group:

     e(  1 -  2) =    -61.22447  eV     2   --> G_3            
     e(  1 -  2) =    -61.22447  eV     2   --> G_4            
     e(  3 -  3) =    -37.08937  eV     1   --> G_4            
     e(  4 -  4) =    -37.07515  eV     1   --> G_3            
     e(  5 -  5) =    -34.66398  eV     1   --> G_3            
     e(  6 -  6) =    -34.64611  eV     1   --> G_4            
     e(  7 -  7) =    -34.54732  eV     1   --> G_3            
     e(  8 -  8) =    -34.54504  eV     1   --> G_4            
     e(  9 -  9) =    -12.76536  eV     1   --> G_4            
     e( 10 - 10) =    -12.73144  eV     1   --> G_3            
     e( 11 - 11) =    -12.47812  eV     1   --> G_3            
     e( 12 - 12) =    -12.47516  eV     1   --> G_4            
     e( 13 - 13) =     -5.44710  eV     1   --> G_4            
     e( 14 - 14) =     -5.44046  eV     1   --> G_3            
     e( 15 - 15) =     -4.98025  eV     1   --> G_3            
     e( 16 - 16) =     -4.96633  eV     1   --> G_4            
     e( 17 - 17) =     -3.99149  eV     1   --> G_3            
     e( 18 - 18) =     -3.98217  eV     1   --> G_4            
     e( 19 - 19) =     -3.71964  eV     1   --> G_4            
     e( 20 - 20) =     -3.69897  eV     1   --> G_3            
     e( 21 - 21) =     -2.99603  eV     1   --> G_3            
     e( 22 - 22) =     -2.93339  eV     1   --> G_4            
     e( 23 - 23) =     -1.93043  eV     1   --> G_4            
     e( 24 - 24) =     -1.91322  eV     1   --> G_3            
     e( 25 - 25) =     -1.05992  eV     1   --> G_4            
     e( 26 - 26) =     -0.95617  eV     1   --> G_3            
     e( 27 - 27) =      1.65980  eV     1   --> G_3            
     e( 28 - 28) =      1.70295  eV     1   --> G_4            
     e( 29 - 29) =      2.27866  eV     1   --> G_3            
     e( 30 - 30) =      2.32400  eV     1   --> G_4            
     e( 31 - 31) =      2.55240  eV     1   --> G_3            
     e( 32 - 32) =      2.56318  eV     1   --> G_4            
     e( 33 - 33) =      4.01177  eV     1   --> G_3            
     e( 34 - 34) =      4.02760  eV     1   --> G_4            

 **************************************************************************

 **************************************************************************

                    xk=(   0.21905,   0.37940,   0.00000  )

     Band symmetry, C_s (m)     double point group:

     e(  1 -  2) =    -61.22601  eV     2   --> G_3            
     e(  1 -  2) =    -61.22601  eV     2   --> G_4            
     e(  3 -  3) =    -37.08439  eV     1   --> G_4            
     e(  4 -  4) =    -37.07130  eV     1   --> G_3            
     e(  5 -  5) =    -34.65660  eV     1   --> G_3            
     e(  6 -  6) =    -34.64154  eV     1   --> G_4            
     e(  7 -  7) =    -34.54305  eV     1   --> G_3            
     e(  8 -  8) =    -34.53952  eV     1   --> G_4            
     e(  9 -  9) =    -12.85213  eV     1   --> G_4            
     e( 10 - 10) =    -12.82160  eV     1   --> G_3            
     e( 11 - 11) =    -12.51854  eV     1   --> G_3            
     e( 12 - 12) =    -12.51584  eV     1   --> G_4            
     e( 13 - 13) =     -5.42509  eV     1   --> G_4            
     e( 14 - 14) =     -5.41410  eV     1   --> G_3            
     e( 15 - 15) =     -4.84257  eV     1   --> G_3            
     e( 16 - 16) =     -4.82701  eV     1   --> G_4            
     e( 17 - 17) =     -4.01636  eV     1   --> G_3            
     e( 18 - 18) =     -4.00535  eV     1   --> G_4            
     e( 19 - 19) =     -3.73127  eV     1   --> G_4            
     e( 20 - 20) =     -3.70999  eV     1   --> G_3            
     e( 21 - 21) =     -2.86484  eV     1   --> G_3            
     e( 22 - 22) =     -2.79878  eV     1   --> G_4            
     e( 23 - 23) =     -1.85284  eV     1   --> G_4            
     e( 24 - 24) =     -1.83274  eV     1   --> G_3            
     e( 25 - 25) =     -1.10727  eV     1   --> G_4            
     e( 26 - 26) =     -1.00616  eV     1   --> G_3            
     e( 27 - 27) =      1.59608  eV     1   --> G_3            
     e( 28 - 28) =      1.65514  eV     1   --> G_4            
     e( 29 - 29) =      2.24155  eV     1   --> G_3            
     e( 30 - 30) =      2.26575  eV     1   --> G_4            
     e( 31 - 31) =      2.51303  eV     1   --> G_3            
     e( 32 - 32) =      2.53297  eV     1   --> G_4            
     e( 33 - 33) =      3.97685  eV     1   --> G_3            
     e( 34 - 34) =      3.98177  eV     1   --> G_4            

 **************************************************************************

 **************************************************************************

                    xk=(   0.20952,   0.36291,   0.00000  )

     Band symmetry, C_s (m)     double point group:

     e(  1 -  2) =    -61.22766  eV     2   --> G_3            
     e(  1 -  2) =    -61.22766  eV     2   --> G_4            
     e(  3 -  3) =    -37.07905  eV     1   --> G_4            
     e(  4 -  4) =    -37.06710  eV     1   --> G_3            
     e(  5 -  5) =    -34.64859  eV     1   --> G_3            
     e(  6 -  6) =    -34.63624  eV     1   --> G_4            
     e(  7 -  7) =    -34.53858  eV     1   --> G_3            
     e(  8 -  8) =    -34.53393  eV     1   --> G_4            
     e(  9 -  9) =    -12.94350  eV     1   --> G_4            
     e( 10 - 10) =    -12.91626  eV     1   --> G_3            
     e( 11 - 11) =    -12.56075  eV     1   --> G_3            
     e( 12 - 12) =    -12.55832  eV     1   --> G_4            
     e( 13 - 13) =     -5.39371  eV     1   --> G_4            
     e( 14 - 14) =     -5.37879  eV     1   --> G_3            
     e( 15 - 15) =     -4.69748  eV     1   --> G_3            
     e( 16 - 16) =     -4.67999  eV     1   --> G_4            
     e( 17 - 17) =     -4.04740  eV     1   --> G_3            
     e( 18 - 18) =     -4.03500  eV     1   --> G_4            
     e( 19 - 19) =     -3.73244  eV     1   --> G_4            
     e( 20 - 20) =     -3.71034  eV     1   --> G_3            
     e( 21 - 21) =     -2.73820  eV     1   --> G_3            
     e( 22 - 22) =     -2.66884  eV     1   --> G_4            
     e( 23 - 23) =     -1.77907  eV     1   --> G_4            
     e( 24 - 24) =     -1.75612  eV     1   --> G_3            
     e( 25 - 25) =     -1.14735  eV     1   --> G_4            
     e( 26 - 26) =     -1.04890  eV     1   --> G_3            
     e( 27 - 27) =      1.53078  eV     1   --> G_3            
     e( 28 - 28) =      1.60012  eV     1   --> G_4            
     e( 29 - 29) =      2.20746  eV     1   --> G_3            
     e( 30 - 30) =      2.21639  eV     1   --> G_4            
     e( 31 - 31) =      2.46667  eV     1   --> G_3            
     e( 32 - 32) =      2.49515  eV     1   --> G_4            
     e( 33 - 33) =      3.93512  eV     1   --> G_4            
     e( 34 - 34) =      3.94050  eV     1   --> G_3            

 **************************************************************************

 **************************************************************************

                    xk=(   0.20000,   0.34641,   0.00000  )

     Band symmetry, C_s (m)     double point group:

     e(  1 -  2) =    -61.22943  eV     2   --> G_3            
     e(  1 -  2) =    -61.22943  eV     2   --> G_4            
     e(  3 -  3) =    -37.07340  eV     1   --> G_4            
     e(  4 -  4) =    -37.06258  eV     1   --> G_3            
     e(  5 -  5) =    -34.64009  eV     1   --> G_3            
     e(  6 -  6) =    -34.63030  eV     1   --> G_4            
     e(  7 -  7) =    -34.53388  eV     1   --> G_3            
     e(  8 -  8) =    -34.52825  eV     1   --> G_4            
     e(  9 -  9) =    -13.03848  eV     1   --> G_4            
     e( 10 - 10) =    -13.01441  eV     1   --> G_3            
     e( 11 - 11) =    -12.60433  eV     1   --> G_3            
     e( 12 - 12) =    -12.60217  eV     1   --> G_4            
     e( 13 - 13) =     -5.35582  eV     1   --> G_4            
     e( 14 - 14) =     -5.33752  eV     1   --> G_3            
     e( 15 - 15) =     -4.54692  eV     1   --> G_3            
     e( 16 - 16) =     -4.52721  eV     1   --> G_4            
     e( 17 - 17) =     -4.08208  eV     1   --> G_3            
     e( 18 - 18) =     -4.06869  eV     1   --> G_4            
     e( 19 - 19) =     -3.72188  eV     1   --> G_4            
     e( 20 - 20) =     -3.69870  eV     1   --> G_3            
     e( 21 - 21) =     -2.61847  eV     1   --> G_3            
     e( 22 - 22) =     -2.54592  eV     1   --> G_4            
     e( 23 - 23) =     -1.70995  eV     1   --> G_4            
     e( 24 - 24) =     -1.68416  eV     1   --> G_3            
     e( 25 - 25) =     -1.18022  eV     1   --> G_4            
     e( 26 - 26) =     -1.08470  eV     1   --> G_3            
     e( 27 - 27) =      1.47275  eV     1   --> G_3            
     e( 28 - 28) =      1.54715  eV     1   --> G_4            
     e( 29 - 29) =      2.17202  eV     1   --> G_4            
     e( 30 - 30) =      2.17324  eV     1   --> G_3            
     e( 31 - 31) =      2.41516  eV     1   --> G_3            
     e( 32 - 32) =      2.45148  eV     1   --> G_4            
     e( 33 - 33) =      3.88583  eV     1   --> G_4            
     e( 34 - 34) =      3.90057  eV     1   --> G_3            

 **************************************************************************

 **************************************************************************

                    xk=(   0.19048,   0.32991,   0.00000  )

     Band symmetry, C_s (m)     double point group:

     e(  1 -  2) =    -61.23128  eV     2   --> G_3            
     e(  1 -  2) =    -61.23128  eV     2   --> G_4            
     e(  3 -  3) =    -37.06748  eV     1   --> G_4            
     e(  4 -  4) =    -37.05778  eV     1   --> G_3            
     e(  5 -  5) =    -34.63124  eV     1   --> G_3            
     e(  6 -  6) =    -34.62384  eV     1   --> G_4            
     e(  7 -  7) =    -34.52886  eV     1   --> G_3            
     e(  8 -  8) =    -34.52241  eV     1   --> G_4            
     e(  9 -  9) =    -13.13609  eV     1   --> G_4            
     e( 10 - 10) =    -13.11501  eV     1   --> G_3            
     e( 11 - 11) =    -12.64886  eV     1   --> G_3            
     e( 12 - 12) =    -12.64696  eV     1   --> G_4            
     e( 13 - 13) =     -5.31511  eV     1   --> G_4            
     e( 14 - 14) =     -5.29417  eV     1   --> G_3            
     e( 15 - 15) =     -4.39346  eV     1   --> G_3            
     e( 16 - 16) =     -4.37133  eV     1   --> G_4            
     e( 17 - 17) =     -4.11665  eV     1   --> G_3            
     e( 18 - 18) =     -4.10274  eV     1   --> G_4            
     e( 19 - 19) =     -3.69787  eV     1   --> G_4            
     e( 20 - 20) =     -3.67332  eV     1   --> G_3            
     e( 21 - 21) =     -2.50858  eV     1   --> G_3            
     e( 22 - 22) =     -2.43315  eV     1   --> G_4            
     e( 23 - 23) =     -1.64622  eV     1   --> G_4            
     e( 24 - 24) =     -1.61755  eV     1   --> G_3            
     e( 25 - 25) =     -1.20533  eV     1   --> G_4            
     e( 26 - 26) =     -1.11335  eV     1   --> G_3            
     e( 27 - 27) =      1.42807  eV     1   --> G_3            
     e( 28 - 28) =      1.50338  eV     1   --> G_4            
     e( 29 - 29) =      2.13063  eV     1   --> G_4            
     e( 30 - 30) =      2.13821  eV     1   --> G_3            
     e( 31 - 31) =      2.36057  eV     1   --> G_3            
     e( 32 - 32) =      2.40395  eV     1   --> G_4            
     e( 33 - 33) =      3.83214  eV     1   --> G_4            
     e( 34 - 34) =      3.85513  eV     1   --> G_3            

 **************************************************************************

 **************************************************************************

                    xk=(   0.18095,   0.31342,   0.00000  )

     Band symmetry, C_s (m)     double point group:

     e(  1 -  2) =    -61.23321  eV     2   --> G_3            
     e(  1 -  2) =    -61.23321  eV     2   --> G_4            
     e(  3 -  3) =    -37.06136  eV     1   --> G_4            
     e(  4 -  4) =    -37.05275  eV     1   --> G_3            
     e(  5 -  5) =    -34.62225  eV     1   --> G_3            
     e(  6 -  6) =    -34.61702  eV     1   --> G_4            
     e(  7 -  7) =    -34.52345  eV     1   --> G_3            
     e(  8 -  8) =    -34.51635  eV     1   --> G_4            
     e(  9 -  9) =    -13.23533  eV     1   --> G_4            
     e( 10 - 10) =    -13.21704  eV     1   --> G_3            
     e( 11 - 11) =    -12.69395  eV     1   --> G_3            
     e( 12 - 12) =    -12.69229  eV     1   --> G_4            
     e( 13 - 13) =     -5.27635  eV     1   --> G_4            
     e( 14 - 14) =     -5.25374  eV     1   --> G_3            
     e( 15 - 15) =     -4.24074  eV     1   --> G_3            
     e( 16 - 16) =     -4.21702  eV     1   --> G_4            
     e( 17 - 17) =     -4.14588  eV     1   --> G_3            
     e( 18 - 18) =     -4.13129  eV     1   --> G_4            
     e( 19 - 19) =     -3.65777  eV     1   --> G_4            
     e( 20 - 20) =     -3.63174  eV     1   --> G_3            
     e( 21 - 21) =     -2.41230  eV     1   --> G_3            
     e( 22 - 22) =     -2.33488  eV     1   --> G_4            
     e( 23 - 23) =     -1.58846  eV     1   --> G_4            
     e( 24 - 24) =     -1.55689  eV     1   --> G_3            
     e( 25 - 25) =     -1.22087  eV     1   --> G_4            
     e( 26 - 26) =     -1.13357  eV     1   --> G_3            
     e( 27 - 27) =      1.40029  eV     1   --> G_3            
     e( 28 - 28) =      1.47338  eV     1   --> G_4            
     e( 29 - 29) =      2.09212  eV     1   --> G_4            
     e( 30 - 30) =      2.10338  eV     1   --> G_3            
     e( 31 - 31) =      2.30497  eV     1   --> G_3            
     e( 32 - 32) =      2.35466  eV     1   --> G_4            
     e( 33 - 33) =      3.77254  eV     1   --> G_4            
     e( 34 - 34) =      3.80262  eV     1   --> G_3            

 **************************************************************************

 **************************************************************************

                    xk=(   0.17143,   0.29692,   0.00000  )

     Band symmetry, C_s (m)     double point group:

     e(  1 -  2) =    -61.23520  eV     2   --> G_3            
     e(  1 -  2) =    -61.23520  eV     2   --> G_4            
     e(  3 -  3) =    -37.05509  eV     1   --> G_4            
     e(  4 -  4) =    -37.04753  eV     1   --> G_3            
     e(  5 -  5) =    -34.61330  eV     1   --> G_3            
     e(  6 -  6) =    -34.60999  eV     1   --> G_4            
     e(  7 -  7) =    -34.51755  eV     1   --> G_3            
     e(  8 -  8) =    -34.51000  eV     1   --> G_4            
     e(  9 -  9) =    -13.33524  eV     1   --> G_4            
     e( 10 - 10) =    -13.31952  eV     1   --> G_3            
     e( 11 - 11) =    -12.73919  eV     1   --> G_3            
     e( 12 - 12) =    -12.73776  eV     1   --> G_4            
     e( 13 - 13) =     -5.24527  eV     1   --> G_4            
     e( 14 - 14) =     -5.22228  eV     1   --> G_3            
     e( 15 - 15) =     -4.16436  eV     1   --> G_3            
     e( 16 - 16) =     -4.15431  eV     1   --> G_4            
     e( 17 - 17) =     -4.09253  eV     1   --> G_3            
     e( 18 - 18) =     -4.06361  eV     1   --> G_4            
     e( 19 - 19) =     -3.59747  eV     1   --> G_4            
     e( 20 - 20) =     -3.57058  eV     1   --> G_3            
     e( 21 - 21) =     -2.33418  eV     1   --> G_3            
     e( 22 - 22) =     -2.25655  eV     1   --> G_4            
     e( 23 - 23) =     -1.53712  eV     1   --> G_4            
     e( 24 - 24) =     -1.50276  eV     1   --> G_3            
     e( 25 - 25) =     -1.22351  eV     1   --> G_4            
     e( 26 - 26) =     -1.14272  eV     1   --> G_3            
     e( 27 - 27) =      1.39088  eV     1   --> G_3            
     e( 28 - 28) =      1.45932  eV     1   --> G_4            
     e( 29 - 29) =      2.05778  eV     1   --> G_4            
     e( 30 - 30) =      2.07076  eV     1   --> G_3            
     e( 31 - 31) =      2.25039  eV     1   --> G_3            
     e( 32 - 32) =      2.30566  eV     1   --> G_4            
     e( 33 - 33) =      3.70603  eV     1   --> G_4            
     e( 34 - 34) =      3.74204  eV     1   --> G_3            

 **************************************************************************

 **************************************************************************

                    xk=(   0.16190,   0.28043,   0.00000  )

     Band symmetry, C_s (m)     double point group:

     e(  1 -  2) =    -61.23723  eV     2   --> G_3            
     e(  1 -  2) =    -61.23723  eV     2   --> G_4            
     e(  3 -  3) =    -37.04874  eV     1   --> G_4            
     e(  4 -  4) =    -37.04217  eV     1   --> G_3            
     e(  5 -  5) =    -34.60462  eV     1   --> G_3            
     e(  6 -  6) =    -34.60293  eV     1   --> G_4            
     e(  7 -  7) =    -34.51104  eV     1   --> G_3            
     e(  8 -  8) =    -34.50329  eV     1   --> G_4            
     e(  9 -  9) =    -13.43489  eV     1   --> G_4            
     e( 10 - 10) =    -13.42153  eV     1   --> G_3            
     e( 11 - 11) =    -12.78420  eV     1   --> G_3            
     e( 12 - 12) =    -12.78298  eV     1   --> G_4            
     e( 13 - 13) =     -5.22789  eV     1   --> G_4            
     e( 14 - 14) =     -5.20598  eV     1   --> G_3            
     e( 15 - 15) =     -4.16379  eV     1   --> G_3            
     e( 16 - 16) =     -4.15552  eV     1   --> G_4            
     e( 17 - 17) =     -3.95588  eV     1   --> G_3            
     e( 18 - 18) =     -3.92760  eV     1   --> G_4            
     e( 19 - 19) =     -3.51182  eV     1   --> G_4            
     e( 20 - 20) =     -3.48598  eV     1   --> G_3            
     e( 21 - 21) =     -2.27884  eV     1   --> G_3            
     e( 22 - 22) =     -2.20377  eV     1   --> G_4            
     e( 23 - 23) =     -1.49240  eV     1   --> G_4            
     e( 24 - 24) =     -1.45573  eV     1   --> G_3            
     e( 25 - 25) =     -1.20933  eV     1   --> G_4            
     e( 26 - 26) =     -1.13737  eV     1   --> G_3            
     e( 27 - 27) =      1.39953  eV     1   --> G_3            
     e( 28 - 28) =      1.46137  eV     1   --> G_4            
     e( 29 - 29) =      2.02967  eV     1   --> G_4            
     e( 30 - 30) =      2.04285  eV     1   --> G_3            
     e( 31 - 31) =      2.19872  eV     1   --> G_3            
     e( 32 - 32) =      2.25890  eV     1   --> G_4            
     e( 33 - 33) =      3.63212  eV     1   --> G_4            
     e( 34 - 34) =      3.67298  eV     1   --> G_3            

 **************************************************************************

 **************************************************************************

                    xk=(   0.15238,   0.26393,   0.00000  )

     Band symmetry, C_s (m)     double point group:

     e(  1 -  2) =    -61.23929  eV     2   --> G_3            
     e(  1 -  2) =    -61.23929  eV     2   --> G_4            
     e(  3 -  3) =    -37.04237  eV     1   --> G_4            
     e(  4 -  4) =    -37.03673  eV     1   --> G_3            
     e(  5 -  5) =    -34.59643  eV     1   --> G_3            
     e(  6 -  6) =    -34.59600  eV     1   --> G_4            
     e(  7 -  7) =    -34.50383  eV     1   --> G_3            
     e(  8 -  8) =    -34.49614  eV     1   --> G_4            
     e(  9 -  9) =    -13.53342  eV     1   --> G_4            
     e( 10 - 10) =    -13.52219  eV     1   --> G_3            
     e( 11 - 11) =    -12.82861  eV     1   --> G_3            
     e( 12 - 12) =    -12.82759  eV     1   --> G_4            
     e( 13 - 13) =     -5.22893  eV     1   --> G_4            
     e( 14 - 14) =     -5.20945  eV     1   --> G_3            
     e( 15 - 15) =     -4.14020  eV     1   --> G_3            
     e( 16 - 16) =     -4.13539  eV     1   --> G_4            
     e( 17 - 17) =     -3.83333  eV     1   --> G_3            
     e( 18 - 18) =     -3.80793  eV     1   --> G_4            
     e( 19 - 19) =     -3.39799  eV     1   --> G_4            
     e( 20 - 20) =     -3.37613  eV     1   --> G_3            
     e( 21 - 21) =     -2.24950  eV     1   --> G_3            
     e( 22 - 22) =     -2.18003  eV     1   --> G_4            
     e( 23 - 23) =     -1.45439  eV     1   --> G_4            
     e( 24 - 24) =     -1.41635  eV     1   --> G_3            
     e( 25 - 25) =     -1.17589  eV     1   --> G_4            
     e( 26 - 26) =     -1.11477  eV     1   --> G_3            
     e( 27 - 27) =      1.42455  eV     1   --> G_3            
     e( 28 - 28) =      1.47819  eV     1   --> G_4            
     e( 29 - 29) =      2.01021  eV     1   --> G_4            
     e( 30 - 30) =      2.02224  eV     1   --> G_3            
     e( 31 - 31) =      2.15178  eV     1   --> G_3            
     e( 32 - 32) =      2.21626  eV     1   --> G_4            
     e( 33 - 33) =      3.55088  eV     1   --> G_4            
     e( 34 - 34) =      3.59561  eV     1   --> G_3            

 **************************************************************************

 **************************************************************************

                    xk=(   0.14286,   0.24744,   0.00000  )

     Band symmetry, C_s (m)     double point group:

     e(  1 -  2) =    -61.24135  eV     2   --> G_3            
     e(  1 -  2) =    -61.24135  eV     2   --> G_4            
     e(  3 -  3) =    -37.03604  eV     1   --> G_4            
     e(  4 -  4) =    -37.03127  eV     1   --> G_3            
     e(  5 -  5) =    -34.58939  eV     1   --> G_4            
     e(  6 -  6) =    -34.58891  eV     1   --> G_3            
     e(  7 -  7) =    -34.49588  eV     1   --> G_3            
     e(  8 -  8) =    -34.48851  eV     1   --> G_4            
     e(  9 -  9) =    -13.62999  eV     1   --> G_4            
     e( 10 - 10) =    -13.62068  eV     1   --> G_3            
     e( 11 - 11) =    -12.87209  eV     1   --> G_3            
     e( 12 - 12) =    -12.87123  eV     1   --> G_4            
     e( 13 - 13) =     -5.25009  eV     1   --> G_4            
     e( 14 - 14) =     -5.23382  eV     1   --> G_3            
     e( 15 - 15) =     -4.09191  eV     1   --> G_3            
     e( 16 - 16) =     -4.09112  eV     1   --> G_4            
     e( 17 - 17) =     -3.72399  eV     1   --> G_3            
     e( 18 - 18) =     -3.70338  eV     1   --> G_4            
     e( 19 - 19) =     -3.25994  eV     1   --> G_4            
     e( 20 - 20) =     -3.24408  eV     1   --> G_3            
     e( 21 - 21) =     -2.24636  eV     1   --> G_3            
     e( 22 - 22) =     -2.18464  eV     1   --> G_4            
     e( 23 - 23) =     -1.42338  eV     1   --> G_4            
     e( 24 - 24) =     -1.38506  eV     1   --> G_3            
     e( 25 - 25) =     -1.12429  eV     1   --> G_4            
     e( 26 - 26) =     -1.07485  eV     1   --> G_3            
     e( 27 - 27) =      1.46345  eV     1   --> G_3            
     e( 28 - 28) =      1.50753  eV     1   --> G_4            
     e( 29 - 29) =      2.00158  eV     1   --> G_4            
     e( 30 - 30) =      2.01130  eV     1   --> G_3            
     e( 31 - 31) =      2.11138  eV     1   --> G_3            
     e( 32 - 32) =      2.17956  eV     1   --> G_4            
     e( 33 - 33) =      3.46288  eV     1   --> G_4            
     e( 34 - 34) =      3.51057  eV     1   --> G_3            

 **************************************************************************

 **************************************************************************

                    xk=(   0.13333,   0.23094,   0.00000  )

     Band symmetry, C_s (m)     double point group:

     e(  1 -  2) =    -61.24340  eV     2   --> G_3            
     e(  1 -  2) =    -61.24340  eV     2   --> G_4            
     e(  3 -  3) =    -37.02981  eV     1   --> G_4            
     e(  4 -  4) =    -37.02585  eV     1   --> G_3            
     e(  5 -  5) =    -34.58323  eV     1   --> G_4            
     e(  6 -  6) =    -34.58217  eV     1   --> G_3            
     e(  7 -  7) =    -34.48720  eV     1   --> G_3            
     e(  8 -  8) =    -34.48040  eV     1   --> G_4            
     e(  9 -  9) =    -13.72385  eV     1   --> G_4            
     e( 10 - 10) =    -13.71623  eV     1   --> G_3            
     e( 11 - 11) =    -12.91429  eV     1   --> G_3            
     e( 12 - 12) =    -12.91360  eV     1   --> G_4            
     e( 13 - 13) =     -5.28958  eV     1   --> G_4            
     e( 14 - 14) =     -5.27665  eV     1   --> G_3            
     e( 15 - 15) =     -4.02414  eV     1   --> G_4            
     e( 16 - 16) =     -4.02109  eV     1   --> G_3            
     e( 17 - 17) =     -3.62296  eV     1   --> G_3            
     e( 18 - 18) =     -3.60733  eV     1   --> G_4            
     e( 19 - 19) =     -3.10662  eV     1   --> G_4            
     e( 20 - 20) =     -3.09701  eV     1   --> G_3            
     e( 21 - 21) =     -2.26628  eV     1   --> G_3            
     e( 22 - 22) =     -2.21295  eV     1   --> G_4            
     e( 23 - 23) =     -1.39977  eV     1   --> G_4            
     e( 24 - 24) =     -1.36200  eV     1   --> G_3            
     e( 25 - 25) =     -1.05908  eV     1   --> G_4            
     e( 26 - 26) =     -1.02083  eV     1   --> G_3            
     e( 27 - 27) =      1.51349  eV     1   --> G_3            
     e( 28 - 28) =      1.54701  eV     1   --> G_4            
     e( 29 - 29) =      2.00513  eV     1   --> G_4            
     e( 30 - 30) =      2.01141  eV     1   --> G_3            
     e( 31 - 31) =      2.07970  eV     1   --> G_3            
     e( 32 - 32) =      2.15078  eV     1   --> G_4            
     e( 33 - 33) =      3.36909  eV     1   --> G_4            
     e( 34 - 34) =      3.41893  eV     1   --> G_3            

 **************************************************************************

 **************************************************************************

                    xk=(   0.12381,   0.21444,   0.00000  )

     Band symmetry, C_s (m)     double point group:

     e(  1 -  2) =    -61.24542  eV     2   --> G_3            
     e(  1 -  2) =    -61.24542  eV     2   --> G_4            
     e(  3 -  3) =    -37.02376  eV     1   --> G_4            
     e(  4 -  4) =    -37.02051  eV     1   --> G_3            
     e(  5 -  5) =    -34.57760  eV     1   --> G_4            
     e(  6 -  6) =    -34.57628  eV     1   --> G_3            
     e(  7 -  7) =    -34.47787  eV     1   --> G_3            
     e(  8 -  8) =    -34.47183  eV     1   --> G_4            
     e(  9 -  9) =    -13.81428  eV     1   --> G_4            
     e( 10 - 10) =    -13.80814  eV     1   --> G_3            
     e( 11 - 11) =    -12.95492  eV     1   --> G_3            
     e( 12 - 12) =    -12.95436  eV     1   --> G_4            
     e( 13 - 13) =     -5.34338  eV     1   --> G_4            
     e( 14 - 14) =     -5.33345  eV     1   --> G_3            
     e( 15 - 15) =     -3.93840  eV     1   --> G_4            
     e( 16 - 16) =     -3.93214  eV     1   --> G_3            
     e( 17 - 17) =     -3.52503  eV     1   --> G_3            
     e( 18 - 18) =     -3.51366  eV     1   --> G_4            
     e( 19 - 19) =     -2.94666  eV     1   --> G_4            
     e( 20 - 20) =     -2.94258  eV     1   --> G_3            
     e( 21 - 21) =     -2.30403  eV     1   --> G_3            
     e( 22 - 22) =     -2.25853  eV     1   --> G_4            
     e( 23 - 23) =     -1.38389  eV     1   --> G_4            
     e( 24 - 24) =     -1.34714  eV     1   --> G_3            
     e( 25 - 25) =     -0.98647  eV     1   --> G_4            
     e( 26 - 26) =     -0.95804  eV     1   --> G_3            
     e( 27 - 27) =      1.57230  eV     1   --> G_3            
     e( 28 - 28) =      1.59485  eV     1   --> G_4            
     e( 29 - 30) =      2.02016  eV     2   --> G_3            
     e( 29 - 30) =      2.02016  eV     2   --> G_4            
     e( 31 - 31) =      2.06159  eV     1   --> G_3            
     e( 32 - 32) =      2.13259  eV     1   --> G_4            
     e( 33 - 33) =      3.27082  eV     1   --> G_4            
     e( 34 - 34) =      3.32207  eV     1   --> G_3            

 **************************************************************************

 **************************************************************************

                    xk=(   0.11429,   0.19795,   0.00000  )

     Band symmetry, C_s (m)     double point group:

     e(  1 -  2) =    -61.24738  eV     2   --> G_3            
     e(  1 -  2) =    -61.24738  eV     2   --> G_4            
     e(  3 -  3) =    -37.01792  eV     1   --> G_4            
     e(  4 -  4) =    -37.01531  eV     1   --> G_3            
     e(  5 -  5) =    -34.57258  eV     1   --> G_4            
     e(  6 -  6) =    -34.57121  eV     1   --> G_3            
     e(  7 -  7) =    -34.46806  eV     1   --> G_3            
     e(  8 -  8) =    -34.46290  eV     1   --> G_4            
     e(  9 -  9) =    -13.90062  eV     1   --> G_4            
     e( 10 - 10) =    -13.89576  eV     1   --> G_3            
     e( 11 - 11) =    -12.99369  eV     1   --> G_3            
     e( 12 - 12) =    -12.99325  eV     1   --> G_4            
     e( 13 - 13) =     -5.40685  eV     1   --> G_4            
     e( 14 - 14) =     -5.39943  eV     1   --> G_3            
     e( 15 - 15) =     -3.83863  eV     1   --> G_4            
     e( 16 - 16) =     -3.82999  eV     1   --> G_3            
     e( 17 - 17) =     -3.42659  eV     1   --> G_3            
     e( 18 - 18) =     -3.41867  eV     1   --> G_4            
     e( 19 - 19) =     -2.78705  eV     1   --> G_3            
     e( 20 - 20) =     -2.78642  eV     1   --> G_4            
     e( 21 - 21) =     -2.35392  eV     1   --> G_3            
     e( 22 - 22) =     -2.31523  eV     1   --> G_4            
     e( 23 - 23) =     -1.37590  eV     1   --> G_4            
     e( 24 - 24) =     -1.34050  eV     1   --> G_3            
     e( 25 - 25) =     -0.91245  eV     1   --> G_4            
     e( 26 - 26) =     -0.89210  eV     1   --> G_3            
     e( 27 - 27) =      1.63839  eV     1   --> G_3            
     e( 28 - 28) =      1.65035  eV     1   --> G_4            
     e( 29 - 29) =      2.02430  eV     1   --> G_3            
     e( 30 - 30) =      2.04230  eV     1   --> G_4            
     e( 31 - 31) =      2.07130  eV     1   --> G_3            
     e( 32 - 32) =      2.12965  eV     1   --> G_4            
     e( 33 - 33) =      3.16965  eV     1   --> G_4            
     e( 34 - 34) =      3.22159  eV     1   --> G_3            

 **************************************************************************

 **************************************************************************

                    xk=(   0.10476,   0.18145,   0.00000  )

     Band symmetry, C_s (m)     double point group:

     e(  1 -  2) =    -61.24927  eV     2   --> G_3            
     e(  1 -  2) =    -61.24927  eV     2   --> G_4            
     e(  3 -  3) =    -37.01237  eV     1   --> G_4            
     e(  4 -  4) =    -37.01032  eV     1   --> G_3            
     e(  5 -  5) =    -34.56817  eV     1   --> G_4            
     e(  6 -  6) =    -34.56691  eV     1   --> G_3            
     e(  7 -  7) =    -34.45797  eV     1   --> G_3            
     e(  8 -  8) =    -34.45373  eV     1   --> G_4            
     e(  9 -  9) =    -13.98226  eV     1   --> G_4            
     e( 10 - 10) =    -13.97850  eV     1   --> G_3            
     e( 11 - 11) =    -13.03034  eV     1   --> G_3            
     e( 12 - 12) =    -13.03000  eV     1   --> G_4            
     e( 13 - 13) =     -5.47581  eV     1   --> G_4            
     e( 14 - 14) =     -5.47037  eV     1   --> G_3            
     e( 15 - 15) =     -3.72940  eV     1   --> G_4            
     e( 16 - 16) =     -3.71919  eV     1   --> G_3            
     e( 17 - 17) =     -3.32573  eV     1   --> G_3            
     e( 18 - 18) =     -3.32061  eV     1   --> G_4            
     e( 19 - 19) =     -2.63534  eV     1   --> G_3            
     e( 20 - 20) =     -2.63053  eV     1   --> G_4            
     e( 21 - 21) =     -2.41070  eV     1   --> G_3            
     e( 22 - 22) =     -2.37793  eV     1   --> G_4            
     e( 23 - 23) =     -1.37586  eV     1   --> G_4            
     e( 24 - 24) =     -1.34213  eV     1   --> G_3            
     e( 25 - 25) =     -0.84179  eV     1   --> G_4            
     e( 26 - 26) =     -0.82778  eV     1   --> G_3            
     e( 27 - 27) =      1.71124  eV     1   --> G_3            
     e( 28 - 28) =      1.71379  eV     1   --> G_4            
     e( 29 - 29) =      2.02505  eV     1   --> G_3            
     e( 30 - 30) =      2.06331  eV     1   --> G_4            
     e( 31 - 31) =      2.10678  eV     1   --> G_3            
     e( 32 - 32) =      2.14861  eV     1   --> G_4            
     e( 33 - 33) =      3.06732  eV     1   --> G_4            
     e( 34 - 34) =      3.11928  eV     1   --> G_3            

 **************************************************************************

 **************************************************************************

                    xk=(   0.09524,   0.16496,   0.00000  )

     Band symmetry, C_s (m)     double point group:

     e(  1 -  2) =    -61.25108  eV     2   --> G_3            
     e(  1 -  2) =    -61.25108  eV     2   --> G_4            
     e(  3 -  3) =    -37.00714  eV     1   --> G_4            
     e(  4 -  4) =    -37.00558  eV     1   --> G_3            
     e(  5 -  5) =    -34.56437  eV     1   --> G_4            
     e(  6 -  6) =    -34.56329  eV     1   --> G_3            
     e(  7 -  7) =    -34.44785  eV     1   --> G_3            
     e(  8 -  8) =    -34.44449  eV     1   --> G_4            
     e(  9 -  9) =    -14.05866  eV     1   --> G_4            
     e( 10 - 10) =    -14.05582  eV     1   --> G_3            
     e( 11 - 11) =    -13.06462  eV     1   --> G_3            
     e( 12 - 12) =    -13.06436  eV     1   --> G_4            
     e( 13 - 13) =     -5.54680  eV     1   --> G_4            
     e( 14 - 14) =     -5.54290  eV     1   --> G_3            
     e( 15 - 15) =     -3.61476  eV     1   --> G_4            
     e( 16 - 16) =     -3.60370  eV     1   --> G_3            
     e( 17 - 17) =     -3.22168  eV     1   --> G_3            
     e( 18 - 18) =     -3.21891  eV     1   --> G_4            
     e( 19 - 19) =     -2.49839  eV     1   --> G_3            
     e( 20 - 20) =     -2.48389  eV     1   --> G_4            
     e( 21 - 21) =     -2.46294  eV     1   --> G_3            
     e( 22 - 22) =     -2.44131  eV     1   --> G_4            
     e( 23 - 23) =     -1.38380  eV     1   --> G_4            
     e( 24 - 24) =     -1.35210  eV     1   --> G_3            
     e( 25 - 25) =     -0.77778  eV     1   --> G_4            
     e( 26 - 26) =     -0.76856  eV     1   --> G_3            
     e( 27 - 27) =      1.78576  eV     1   --> G_4            
     e( 28 - 28) =      1.79097  eV     1   --> G_3            
     e( 29 - 29) =      2.03352  eV     1   --> G_3            
     e( 30 - 30) =      2.08161  eV     1   --> G_4            
     e( 31 - 31) =      2.15456  eV     1   --> G_3            
     e( 32 - 32) =      2.18824  eV     1   --> G_4            
     e( 33 - 33) =      2.96573  eV     1   --> G_4            
     e( 34 - 34) =      3.01703  eV     1   --> G_3            

 **************************************************************************

 **************************************************************************

                    xk=(   0.08571,   0.14846,   0.00000  )

     Band symmetry, C_s (m)     double point group:

     e(  1 -  2) =    -61.25277  eV     2   --> G_3            
     e(  1 -  2) =    -61.25277  eV     2   --> G_4            
     e(  3 -  3) =    -37.00229  eV     1   --> G_4            
     e(  4 -  4) =    -37.00114  eV     1   --> G_3            
     e(  5 -  5) =    -34.56112  eV     1   --> G_4            
     e(  6 -  6) =    -34.56026  eV     1   --> G_3            
     e(  7 -  7) =    -34.43792  eV     1   --> G_3            
     e(  8 -  8) =    -34.43537  eV     1   --> G_4            
     e(  9 -  9) =    -14.12931  eV     1   --> G_4            
     e( 10 - 10) =    -14.12723  eV     1   --> G_3            
     e( 11 - 11) =    -13.09630  eV     1   --> G_3            
     e( 12 - 12) =    -13.09611  eV     1   --> G_4            
     e( 13 - 13) =     -5.61706  eV     1   --> G_4            
     e( 14 - 14) =     -5.61434  eV     1   --> G_3            
     e( 15 - 15) =     -3.49833  eV     1   --> G_4            
     e( 16 - 16) =     -3.48704  eV     1   --> G_3            
     e( 17 - 17) =     -3.11444  eV     1   --> G_3            
     e( 18 - 18) =     -3.11376  eV     1   --> G_4            
     e( 19 - 19) =     -2.53417  eV     1   --> G_3            
     e( 20 - 20) =     -2.50804  eV     1   --> G_4            
     e( 21 - 21) =     -2.35229  eV     1   --> G_3            
     e( 22 - 22) =     -2.34354  eV     1   --> G_4            
     e( 23 - 23) =     -1.39976  eV     1   --> G_4            
     e( 24 - 24) =     -1.37048  eV     1   --> G_3            
     e( 25 - 25) =     -0.72237  eV     1   --> G_4            
     e( 26 - 26) =     -0.71660  eV     1   --> G_3            
     e( 27 - 27) =      1.86632  eV     1   --> G_4            
     e( 28 - 28) =      1.87761  eV     1   --> G_3            
     e( 29 - 29) =      2.05210  eV     1   --> G_3            
     e( 30 - 30) =      2.10338  eV     1   --> G_4            
     e( 31 - 31) =      2.20875  eV     1   --> G_3            
     e( 32 - 32) =      2.23891  eV     1   --> G_4            
     e( 33 - 33) =      2.86684  eV     1   --> G_4            
     e( 34 - 34) =      2.91681  eV     1   --> G_3            

 **************************************************************************

 **************************************************************************

                    xk=(   0.07619,   0.13197,   0.00000  )

     Band symmetry, C_s (m)     double point group:

     e(  1 -  2) =    -61.25433  eV     2   --> G_3            
     e(  1 -  2) =    -61.25433  eV     2   --> G_4            
     e(  3 -  3) =    -36.99785  eV     1   --> G_4            
     e(  4 -  4) =    -36.99703  eV     1   --> G_3            
     e(  5 -  5) =    -34.55839  eV     1   --> G_4            
     e(  6 -  6) =    -34.55775  eV     1   --> G_3            
     e(  7 -  7) =    -34.42841  eV     1   --> G_3            
     e(  8 -  8) =    -34.42656  eV     1   --> G_4            
     e(  9 -  9) =    -14.19376  eV     1   --> G_4            
     e( 10 - 10) =    -14.19229  eV     1   --> G_3            
     e( 11 - 11) =    -13.12519  eV     1   --> G_3            
     e( 12 - 12) =    -13.12506  eV     1   --> G_4            
     e( 13 - 13) =     -5.68445  eV     1   --> G_4            
     e( 14 - 14) =     -5.68260  eV     1   --> G_3            
     e( 15 - 15) =     -3.38337  eV     1   --> G_4            
     e( 16 - 16) =     -3.37236  eV     1   --> G_3            
     e( 17 - 17) =     -3.00589  eV     1   --> G_4            
     e( 18 - 18) =     -3.00455  eV     1   --> G_3            
     e( 19 - 19) =     -2.59169  eV     1   --> G_3            
     e( 20 - 20) =     -2.56888  eV     1   --> G_4            
     e( 21 - 21) =     -2.22951  eV     1   --> G_3            
     e( 22 - 22) =     -2.21857  eV     1   --> G_4            
     e( 23 - 23) =     -1.42371  eV     1   --> G_4            
     e( 24 - 24) =     -1.39723  eV     1   --> G_3            
     e( 25 - 25) =     -0.67630  eV     1   --> G_4            
     e( 26 - 26) =     -0.67290  eV     1   --> G_3            
     e( 27 - 27) =      1.95434  eV     1   --> G_4            
     e( 28 - 28) =      1.97046  eV     1   --> G_3            
     e( 29 - 29) =      2.08062  eV     1   --> G_3            
     e( 30 - 30) =      2.13231  eV     1   --> G_4            
     e( 31 - 31) =      2.26534  eV     1   --> G_3            
     e( 32 - 32) =      2.29326  eV     1   --> G_4            
     e( 33 - 33) =      2.77267  eV     1   --> G_4            
     e( 34 - 34) =      2.82065  eV     1   --> G_3            

 **************************************************************************

 **************************************************************************

                    xk=(   0.06667,   0.11547,   0.00000  )

     Band symmetry, C_s (m)     double point group:

     e(  1 -  2) =    -61.25575  eV     2   --> G_3            
     e(  1 -  2) =    -61.25575  eV     2   --> G_4            
     e(  3 -  3) =    -36.99386  eV     1   --> G_4            
     e(  4 -  4) =    -36.99331  eV     1   --> G_3            
     e(  5 -  5) =    -34.55611  eV     1   --> G_4            
     e(  6 -  6) =    -34.55566  eV     1   --> G_3            
     e(  7 -  7) =    -34.41952  eV     1   --> G_3            
     e(  8 -  8) =    -34.41825  eV     1   --> G_4            
     e(  9 -  9) =    -14.25160  eV     1   --> G_4            
     e( 10 - 10) =    -14.25061  eV     1   --> G_3            
     e( 11 - 12) =    -13.15111  eV     2   --> G_3            
     e( 11 - 12) =    -13.15111  eV     2   --> G_4            
     e( 13 - 13) =     -5.74725  eV     1   --> G_4            
     e( 14 - 14) =     -5.74604  eV     1   --> G_3            
     e( 15 - 15) =     -3.27297  eV     1   --> G_4            
     e( 16 - 16) =     -3.26267  eV     1   --> G_3            
     e( 17 - 17) =     -2.89679  eV     1   --> G_4            
     e( 18 - 18) =     -2.89301  eV     1   --> G_3            
     e( 19 - 19) =     -2.64545  eV     1   --> G_3            
     e( 20 - 20) =     -2.62458  eV     1   --> G_4            
     e( 21 - 21) =     -2.11980  eV     1   --> G_3            
     e( 22 - 22) =     -2.10767  eV     1   --> G_4            
     e( 23 - 23) =     -1.45554  eV     1   --> G_4            
     e( 24 - 24) =     -1.43220  eV     1   --> G_3            
     e( 25 - 25) =     -0.63938  eV     1   --> G_4            
     e( 26 - 26) =     -0.63752  eV     1   --> G_3            
     e( 27 - 27) =      2.04696  eV     1   --> G_4            
     e( 28 - 28) =      2.06769  eV     1   --> G_3            
     e( 29 - 29) =      2.11780  eV     1   --> G_3            
     e( 30 - 30) =      2.16939  eV     1   --> G_4            
     e( 31 - 31) =      2.32106  eV     1   --> G_3            
     e( 32 - 32) =      2.34691  eV     1   --> G_4            
     e( 33 - 33) =      2.68526  eV     1   --> G_4            
     e( 34 - 34) =      2.73061  eV     1   --> G_3            

 **************************************************************************

 **************************************************************************

                    xk=(   0.05714,   0.09897,   0.00000  )

     Band symmetry, C_s (m)     double point group:

     e(  1 -  2) =    -61.25701  eV     2   --> G_3            
     e(  1 -  2) =    -61.25701  eV     2   --> G_4            
     e(  3 -  3) =    -36.99036  eV     1   --> G_4            
     e(  4 -  4) =    -36.99000  eV     1   --> G_3            
     e(  5 -  5) =    -34.55425  eV     1   --> G_4            
     e(  6 -  6) =    -34.55396  eV     1   --> G_3            
     e(  7 -  7) =    -34.41144  eV     1   --> G_3            
     e(  8 -  8) =    -34.41063  eV     1   --> G_4            
     e(  9 -  9) =    -14.30246  eV     1   --> G_4            
     e( 10 - 10) =    -14.30184  eV     1   --> G_3            
     e( 11 - 12) =    -13.17389  eV     2   --> G_3            
     e( 11 - 12) =    -13.17389  eV     2   --> G_4            
     e( 13 - 13) =     -5.80408  eV     1   --> G_4            
     e( 14 - 14) =     -5.80334  eV     1   --> G_3            
     e( 15 - 15) =     -3.17010  eV     1   --> G_4            
     e( 16 - 16) =     -3.16084  eV     1   --> G_3            
     e( 17 - 17) =     -2.79090  eV     1   --> G_4            
     e( 18 - 18) =     -2.78167  eV     1   --> G_3            
     e( 19 - 19) =     -2.69317  eV     1   --> G_3            
     e( 20 - 20) =     -2.67058  eV     1   --> G_4            
     e( 21 - 21) =     -2.02459  eV     1   --> G_3            
     e( 22 - 22) =     -2.01213  eV     1   --> G_4            
     e( 23 - 23) =     -1.49487  eV     1   --> G_4            
     e( 24 - 24) =     -1.47494  eV     1   --> G_3            
     e( 25 - 25) =     -0.61083  eV     1   --> G_4            
     e( 26 - 26) =     -0.60989  eV     1   --> G_3            
     e( 27 - 27) =      2.13807  eV     1   --> G_4            
     e( 28 - 28) =      2.16020  eV     1   --> G_3            
     e( 29 - 29) =      2.16746  eV     1   --> G_3            
     e( 30 - 30) =      2.21586  eV     1   --> G_4            
     e( 31 - 31) =      2.37318  eV     1   --> G_3            
     e( 32 - 32) =      2.39687  eV     1   --> G_4            
     e( 33 - 33) =      2.60673  eV     1   --> G_4            
     e( 34 - 34) =      2.64892  eV     1   --> G_3            

 **************************************************************************

 **************************************************************************

                    xk=(   0.04762,   0.08248,   0.00000  )

     Band symmetry, C_s (m)     double point group:

     e(  1 -  2) =    -61.25811  eV     2   --> G_3            
     e(  1 -  2) =    -61.25811  eV     2   --> G_4            
     e(  3 -  3) =    -36.98736  eV     1   --> G_4            
     e(  4 -  4) =    -36.98715  eV     1   --> G_3            
     e(  5 -  5) =    -34.55276  eV     1   --> G_4            
     e(  6 -  6) =    -34.55259  eV     1   --> G_3            
     e(  7 -  7) =    -34.40434  eV     1   --> G_3            
     e(  8 -  8) =    -34.40386  eV     1   --> G_4            
     e(  9 -  9) =    -14.34605  eV     1   --> G_4            
     e( 10 - 10) =    -14.34569  eV     1   --> G_3            
     e( 11 - 12) =    -13.19340  eV     2   --> G_3            
     e( 11 - 12) =    -13.19340  eV     2   --> G_4            
     e( 13 - 13) =     -5.85384  eV     1   --> G_4            
     e( 14 - 14) =     -5.85343  eV     1   --> G_3            
     e( 15 - 15) =     -3.07768  eV     1   --> G_4            
     e( 16 - 16) =     -3.06972  eV     1   --> G_3            
     e( 17 - 17) =     -2.73909  eV     1   --> G_4            
     e( 18 - 18) =     -2.73761  eV     1   --> G_3            
     e( 19 - 19) =     -2.66836  eV     1   --> G_3            
     e( 20 - 20) =     -2.65675  eV     1   --> G_4            
     e( 21 - 21) =     -1.94459  eV     1   --> G_3            
     e( 22 - 22) =     -1.93268  eV     1   --> G_4            
     e( 23 - 23) =     -1.54084  eV     1   --> G_4            
     e( 24 - 24) =     -1.52446  eV     1   --> G_3            
     e( 25 - 25) =     -0.58948  eV     1   --> G_4            
     e( 26 - 26) =     -0.58907  eV     1   --> G_3            
     e( 27 - 27) =      2.20758  eV     1   --> G_3            
     e( 28 - 28) =      2.21441  eV     1   --> G_4            
     e( 29 - 29) =      2.26255  eV     1   --> G_3            
     e( 30 - 30) =      2.27777  eV     1   --> G_4            
     e( 31 - 31) =      2.41906  eV     1   --> G_3            
     e( 32 - 32) =      2.44051  eV     1   --> G_4            
     e( 33 - 33) =      2.53983  eV     1   --> G_4            
     e( 34 - 34) =      2.57845  eV     1   --> G_3            

 **************************************************************************

 **************************************************************************

                    xk=(   0.03810,   0.06598,   0.00000  )

     Band symmetry, C_s (m)     double point group:

     e(  1 -  2) =    -61.25902  eV     2   --> G_3            
     e(  1 -  2) =    -61.25902  eV     2   --> G_4            
     e(  3 -  3) =    -36.98488  eV     1   --> G_4            
     e(  4 -  4) =    -36.98477  eV     1   --> G_3            
     e(  5 -  6) =    -34.55160  eV     2   --> G_3            
     e(  5 -  6) =    -34.55160  eV     2   --> G_4            
     e(  7 -  7) =    -34.39835  eV     1   --> G_3            
     e(  8 -  8) =    -34.39810  eV     1   --> G_4            
     e(  9 -  9) =    -14.38208  eV     1   --> G_4            
     e( 10 - 10) =    -14.38190  eV     1   --> G_3            
     e( 11 - 12) =    -13.20953  eV     2   --> G_3            
     e( 11 - 12) =    -13.20953  eV     2   --> G_4            
     e( 13 - 13) =     -5.89568  eV     1   --> G_4            
     e( 14 - 14) =     -5.89547  eV     1   --> G_3            
     e( 15 - 15) =     -2.99865  eV     1   --> G_4            
     e( 16 - 16) =     -2.99226  eV     1   --> G_3            
     e( 17 - 17) =     -2.77047  eV     1   --> G_3            
     e( 18 - 18) =     -2.76549  eV     1   --> G_4            
     e( 19 - 19) =     -2.56278  eV     1   --> G_3            
     e( 20 - 20) =     -2.56042  eV     1   --> G_4            
     e( 21 - 21) =     -1.88030  eV     1   --> G_3            
     e( 22 - 22) =     -1.86982  eV     1   --> G_4            
     e( 23 - 23) =     -1.59160  eV     1   --> G_4            
     e( 24 - 24) =     -1.57886  eV     1   --> G_3            
     e( 25 - 25) =     -0.57410  eV     1   --> G_4            
     e( 26 - 26) =     -0.57394  eV     1   --> G_3            
     e( 27 - 27) =      2.25318  eV     1   --> G_3            
     e( 28 - 28) =      2.26767  eV     1   --> G_4            
     e( 29 - 29) =      2.34953  eV     1   --> G_3            
     e( 30 - 30) =      2.35362  eV     1   --> G_4            
     e( 31 - 31) =      2.45402  eV     1   --> G_3            
     e( 32 - 32) =      2.46681  eV     1   --> G_4            
     e( 33 - 33) =      2.49706  eV     1   --> G_4            
     e( 34 - 34) =      2.52576  eV     1   --> G_3            

 **************************************************************************

 **************************************************************************

                    xk=(   0.02857,   0.04949,   0.00000  )

     Band symmetry, C_s (m)     double point group:

     e(  1 -  2) =    -61.25973  eV     2   --> G_3            
     e(  1 -  2) =    -61.25973  eV     2   --> G_4            
     e(  3 -  4) =    -36.98294  eV     2   --> G_3            
     e(  3 -  4) =    -36.98294  eV     2   --> G_4            
     e(  5 -  6) =    -34.55073  eV     2   --> G_3            
     e(  5 -  6) =    -34.55073  eV     2   --> G_4            
     e(  7 -  7) =    -34.39358  eV     1   --> G_3            
     e(  8 -  8) =    -34.39348  eV     1   --> G_4            
     e(  9 - 10) =    -14.41034  eV     2   --> G_3            
     e(  9 - 10) =    -14.41034  eV     2   --> G_4            
     e( 11 - 12) =    -13.22217  eV     2   --> G_3            
     e( 11 - 12) =    -13.22217  eV     2   --> G_4            
     e( 13 - 14) =     -5.92890  eV     2   --> G_3            
     e( 13 - 14) =     -5.92890  eV     2   --> G_4            
     e( 15 - 15) =     -2.93629  eV     1   --> G_4            
     e( 16 - 16) =     -2.93178  eV     1   --> G_3            
     e( 17 - 17) =     -2.79466  eV     1   --> G_3            
     e( 18 - 18) =     -2.79046  eV     1   --> G_4            
     e( 19 - 19) =     -2.46423  eV     1   --> G_3            
     e( 20 - 20) =     -2.46365  eV     1   --> G_4            
     e( 21 - 21) =     -1.83252  eV     1   --> G_3            
     e( 22 - 22) =     -1.82442  eV     1   --> G_4            
     e( 23 - 23) =     -1.64320  eV     1   --> G_4            
     e( 24 - 24) =     -1.63423  eV     1   --> G_3            
     e( 25 - 26) =     -0.56349  eV     2   --> G_3            
     e( 25 - 26) =     -0.56349  eV     2   --> G_4            
     e( 27 - 27) =      2.29263  eV     1   --> G_3            
     e( 28 - 28) =      2.30496  eV     1   --> G_4            
     e( 29 - 29) =      2.41115  eV     1   --> G_3            
     e( 30 - 30) =      2.41345  eV     1   --> G_4            
     e( 31 - 31) =      2.45371  eV     1   --> G_4            
     e( 32 - 32) =      2.46770  eV     1   --> G_3            
     e( 33 - 33) =      2.51374  eV     1   --> G_3            
     e( 34 - 34) =      2.51430  eV     1   --> G_4            

 **************************************************************************

 **************************************************************************

                    xk=(   0.01905,   0.03299,   0.00000  )

     Band symmetry, C_s (m)     double point group:

     e(  1 -  2) =    -61.26025  eV     2   --> G_3            
     e(  1 -  2) =    -61.26025  eV     2   --> G_4            
     e(  3 -  4) =    -36.98155  eV     2   --> G_3            
     e(  3 -  4) =    -36.98155  eV     2   --> G_4            
     e(  5 -  6) =    -34.55013  eV     2   --> G_3            
     e(  5 -  6) =    -34.55013  eV     2   --> G_4            
     e(  7 -  8) =    -34.39012  eV     2   --> G_3            
     e(  7 -  8) =    -34.39012  eV     2   --> G_4            
     e(  9 - 10) =    -14.43066  eV     2   --> G_3            
     e(  9 - 10) =    -14.43066  eV     2   --> G_4            
     e( 11 - 12) =    -13.23125  eV     2   --> G_3            
     e( 11 - 12) =    -13.23125  eV     2   --> G_4            
     e( 13 - 14) =     -5.95299  eV     2   --> G_3            
     e( 13 - 14) =     -5.95299  eV     2   --> G_4            
     e( 15 - 15) =     -2.89470  eV     1   --> G_4            
     e( 16 - 16) =     -2.89249  eV     1   --> G_3            
     e( 17 - 17) =     -2.80681  eV     1   --> G_3            
     e( 18 - 18) =     -2.80466  eV     1   --> G_4            
     e( 19 - 20) =     -2.37962  eV     2   --> G_3            
     e( 19 - 20) =     -2.37962  eV     2   --> G_4            
     e( 21 - 21) =     -1.80375  eV     1   --> G_3            
     e( 22 - 22) =     -1.79920  eV     1   --> G_4            
     e( 23 - 23) =     -1.68707  eV     1   --> G_4            
     e( 24 - 24) =     -1.68232  eV     1   --> G_3            
     e( 25 - 26) =     -0.55666  eV     2   --> G_3            
     e( 25 - 26) =     -0.55666  eV     2   --> G_4            
     e( 27 - 27) =      2.31972  eV     1   --> G_3            
     e( 28 - 28) =      2.32600  eV     1   --> G_4            
     e( 29 - 29) =      2.40952  eV     1   --> G_4            
     e( 30 - 30) =      2.41332  eV     1   --> G_3            
     e( 31 - 31) =      2.49710  eV     1   --> G_4            
     e( 32 - 32) =      2.50344  eV     1   --> G_3            
     e( 33 - 33) =      2.53035  eV     1   --> G_3            
     e( 34 - 34) =      2.53459  eV     1   --> G_4            

 **************************************************************************

 **************************************************************************

                    xk=(   0.00952,   0.01650,   0.00000  )

     Band symmetry, C_s (m)     double point group:

     e(  1 -  2) =    -61.26057  eV     2   --> G_3            
     e(  1 -  2) =    -61.26057  eV     2   --> G_4            
     e(  3 -  4) =    -36.98072  eV     2   --> G_3            
     e(  3 -  4) =    -36.98072  eV     2   --> G_4            
     e(  5 -  6) =    -34.54978  eV     2   --> G_3            
     e(  5 -  6) =    -34.54978  eV     2   --> G_4            
     e(  7 -  8) =    -34.38803  eV     2   --> G_3            
     e(  7 -  8) =    -34.38803  eV     2   --> G_4            
     e(  9 - 10) =    -14.44290  eV     2   --> G_3            
     e(  9 - 10) =    -14.44290  eV     2   --> G_4            
     e( 11 - 12) =    -13.23672  eV     2   --> G_3            
     e( 11 - 12) =    -13.23672  eV     2   --> G_4            
     e( 13 - 14) =     -5.96759  eV     2   --> G_3            
     e( 13 - 14) =     -5.96759  eV     2   --> G_4            
     e( 15 - 15) =     -2.87621  eV     1   --> G_4            
     e( 16 - 16) =     -2.87585  eV     1   --> G_3            
     e( 17 - 17) =     -2.80664  eV     1   --> G_3            
     e( 18 - 18) =     -2.80629  eV     1   --> G_4            
     e( 19 - 20) =     -2.31922  eV     2   --> G_3            
     e( 19 - 20) =     -2.31922  eV     2   --> G_4            
     e( 21 - 21) =     -1.79779  eV     1   --> G_3            
     e( 22 - 22) =     -1.79694  eV     1   --> G_4            
     e( 23 - 23) =     -1.71027  eV     1   --> G_4            
     e( 24 - 24) =     -1.70941  eV     1   --> G_3            
     e( 25 - 26) =     -0.55287  eV     2   --> G_3            
     e( 25 - 26) =     -0.55287  eV     2   --> G_4            
     e( 27 - 27) =      2.33023  eV     1   --> G_3            
     e( 28 - 28) =      2.33124  eV     1   --> G_4            
     e( 29 - 29) =      2.40668  eV     1   --> G_4            
     e( 30 - 30) =      2.40746  eV     1   --> G_3            
     e( 31 - 31) =      2.53449  eV     1   --> G_4            
     e( 32 - 32) =      2.53680  eV     1   --> G_3            
     e( 33 - 33) =      2.54494  eV     1   --> G_3            
     e( 34 - 34) =      2.54709  eV     1   --> G_4            

 **************************************************************************

 **************************************************************************

                    xk=(   0.00000,   0.00000,   0.00000  )

     double point group D_3h (-62m)
     there are  9 classes and  3 irreducible representations
     the character table:

       E     -E    2C3   -2C3   3C2'  s_h  2S3   -2S3   3s_v
                               -3C2' -s_h'             -3s_v
G_7    2.00 -2.00  1.00 -1.00  0.00  0.00  1.73 -1.73  0.00
G_8    2.00 -2.00  1.00 -1.00  0.00  0.00 -1.73  1.73  0.00
G_9    2.00 -2.00 -2.00  2.00  0.00  0.00  0.00  0.00  0.00

     the symmetry operations in each class and the name of the first element:

     E             1
                                                                 
     -E           -1
                                                                 
     2C3           3    4
                                                                 
     -2C3         -3   -4
                                                                 
      3C2'-3C2'    2   -6    5   -2   -5    6
                                                                 
      s_h -s_h'    7   -7
                                                                 
     2S3           9   10
                                                                 
     -2S3         -9  -10
                                                                 
      3s_v-3s_v    8   -8  -11  -12   11   12
                                                                 

     Band symmetry, D_3h (-62m) double point group:

     e(  1 -  2) =    -61.26067  eV     2   --> G_7            
     e(  3 -  4) =    -36.98044  eV     2   --> G_8            
     e(  5 -  6) =    -34.54966  eV     2   --> G_8            
     e(  7 -  8) =    -34.38733  eV     2   --> G_9            
     e(  9 - 10) =    -14.44699  eV     2   --> G_7            
     e( 11 - 12) =    -13.23855  eV     2   --> G_8            
     e( 13 - 14) =     -5.97248  eV     2   --> G_7            
     e( 15 - 16) =     -2.87254  eV     2   --> G_9            
     e( 17 - 18) =     -2.80426  eV     2   --> G_8            
     e( 19 - 20) =     -2.29658  eV     2   --> G_8            
     e( 21 - 22) =     -1.80163  eV     2   --> G_7            
     e( 23 - 24) =     -1.71507  eV     2   --> G_9            
     e( 25 - 26) =     -0.55165  eV     2   --> G_7            
     e( 27 - 28) =      2.33122  eV     2   --> G_7            
     e( 29 - 30) =      2.40746  eV     2   --> G_9            
     e( 31 - 32) =      2.54667  eV     2   --> G_8            
     e( 33 - 34) =      2.55227  eV     2   --> G_9            

 **************************************************************************
 
     BANDS        :   1m 2.60s CPU   1m42.58s WALL

 
   This run was terminated on:  12:29:22  22Jul2025            

=------------------------------------------------------------------------------=
   JOB DONE.
=------------------------------------------------------------------------------=
