
     Program BANDS v.7.2 starts on 23Jul2025 at 12:24: 4 

     This program is part of the open-source Quantum ESPRESSO suite
     for quantum simulation of materials; please cite
         "P. Giannozzi et al., J. Phys.:Condens. Matter 21 395502 (2009);
         "P. Giannozzi et al., J. Phys.:Condens. Matter 29 465901 (2017);
         "P. Giannozzi et al., J. Chem. Phys. 152 154105 (2020);
          URL http://www.quantum-espresso.org", 
     in publications or presentations arising from this work. More details at
     http://www.quantum-espresso.org/quote

     Parallel version (MPI), running on    16 processors

     MPI processes distributed on     1 nodes
     R & G space division:  proc/nbgrp/npool/nimage =      16
     14698 MiB available memory on the printing compute node when the environment starts
 

     Reading xml data from directory:

     ./tmp/pwscf.save/
     file Mo.rel-pbe-spn-rrkjus_psl.1.0.0.UPF: wavefunction(s)  4S renormalized
     file Co.rel-pbe-n-rrkjus_psl.1.0.0.UPF: wavefunction(s)  3D renormalized

     IMPORTANT: XC functional enforced from input :
     Exchange-correlation= PBE
                           (   1   4   3   4   0   0   0)
     Any further DFT definition will be discarded
     Please, verify this is what you really want

 
     Parallelization info
     --------------------
     sticks:   dense  smooth     PW     G-vecs:    dense   smooth      PW
     Min         108      42     12                28601     7220    1136
     Max         110      43     13                28616     7259    1171
     Sum        1735     685    199               457675   115763   18407
 
     Using Slab Decomposition
 

     negative rho (up, down):  1.157E-04 0.000E+00
     Reading collected, re-writing distributed wavefunctions
     high-symmetry point:  0.0000 0.0000 0.0000   x coordinate   0.0000
     high-symmetry point:  0.5000 0.2887 0.0000   x coordinate   0.5774
     high-symmetry point:  0.3333 0.5774 0.0000   x coordinate   0.9107
     high-symmetry point:  0.0000 0.0000 0.0000   x coordinate   1.5774

     Plottable bands (eV) written to file bands.dat.gnu
     Bands written to file bands.dat

 **************************************************************************

                    xk=(   0.00000,   0.00000,   0.00000  )

     double point group C_1 (1)    
     there are  2 classes and  1 irreducible representations
     the character table:

       E     -E   
                  
G_2    1.00 -1.00

     the symmetry operations in each class and the name of the first element:

     E             1
                                                                 
     -E           -1
                                                                 

     Band symmetry, C_1 (1)     double point group:

     e(  1 -  2) =    -61.55097  eV     2   -->   2 G_2            
     e(  3 -  4) =    -37.29833  eV     2   -->   2 G_2            
     e(  5 -  6) =    -34.91116  eV     2   -->   2 G_2            
     e(  7 -  8) =    -34.65212  eV     2   -->   2 G_2            
     e(  9 - 10) =    -16.42712  eV     2   -->   2 G_2            
     e( 11 - 12) =    -14.29892  eV     2   -->   2 G_2            
     e( 13 - 14) =     -7.63081  eV     2   -->   2 G_2            
     e( 15 - 16) =     -5.01993  eV     2   -->   2 G_2            
     e( 17 - 18) =     -5.00347  eV     2   -->   2 G_2            
     e( 19 - 20) =     -4.92474  eV     2   -->   2 G_2            
     e( 21 - 22) =     -3.11405  eV     2   -->   2 G_2            
     e( 23 - 24) =     -3.08674  eV     2   -->   2 G_2            
     e( 25 - 26) =     -1.88908  eV     2   -->   2 G_2            
     e( 27 - 28) =     -1.88751  eV     2   -->   2 G_2            
     e( 29 - 30) =     -1.85315  eV     2   -->   2 G_2            
     e( 31 - 32) =     -0.82687  eV     2   -->   2 G_2            
     e( 33 - 34) =     -0.78229  eV     2   -->   2 G_2            
     e( 35 - 36) =     -0.44415  eV     2   -->   2 G_2            
     e( 37 - 38) =      1.88932  eV     2   -->   2 G_2            
     e( 39 - 40) =      2.10983  eV     2   -->   2 G_2            
     e( 41 - 42) =      2.15949  eV     2   -->   2 G_2            
     e( 43 - 44) =      2.62466  eV     2   -->   2 G_2            

 **************************************************************************

 **************************************************************************

                    xk=(   0.01351,   0.00780,   0.00000  )

     Band symmetry, C_1 (1)     double point group:

     e(  1 -  2) =    -61.55089  eV     2   -->   2 G_2            
     e(  3 -  3) =    -37.29866  eV     1   --> G_2            
     e(  4 -  4) =    -37.29835  eV     1   --> G_2            
     e(  5 -  5) =    -34.91147  eV     1   --> G_2            
     e(  6 -  6) =    -34.91104  eV     1   --> G_2            
     e(  7 -  8) =    -34.65260  eV     2   -->   2 G_2            
     e(  9 -  9) =    -16.42524  eV     1   --> G_2            
     e( 10 - 10) =    -16.42430  eV     1   --> G_2            
     e( 11 - 11) =    -14.29847  eV     1   --> G_2            
     e( 12 - 12) =    -14.29581  eV     1   --> G_2            
     e( 13 - 13) =     -7.62908  eV     1   --> G_2            
     e( 14 - 14) =     -7.62702  eV     1   --> G_2            
     e( 15 - 15) =     -5.02668  eV     1   --> G_2            
     e( 16 - 16) =     -5.02224  eV     1   --> G_2            
     e( 17 - 17) =     -5.00701  eV     1   --> G_2            
     e( 18 - 18) =     -5.00643  eV     1   --> G_2            
     e( 19 - 19) =     -4.92445  eV     1   --> G_2            
     e( 20 - 20) =     -4.92189  eV     1   --> G_2            
     e( 21 - 21) =     -3.11702  eV     1   --> G_2            
     e( 22 - 22) =     -3.11667  eV     1   --> G_2            
     e( 23 - 23) =     -3.08958  eV     1   --> G_2            
     e( 24 - 24) =     -3.08783  eV     1   --> G_2            
     e( 25 - 25) =     -1.92364  eV     1   --> G_2            
     e( 26 - 26) =     -1.92024  eV     1   --> G_2            
     e( 27 - 27) =     -1.87693  eV     1   --> G_2            
     e( 28 - 28) =     -1.86783  eV     1   --> G_2            
     e( 29 - 29) =     -1.84261  eV     1   --> G_2            
     e( 30 - 30) =     -1.82786  eV     1   --> G_2            
     e( 31 - 31) =     -0.83273  eV     1   --> G_2            
     e( 32 - 32) =     -0.82635  eV     1   --> G_2            
     e( 33 - 34) =     -0.78484  eV     2   -->   2 G_2            
     e( 35 - 35) =     -0.44303  eV     1   --> G_2            
     e( 36 - 36) =     -0.44162  eV     1   --> G_2            
     e( 37 - 37) =      1.89324  eV     1   --> G_2            
     e( 38 - 38) =      1.89532  eV     1   --> G_2            
     e( 39 - 39) =      2.10633  eV     1   --> G_2            
     e( 40 - 40) =      2.11108  eV     1   --> G_2            
     e( 41 - 41) =      2.15860  eV     1   --> G_2            
     e( 42 - 42) =      2.15935  eV     1   --> G_2            
     e( 43 - 43) =      2.61701  eV     1   --> G_2            
     e( 44 - 44) =      2.61752  eV     1   --> G_2            

 **************************************************************************

 **************************************************************************

                    xk=(   0.02703,   0.01560,   0.00000  )

     Band symmetry, C_1 (1)     double point group:

     e(  1 -  2) =    -61.55068  eV     2   -->   2 G_2            
     e(  3 -  3) =    -37.29933  eV     1   --> G_2            
     e(  4 -  4) =    -37.29871  eV     1   --> G_2            
     e(  5 -  5) =    -34.91196  eV     1   --> G_2            
     e(  6 -  6) =    -34.91111  eV     1   --> G_2            
     e(  7 -  8) =    -34.65403  eV     2   -->   2 G_2            
     e(  9 -  9) =    -16.41868  eV     1   --> G_2            
     e( 10 - 10) =    -16.41679  eV     1   --> G_2            
     e( 11 - 11) =    -14.29444  eV     1   --> G_2            
     e( 12 - 12) =    -14.28913  eV     1   --> G_2            
     e( 13 - 13) =     -7.62185  eV     1   --> G_2            
     e( 14 - 14) =     -7.61773  eV     1   --> G_2            
     e( 15 - 15) =     -5.04632  eV     1   --> G_2            
     e( 16 - 16) =     -5.03921  eV     1   --> G_2            
     e( 17 - 17) =     -5.01165  eV     1   --> G_2            
     e( 18 - 18) =     -5.01080  eV     1   --> G_2            
     e( 19 - 19) =     -4.92078  eV     1   --> G_2            
     e( 20 - 20) =     -4.91714  eV     1   --> G_2            
     e( 21 - 21) =     -3.12944  eV     1   --> G_2            
     e( 22 - 22) =     -3.12752  eV     1   --> G_2            
     e( 23 - 23) =     -3.09347  eV     1   --> G_2            
     e( 24 - 24) =     -3.08887  eV     1   --> G_2            
     e( 25 - 25) =     -1.96096  eV     1   --> G_2            
     e( 26 - 26) =     -1.95892  eV     1   --> G_2            
     e( 27 - 27) =     -1.87440  eV     1   --> G_2            
     e( 28 - 28) =     -1.86346  eV     1   --> G_2            
     e( 29 - 29) =     -1.80911  eV     1   --> G_2            
     e( 30 - 30) =     -1.79144  eV     1   --> G_2            
     e( 31 - 31) =     -0.84453  eV     1   --> G_2            
     e( 32 - 32) =     -0.83157  eV     1   --> G_2            
     e( 33 - 33) =     -0.79168  eV     1   --> G_2            
     e( 34 - 34) =     -0.79129  eV     1   --> G_2            
     e( 35 - 35) =     -0.43841  eV     1   --> G_2            
     e( 36 - 36) =     -0.43561  eV     1   --> G_2            
     e( 37 - 37) =      1.90664  eV     1   --> G_2            
     e( 38 - 38) =      1.91082  eV     1   --> G_2            
     e( 39 - 39) =      2.09586  eV     1   --> G_2            
     e( 40 - 40) =      2.10846  eV     1   --> G_2            
     e( 41 - 41) =      2.15877  eV     1   --> G_2            
     e( 42 - 42) =      2.16338  eV     1   --> G_2            
     e( 43 - 43) =      2.59038  eV     1   --> G_2            
     e( 44 - 44) =      2.59262  eV     1   --> G_2            

 **************************************************************************

 **************************************************************************

                    xk=(   0.04054,   0.02341,   0.00000  )

     Band symmetry, C_1 (1)     double point group:

     e(  1 -  2) =    -61.55032  eV     2   -->   2 G_2            
     e(  3 -  3) =    -37.30035  eV     1   --> G_2            
     e(  4 -  4) =    -37.29941  eV     1   --> G_2            
     e(  5 -  5) =    -34.91265  eV     1   --> G_2            
     e(  6 -  6) =    -34.91137  eV     1   --> G_2            
     e(  7 -  8) =    -34.65640  eV     2   -->   2 G_2            
     e(  9 -  9) =    -16.40745  eV     1   --> G_2            
     e( 10 - 10) =    -16.40463  eV     1   --> G_2            
     e( 11 - 11) =    -14.28685  eV     1   --> G_2            
     e( 12 - 12) =    -14.27892  eV     1   --> G_2            
     e( 13 - 13) =     -7.60918  eV     1   --> G_2            
     e( 14 - 14) =     -7.60303  eV     1   --> G_2            
     e( 15 - 15) =     -5.07995  eV     1   --> G_2            
     e( 16 - 16) =     -5.07260  eV     1   --> G_2            
     e( 17 - 18) =     -5.01463  eV     2   -->   2 G_2            
     e( 19 - 19) =     -4.91463  eV     1   --> G_2            
     e( 20 - 20) =     -4.91126  eV     1   --> G_2            
     e( 21 - 21) =     -3.15414  eV     1   --> G_2            
     e( 22 - 22) =     -3.15059  eV     1   --> G_2            
     e( 23 - 23) =     -3.09388  eV     1   --> G_2            
     e( 24 - 24) =     -3.08657  eV     1   --> G_2            
     e( 25 - 25) =     -1.99926  eV     1   --> G_2            
     e( 26 - 26) =     -1.99887  eV     1   --> G_2            
     e( 27 - 27) =     -1.87226  eV     1   --> G_2            
     e( 28 - 28) =     -1.85885  eV     1   --> G_2            
     e( 29 - 29) =     -1.77437  eV     1   --> G_2            
     e( 30 - 30) =     -1.75389  eV     1   --> G_2            
     e( 31 - 31) =     -0.86318  eV     1   --> G_2            
     e( 32 - 32) =     -0.84404  eV     1   --> G_2            
     e( 33 - 33) =     -0.80044  eV     1   --> G_2            
     e( 34 - 34) =     -0.80010  eV     1   --> G_2            
     e( 35 - 35) =     -0.43072  eV     1   --> G_2            
     e( 36 - 36) =     -0.42653  eV     1   --> G_2            
     e( 37 - 37) =      1.92788  eV     1   --> G_2            
     e( 38 - 38) =      1.93394  eV     1   --> G_2            
     e( 39 - 39) =      2.07609  eV     1   --> G_2            
     e( 40 - 40) =      2.09712  eV     1   --> G_2            
     e( 41 - 41) =      2.16670  eV     1   --> G_2            
     e( 42 - 42) =      2.17605  eV     1   --> G_2            
     e( 43 - 43) =      2.54579  eV     1   --> G_2            
     e( 44 - 44) =      2.54956  eV     1   --> G_2            

 **************************************************************************

 **************************************************************************

                    xk=(   0.05405,   0.03121,   0.00000  )

     Band symmetry, C_1 (1)     double point group:

     e(  1 -  2) =    -61.54983  eV     2   -->   2 G_2            
     e(  3 -  3) =    -37.30170  eV     1   --> G_2            
     e(  4 -  4) =    -37.30046  eV     1   --> G_2            
     e(  5 -  5) =    -34.91352  eV     1   --> G_2            
     e(  6 -  6) =    -34.91183  eV     1   --> G_2            
     e(  7 -  8) =    -34.65968  eV     2   -->   2 G_2            
     e(  9 -  9) =    -16.39160  eV     1   --> G_2            
     e( 10 - 10) =    -16.38787  eV     1   --> G_2            
     e( 11 - 11) =    -14.27572  eV     1   --> G_2            
     e( 12 - 12) =    -14.26522  eV     1   --> G_2            
     e( 13 - 13) =     -7.59119  eV     1   --> G_2            
     e( 14 - 14) =     -7.58304  eV     1   --> G_2            
     e( 15 - 15) =     -5.12635  eV     1   --> G_2            
     e( 16 - 16) =     -5.11945  eV     1   --> G_2            
     e( 17 - 17) =     -5.01871  eV     1   --> G_2            
     e( 18 - 18) =     -5.01795  eV     1   --> G_2            
     e( 19 - 19) =     -4.90682  eV     1   --> G_2            
     e( 20 - 20) =     -4.90442  eV     1   --> G_2            
     e( 21 - 21) =     -3.18967  eV     1   --> G_2            
     e( 22 - 22) =     -3.18465  eV     1   --> G_2            
     e( 23 - 23) =     -3.09124  eV     1   --> G_2            
     e( 24 - 24) =     -3.08163  eV     1   --> G_2            
     e( 25 - 25) =     -2.04038  eV     1   --> G_2            
     e( 26 - 26) =     -2.03716  eV     1   --> G_2            
     e( 27 - 27) =     -1.86904  eV     1   --> G_2            
     e( 28 - 28) =     -1.85278  eV     1   --> G_2            
     e( 29 - 29) =     -1.74091  eV     1   --> G_2            
     e( 30 - 30) =     -1.71720  eV     1   --> G_2            
     e( 31 - 31) =     -0.88895  eV     1   --> G_2            
     e( 32 - 32) =     -0.86487  eV     1   --> G_2            
     e( 33 - 33) =     -0.80969  eV     1   --> G_2            
     e( 34 - 34) =     -0.80882  eV     1   --> G_2            
     e( 35 - 35) =     -0.42049  eV     1   --> G_2            
     e( 36 - 36) =     -0.41491  eV     1   --> G_2            
     e( 37 - 37) =      1.95203  eV     1   --> G_2            
     e( 38 - 38) =      1.95730  eV     1   --> G_2            
     e( 39 - 39) =      2.05565  eV     1   --> G_2            
     e( 40 - 40) =      2.08148  eV     1   --> G_2            
     e( 41 - 41) =      2.18290  eV     1   --> G_2            
     e( 42 - 42) =      2.19626  eV     1   --> G_2            
     e( 43 - 43) =      2.48717  eV     1   --> G_2            
     e( 44 - 44) =      2.49215  eV     1   --> G_2            

 **************************************************************************

 **************************************************************************

                    xk=(   0.06757,   0.03901,   0.00000  )

     Band symmetry, C_1 (1)     double point group:

     e(  1 -  2) =    -61.54920  eV     2   -->   2 G_2            
     e(  3 -  3) =    -37.30337  eV     1   --> G_2            
     e(  4 -  4) =    -37.30185  eV     1   --> G_2            
     e(  5 -  5) =    -34.91460  eV     1   --> G_2            
     e(  6 -  6) =    -34.91248  eV     1   --> G_2            
     e(  7 -  8) =    -34.66384  eV     2   -->   2 G_2            
     e(  9 -  9) =    -16.37120  eV     1   --> G_2            
     e( 10 - 10) =    -16.36657  eV     1   --> G_2            
     e( 11 - 11) =    -14.26110  eV     1   --> G_2            
     e( 12 - 12) =    -14.24808  eV     1   --> G_2            
     e( 13 - 13) =     -7.56803  eV     1   --> G_2            
     e( 14 - 14) =     -7.55793  eV     1   --> G_2            
     e( 15 - 15) =     -5.18476  eV     1   --> G_2            
     e( 16 - 16) =     -5.17846  eV     1   --> G_2            
     e( 17 - 17) =     -5.02365  eV     1   --> G_2            
     e( 18 - 18) =     -5.02220  eV     1   --> G_2            
     e( 19 - 19) =     -4.89786  eV     1   --> G_2            
     e( 20 - 20) =     -4.89668  eV     1   --> G_2            
     e( 21 - 21) =     -3.23411  eV     1   --> G_2            
     e( 22 - 22) =     -3.22752  eV     1   --> G_2            
     e( 23 - 23) =     -3.08672  eV     1   --> G_2            
     e( 24 - 24) =     -3.07503  eV     1   --> G_2            
     e( 25 - 25) =     -2.08202  eV     1   --> G_2            
     e( 26 - 26) =     -2.07575  eV     1   --> G_2            
     e( 27 - 27) =     -1.86423  eV     1   --> G_2            
     e( 28 - 28) =     -1.84505  eV     1   --> G_2            
     e( 29 - 29) =     -1.70970  eV     1   --> G_2            
     e( 30 - 30) =     -1.68240  eV     1   --> G_2            
     e( 31 - 31) =     -0.92128  eV     1   --> G_2            
     e( 32 - 32) =     -0.89326  eV     1   --> G_2            
     e( 33 - 33) =     -0.81924  eV     1   --> G_2            
     e( 34 - 34) =     -0.81626  eV     1   --> G_2            
     e( 35 - 35) =     -0.40815  eV     1   --> G_2            
     e( 36 - 36) =     -0.40122  eV     1   --> G_2            
     e( 37 - 37) =      1.95638  eV     1   --> G_2            
     e( 38 - 38) =      1.96461  eV     1   --> G_2            
     e( 39 - 39) =      2.06146  eV     1   --> G_2            
     e( 40 - 40) =      2.07893  eV     1   --> G_2            
     e( 41 - 41) =      2.20363  eV     1   --> G_2            
     e( 42 - 42) =      2.22124  eV     1   --> G_2            
     e( 43 - 43) =      2.41823  eV     1   --> G_2            
     e( 44 - 44) =      2.42448  eV     1   --> G_2            

 **************************************************************************

 **************************************************************************

                    xk=(   0.08108,   0.04681,   0.00000  )

     Band symmetry, C_1 (1)     double point group:

     e(  1 -  2) =    -61.54844  eV     2   -->   2 G_2            
     e(  3 -  3) =    -37.30537  eV     1   --> G_2            
     e(  4 -  4) =    -37.30356  eV     1   --> G_2            
     e(  5 -  5) =    -34.91587  eV     1   --> G_2            
     e(  6 -  6) =    -34.91333  eV     1   --> G_2            
     e(  7 -  8) =    -34.66882  eV     2   -->   2 G_2            
     e(  9 -  9) =    -16.34633  eV     1   --> G_2            
     e( 10 - 10) =    -16.34083  eV     1   --> G_2            
     e( 11 - 11) =    -14.24303  eV     1   --> G_2            
     e( 12 - 12) =    -14.22757  eV     1   --> G_2            
     e( 13 - 13) =     -7.53991  eV     1   --> G_2            
     e( 14 - 14) =     -7.52793  eV     1   --> G_2            
     e( 15 - 15) =     -5.25454  eV     1   --> G_2            
     e( 16 - 16) =     -5.24880  eV     1   --> G_2            
     e( 17 - 17) =     -5.02963  eV     1   --> G_2            
     e( 18 - 18) =     -5.02759  eV     1   --> G_2            
     e( 19 - 20) =     -4.88827  eV     2   -->   2 G_2            
     e( 21 - 21) =     -3.28580  eV     1   --> G_2            
     e( 22 - 22) =     -3.27747  eV     1   --> G_2            
     e( 23 - 23) =     -3.08096  eV     1   --> G_2            
     e( 24 - 24) =     -3.06733  eV     1   --> G_2            
     e( 25 - 25) =     -2.12396  eV     1   --> G_2            
     e( 26 - 26) =     -2.11453  eV     1   --> G_2            
     e( 27 - 27) =     -1.85743  eV     1   --> G_2            
     e( 28 - 28) =     -1.83543  eV     1   --> G_2            
     e( 29 - 29) =     -1.68160  eV     1   --> G_2            
     e( 30 - 30) =     -1.65038  eV     1   --> G_2            
     e( 31 - 31) =     -0.95921  eV     1   --> G_2            
     e( 32 - 32) =     -0.92779  eV     1   --> G_2            
     e( 33 - 33) =     -0.82827  eV     1   --> G_2            
     e( 34 - 34) =     -0.82285  eV     1   --> G_2            
     e( 35 - 35) =     -0.39403  eV     1   --> G_2            
     e( 36 - 36) =     -0.38579  eV     1   --> G_2            
     e( 37 - 37) =      1.92422  eV     1   --> G_2            
     e( 38 - 38) =      1.95040  eV     1   --> G_2            
     e( 39 - 39) =      2.10187  eV     1   --> G_2            
     e( 40 - 40) =      2.10619  eV     1   --> G_2            
     e( 41 - 41) =      2.22381  eV     1   --> G_2            
     e( 42 - 42) =      2.24743  eV     1   --> G_2            
     e( 43 - 43) =      2.34337  eV     1   --> G_2            
     e( 44 - 44) =      2.35225  eV     1   --> G_2            

 **************************************************************************

 **************************************************************************

                    xk=(   0.09459,   0.05461,   0.00000  )

     Band symmetry, C_1 (1)     double point group:

     e(  1 -  2) =    -61.54755  eV     2   -->   2 G_2            
     e(  3 -  3) =    -37.30767  eV     1   --> G_2            
     e(  4 -  4) =    -37.30560  eV     1   --> G_2            
     e(  5 -  5) =    -34.91734  eV     1   --> G_2            
     e(  6 -  6) =    -34.91439  eV     1   --> G_2            
     e(  7 -  7) =    -34.67457  eV     1   --> G_2            
     e(  8 -  8) =    -34.67442  eV     1   --> G_2            
     e(  9 -  9) =    -16.31710  eV     1   --> G_2            
     e( 10 - 10) =    -16.31076  eV     1   --> G_2            
     e( 11 - 11) =    -14.22158  eV     1   --> G_2            
     e( 12 - 12) =    -14.20377  eV     1   --> G_2            
     e( 13 - 13) =     -7.50709  eV     1   --> G_2            
     e( 14 - 14) =     -7.49330  eV     1   --> G_2            
     e( 15 - 15) =     -5.33496  eV     1   --> G_2            
     e( 16 - 16) =     -5.32967  eV     1   --> G_2            
     e( 17 - 17) =     -5.03682  eV     1   --> G_2            
     e( 18 - 18) =     -5.03425  eV     1   --> G_2            
     e( 19 - 19) =     -4.87957  eV     1   --> G_2            
     e( 20 - 20) =     -4.87835  eV     1   --> G_2            
     e( 21 - 21) =     -3.34310  eV     1   --> G_2            
     e( 22 - 22) =     -3.33290  eV     1   --> G_2            
     e( 23 - 23) =     -3.07434  eV     1   --> G_2            
     e( 24 - 24) =     -3.05893  eV     1   --> G_2            
     e( 25 - 25) =     -2.16594  eV     1   --> G_2            
     e( 26 - 26) =     -2.15333  eV     1   --> G_2            
     e( 27 - 27) =     -1.84831  eV     1   --> G_2            
     e( 28 - 28) =     -1.82370  eV     1   --> G_2            
     e( 29 - 29) =     -1.65739  eV     1   --> G_2            
     e( 30 - 30) =     -1.62203  eV     1   --> G_2            
     e( 31 - 31) =     -1.00182  eV     1   --> G_2            
     e( 32 - 32) =     -0.96737  eV     1   --> G_2            
     e( 33 - 33) =     -0.83634  eV     1   --> G_2            
     e( 34 - 34) =     -0.82843  eV     1   --> G_2            
     e( 35 - 35) =     -0.37827  eV     1   --> G_2            
     e( 36 - 36) =     -0.36891  eV     1   --> G_2            
     e( 37 - 37) =      1.88134  eV     1   --> G_2            
     e( 38 - 38) =      1.92000  eV     1   --> G_2            
     e( 39 - 39) =      2.14780  eV     1   --> G_2            
     e( 40 - 40) =      2.15310  eV     1   --> G_2            
     e( 41 - 41) =      2.23001  eV     1   --> G_2            
     e( 42 - 42) =      2.25709  eV     1   --> G_2            
     e( 43 - 43) =      2.28383  eV     1   --> G_2            
     e( 44 - 44) =      2.29399  eV     1   --> G_2            

 **************************************************************************

 **************************************************************************

                    xk=(   0.10811,   0.06242,   0.00000  )

     Band symmetry, C_1 (1)     double point group:

     e(  1 -  2) =    -61.54655  eV     2   -->   2 G_2            
     e(  3 -  3) =    -37.31028  eV     1   --> G_2            
     e(  4 -  4) =    -37.30795  eV     1   --> G_2            
     e(  5 -  5) =    -34.91904  eV     1   --> G_2            
     e(  6 -  6) =    -34.91567  eV     1   --> G_2            
     e(  7 -  7) =    -34.68102  eV     1   --> G_2            
     e(  8 -  8) =    -34.68080  eV     1   --> G_2            
     e(  9 -  9) =    -16.28364  eV     1   --> G_2            
     e( 10 - 10) =    -16.27649  eV     1   --> G_2            
     e( 11 - 11) =    -14.19683  eV     1   --> G_2            
     e( 12 - 12) =    -14.17677  eV     1   --> G_2            
     e( 13 - 13) =     -7.46989  eV     1   --> G_2            
     e( 14 - 14) =     -7.45438  eV     1   --> G_2            
     e( 15 - 15) =     -5.42521  eV     1   --> G_2            
     e( 16 - 16) =     -5.42023  eV     1   --> G_2            
     e( 17 - 17) =     -5.04532  eV     1   --> G_2            
     e( 18 - 18) =     -5.04229  eV     1   --> G_2            
     e( 19 - 19) =     -4.87116  eV     1   --> G_2            
     e( 20 - 20) =     -4.86897  eV     1   --> G_2            
     e( 21 - 21) =     -3.40438  eV     1   --> G_2            
     e( 22 - 22) =     -3.39223  eV     1   --> G_2            
     e( 23 - 23) =     -3.06720  eV     1   --> G_2            
     e( 24 - 24) =     -3.05018  eV     1   --> G_2            
     e( 25 - 25) =     -2.20764  eV     1   --> G_2            
     e( 26 - 26) =     -2.19193  eV     1   --> G_2            
     e( 27 - 27) =     -1.83660  eV     1   --> G_2            
     e( 28 - 28) =     -1.80969  eV     1   --> G_2            
     e( 29 - 29) =     -1.63774  eV     1   --> G_2            
     e( 30 - 30) =     -1.59818  eV     1   --> G_2            
     e( 31 - 31) =     -1.04833  eV     1   --> G_2            
     e( 32 - 32) =     -1.01130  eV     1   --> G_2            
     e( 33 - 33) =     -0.84285  eV     1   --> G_2            
     e( 34 - 34) =     -0.83257  eV     1   --> G_2            
     e( 35 - 35) =     -0.36096  eV     1   --> G_2            
     e( 36 - 36) =     -0.35076  eV     1   --> G_2            
     e( 37 - 37) =      1.83625  eV     1   --> G_2            
     e( 38 - 38) =      1.88521  eV     1   --> G_2            
     e( 39 - 39) =      2.13746  eV     1   --> G_2            
     e( 40 - 40) =      2.14993  eV     1   --> G_2            
     e( 41 - 41) =      2.23647  eV     1   --> G_2            
     e( 42 - 42) =      2.25252  eV     1   --> G_2            
     e( 43 - 43) =      2.28795  eV     1   --> G_2            
     e( 44 - 44) =      2.29143  eV     1   --> G_2            

 **************************************************************************

 **************************************************************************

                    xk=(   0.12162,   0.07022,   0.00000  )

     Band symmetry, C_1 (1)     double point group:

     e(  1 -  2) =    -61.54543  eV     2   -->   2 G_2            
     e(  3 -  3) =    -37.31316  eV     1   --> G_2            
     e(  4 -  4) =    -37.31060  eV     1   --> G_2            
     e(  5 -  5) =    -34.92095  eV     1   --> G_2            
     e(  6 -  6) =    -34.91718  eV     1   --> G_2            
     e(  7 -  7) =    -34.68810  eV     1   --> G_2            
     e(  8 -  8) =    -34.68778  eV     1   --> G_2            
     e(  9 -  9) =    -16.24609  eV     1   --> G_2            
     e( 10 - 10) =    -16.23817  eV     1   --> G_2            
     e( 11 - 11) =    -14.16888  eV     1   --> G_2            
     e( 12 - 12) =    -14.14668  eV     1   --> G_2            
     e( 13 - 13) =     -7.42866  eV     1   --> G_2            
     e( 14 - 14) =     -7.41155  eV     1   --> G_2            
     e( 15 - 15) =     -5.52438  eV     1   --> G_2            
     e( 16 - 16) =     -5.51960  eV     1   --> G_2            
     e( 17 - 17) =     -5.05523  eV     1   --> G_2            
     e( 18 - 18) =     -5.05178  eV     1   --> G_2            
     e( 19 - 19) =     -4.86382  eV     1   --> G_2            
     e( 20 - 20) =     -4.86088  eV     1   --> G_2            
     e( 21 - 21) =     -3.46794  eV     1   --> G_2            
     e( 22 - 22) =     -3.45384  eV     1   --> G_2            
     e( 23 - 23) =     -3.05983  eV     1   --> G_2            
     e( 24 - 24) =     -3.04140  eV     1   --> G_2            
     e( 25 - 25) =     -2.24868  eV     1   --> G_2            
     e( 26 - 26) =     -2.23001  eV     1   --> G_2            
     e( 27 - 27) =     -1.82206  eV     1   --> G_2            
     e( 28 - 28) =     -1.79329  eV     1   --> G_2            
     e( 29 - 29) =     -1.62313  eV     1   --> G_2            
     e( 30 - 30) =     -1.57955  eV     1   --> G_2            
     e( 31 - 31) =     -1.09805  eV     1   --> G_2            
     e( 32 - 32) =     -1.05905  eV     1   --> G_2            
     e( 33 - 33) =     -0.84717  eV     1   --> G_2            
     e( 34 - 34) =     -0.83467  eV     1   --> G_2            
     e( 35 - 35) =     -0.34216  eV     1   --> G_2            
     e( 36 - 36) =     -0.33156  eV     1   --> G_2            
     e( 37 - 37) =      1.79206  eV     1   --> G_2            
     e( 38 - 38) =      1.85076  eV     1   --> G_2            
     e( 39 - 39) =      2.06412  eV     1   --> G_2            
     e( 40 - 40) =      2.07630  eV     1   --> G_2            
     e( 41 - 41) =      2.25324  eV     1   --> G_2            
     e( 42 - 42) =      2.29003  eV     1   --> G_2            
     e( 43 - 43) =      2.31924  eV     1   --> G_2            
     e( 44 - 44) =      2.32822  eV     1   --> G_2            

 **************************************************************************

 **************************************************************************

                    xk=(   0.13514,   0.07802,   0.00000  )

     Band symmetry, C_1 (1)     double point group:

     e(  1 -  2) =    -61.54421  eV     2   -->   2 G_2            
     e(  3 -  3) =    -37.31632  eV     1   --> G_2            
     e(  4 -  4) =    -37.31353  eV     1   --> G_2            
     e(  5 -  5) =    -34.92310  eV     1   --> G_2            
     e(  6 -  6) =    -34.91892  eV     1   --> G_2            
     e(  7 -  7) =    -34.69571  eV     1   --> G_2            
     e(  8 -  8) =    -34.69529  eV     1   --> G_2            
     e(  9 -  9) =    -16.20461  eV     1   --> G_2            
     e( 10 - 10) =    -16.19597  eV     1   --> G_2            
     e( 11 - 11) =    -14.13783  eV     1   --> G_2            
     e( 12 - 12) =    -14.11363  eV     1   --> G_2            
     e( 13 - 13) =     -7.38385  eV     1   --> G_2            
     e( 14 - 14) =     -7.36525  eV     1   --> G_2            
     e( 15 - 15) =     -5.63156  eV     1   --> G_2            
     e( 16 - 16) =     -5.62686  eV     1   --> G_2            
     e( 17 - 17) =     -5.06660  eV     1   --> G_2            
     e( 18 - 18) =     -5.06279  eV     1   --> G_2            
     e( 19 - 19) =     -4.85848  eV     1   --> G_2            
     e( 20 - 20) =     -4.85508  eV     1   --> G_2            
     e( 21 - 21) =     -3.53201  eV     1   --> G_2            
     e( 22 - 22) =     -3.51606  eV     1   --> G_2            
     e( 23 - 23) =     -3.05252  eV     1   --> G_2            
     e( 24 - 24) =     -3.03289  eV     1   --> G_2            
     e( 25 - 25) =     -2.28867  eV     1   --> G_2            
     e( 26 - 26) =     -2.26728  eV     1   --> G_2            
     e( 27 - 27) =     -1.80457  eV     1   --> G_2            
     e( 28 - 28) =     -1.77452  eV     1   --> G_2            
     e( 29 - 29) =     -1.61377  eV     1   --> G_2            
     e( 30 - 30) =     -1.56671  eV     1   --> G_2            
     e( 31 - 31) =     -1.15029  eV     1   --> G_2            
     e( 32 - 32) =     -1.11016  eV     1   --> G_2            
     e( 33 - 33) =     -0.84859  eV     1   --> G_2            
     e( 34 - 34) =     -0.83407  eV     1   --> G_2            
     e( 35 - 35) =     -0.32202  eV     1   --> G_2            
     e( 36 - 36) =     -0.31160  eV     1   --> G_2            
     e( 37 - 37) =      1.74979  eV     1   --> G_2            
     e( 38 - 38) =      1.81758  eV     1   --> G_2            
     e( 39 - 39) =      1.98431  eV     1   --> G_2            
     e( 40 - 40) =      1.99845  eV     1   --> G_2            
     e( 41 - 41) =      2.23822  eV     1   --> G_2            
     e( 42 - 42) =      2.27152  eV     1   --> G_2            
     e( 43 - 43) =      2.39930  eV     1   --> G_2            
     e( 44 - 44) =      2.40077  eV     1   --> G_2            

 **************************************************************************

 **************************************************************************

                    xk=(   0.14865,   0.08582,   0.00000  )

     Band symmetry, C_1 (1)     double point group:

     e(  1 -  2) =    -61.54289  eV     2   -->   2 G_2            
     e(  3 -  3) =    -37.31972  eV     1   --> G_2            
     e(  4 -  4) =    -37.31674  eV     1   --> G_2            
     e(  5 -  5) =    -34.92549  eV     1   --> G_2            
     e(  6 -  6) =    -34.92092  eV     1   --> G_2            
     e(  7 -  7) =    -34.70376  eV     1   --> G_2            
     e(  8 -  8) =    -34.70322  eV     1   --> G_2            
     e(  9 -  9) =    -16.15940  eV     1   --> G_2            
     e( 10 - 10) =    -16.15008  eV     1   --> G_2            
     e( 11 - 11) =    -14.10380  eV     1   --> G_2            
     e( 12 - 12) =    -14.07774  eV     1   --> G_2            
     e( 13 - 13) =     -7.33594  eV     1   --> G_2            
     e( 14 - 14) =     -7.31599  eV     1   --> G_2            
     e( 15 - 15) =     -5.74576  eV     1   --> G_2            
     e( 16 - 16) =     -5.74104  eV     1   --> G_2            
     e( 17 - 17) =     -5.07950  eV     1   --> G_2            
     e( 18 - 18) =     -5.07538  eV     1   --> G_2            
     e( 19 - 19) =     -4.85625  eV     1   --> G_2            
     e( 20 - 20) =     -4.85276  eV     1   --> G_2            
     e( 21 - 21) =     -3.59477  eV     1   --> G_2            
     e( 22 - 22) =     -3.57718  eV     1   --> G_2            
     e( 23 - 23) =     -3.04552  eV     1   --> G_2            
     e( 24 - 24) =     -3.02491  eV     1   --> G_2            
     e( 25 - 25) =     -2.32718  eV     1   --> G_2            
     e( 26 - 26) =     -2.30339  eV     1   --> G_2            
     e( 27 - 27) =     -1.78411  eV     1   --> G_2            
     e( 28 - 28) =     -1.75364  eV     1   --> G_2            
     e( 29 - 29) =     -1.60953  eV     1   --> G_2            
     e( 30 - 30) =     -1.56006  eV     1   --> G_2            
     e( 31 - 31) =     -1.20422  eV     1   --> G_2            
     e( 32 - 32) =     -1.16402  eV     1   --> G_2            
     e( 33 - 33) =     -0.84637  eV     1   --> G_2            
     e( 34 - 34) =     -0.83007  eV     1   --> G_2            
     e( 35 - 35) =     -0.30081  eV     1   --> G_2            
     e( 36 - 36) =     -0.29131  eV     1   --> G_2            
     e( 37 - 37) =      1.70877  eV     1   --> G_2            
     e( 38 - 38) =      1.78225  eV     1   --> G_2            
     e( 39 - 39) =      1.91275  eV     1   --> G_2            
     e( 40 - 40) =      1.92715  eV     1   --> G_2            
     e( 41 - 41) =      2.20796  eV     1   --> G_2            
     e( 42 - 42) =      2.23979  eV     1   --> G_2            
     e( 43 - 43) =      2.48263  eV     1   --> G_2            
     e( 44 - 44) =      2.48541  eV     1   --> G_2            

 **************************************************************************

 **************************************************************************

                    xk=(   0.16216,   0.09362,   0.00000  )

     Band symmetry, C_1 (1)     double point group:

     e(  1 -  2) =    -61.54150  eV     2   -->   2 G_2            
     e(  3 -  3) =    -37.32336  eV     1   --> G_2            
     e(  4 -  4) =    -37.32020  eV     1   --> G_2            
     e(  5 -  5) =    -34.92814  eV     1   --> G_2            
     e(  6 -  6) =    -34.92320  eV     1   --> G_2            
     e(  7 -  7) =    -34.71217  eV     1   --> G_2            
     e(  8 -  8) =    -34.71149  eV     1   --> G_2            
     e(  9 -  9) =    -16.11065  eV     1   --> G_2            
     e( 10 - 10) =    -16.10071  eV     1   --> G_2            
     e( 11 - 11) =    -14.06694  eV     1   --> G_2            
     e( 12 - 12) =    -14.03918  eV     1   --> G_2            
     e( 13 - 13) =     -7.28548  eV     1   --> G_2            
     e( 14 - 14) =     -7.26435  eV     1   --> G_2            
     e( 15 - 15) =     -5.86601  eV     1   --> G_2            
     e( 16 - 16) =     -5.86119  eV     1   --> G_2            
     e( 17 - 17) =     -5.09392  eV     1   --> G_2            
     e( 18 - 18) =     -5.08955  eV     1   --> G_2            
     e( 19 - 19) =     -4.85836  eV     1   --> G_2            
     e( 20 - 20) =     -4.85521  eV     1   --> G_2            
     e( 21 - 21) =     -3.65440  eV     1   --> G_2            
     e( 22 - 22) =     -3.63549  eV     1   --> G_2            
     e( 23 - 23) =     -3.03905  eV     1   --> G_2            
     e( 24 - 24) =     -3.01768  eV     1   --> G_2            
     e( 25 - 25) =     -2.36383  eV     1   --> G_2            
     e( 26 - 26) =     -2.33804  eV     1   --> G_2            
     e( 27 - 27) =     -1.76083  eV     1   --> G_2            
     e( 28 - 28) =     -1.73137  eV     1   --> G_2            
     e( 29 - 29) =     -1.60979  eV     1   --> G_2            
     e( 30 - 30) =     -1.55997  eV     1   --> G_2            
     e( 31 - 31) =     -1.25865  eV     1   --> G_2            
     e( 32 - 32) =     -1.21981  eV     1   --> G_2            
     e( 33 - 33) =     -0.83979  eV     1   --> G_2            
     e( 34 - 34) =     -0.82200  eV     1   --> G_2            
     e( 35 - 35) =     -0.27903  eV     1   --> G_2            
     e( 36 - 36) =     -0.27131  eV     1   --> G_2            
     e( 37 - 37) =      1.66655  eV     1   --> G_2            
     e( 38 - 38) =      1.73544  eV     1   --> G_2            
     e( 39 - 39) =      1.86287  eV     1   --> G_2            
     e( 40 - 40) =      1.86856  eV     1   --> G_2            
     e( 41 - 41) =      2.16904  eV     1   --> G_2            
     e( 42 - 42) =      2.19986  eV     1   --> G_2            
     e( 43 - 43) =      2.56615  eV     1   --> G_2            
     e( 44 - 44) =      2.57506  eV     1   --> G_2            

 **************************************************************************

 **************************************************************************

                    xk=(   0.17568,   0.10143,   0.00000  )

     Band symmetry, C_1 (1)     double point group:

     e(  1 -  2) =    -61.54002  eV     2   -->   2 G_2            
     e(  3 -  3) =    -37.32720  eV     1   --> G_2            
     e(  4 -  4) =    -37.32388  eV     1   --> G_2            
     e(  5 -  5) =    -34.93105  eV     1   --> G_2            
     e(  6 -  6) =    -34.92575  eV     1   --> G_2            
     e(  7 -  7) =    -34.72081  eV     1   --> G_2            
     e(  8 -  8) =    -34.71998  eV     1   --> G_2            
     e(  9 -  9) =    -16.05861  eV     1   --> G_2            
     e( 10 - 10) =    -16.04810  eV     1   --> G_2            
     e( 11 - 11) =    -14.02740  eV     1   --> G_2            
     e( 12 - 12) =    -13.99810  eV     1   --> G_2            
     e( 13 - 13) =     -7.23312  eV     1   --> G_2            
     e( 14 - 14) =     -7.21097  eV     1   --> G_2            
     e( 15 - 15) =     -5.99133  eV     1   --> G_2            
     e( 16 - 16) =     -5.98632  eV     1   --> G_2            
     e( 17 - 17) =     -5.10986  eV     1   --> G_2            
     e( 18 - 18) =     -5.10528  eV     1   --> G_2            
     e( 19 - 19) =     -4.86603  eV     1   --> G_2            
     e( 20 - 20) =     -4.86376  eV     1   --> G_2            
     e( 21 - 21) =     -3.70916  eV     1   --> G_2            
     e( 22 - 22) =     -3.68935  eV     1   --> G_2            
     e( 23 - 23) =     -3.03330  eV     1   --> G_2            
     e( 24 - 24) =     -3.01139  eV     1   --> G_2            
     e( 25 - 25) =     -2.39826  eV     1   --> G_2            
     e( 26 - 26) =     -2.37093  eV     1   --> G_2            
     e( 27 - 27) =     -1.73502  eV     1   --> G_2            
     e( 28 - 28) =     -1.70955  eV     1   --> G_2            
     e( 29 - 29) =     -1.61288  eV     1   --> G_2            
     e( 30 - 30) =     -1.56686  eV     1   --> G_2            
     e( 31 - 31) =     -1.31186  eV     1   --> G_2            
     e( 32 - 32) =     -1.27624  eV     1   --> G_2            
     e( 33 - 33) =     -0.82818  eV     1   --> G_2            
     e( 34 - 34) =     -0.80918  eV     1   --> G_2            
     e( 35 - 35) =     -0.25740  eV     1   --> G_2            
     e( 36 - 36) =     -0.25240  eV     1   --> G_2            
     e( 37 - 37) =      1.62045  eV     1   --> G_2            
     e( 38 - 38) =      1.67397  eV     1   --> G_2            
     e( 39 - 39) =      1.82780  eV     1   --> G_2            
     e( 40 - 40) =      1.84033  eV     1   --> G_2            
     e( 41 - 41) =      2.12498  eV     1   --> G_2            
     e( 42 - 42) =      2.15506  eV     1   --> G_2            
     e( 43 - 43) =      2.63857  eV     1   --> G_2            
     e( 44 - 44) =      2.65879  eV     1   --> G_2            

 **************************************************************************

 **************************************************************************

                    xk=(   0.18919,   0.10923,   0.00000  )

     Band symmetry, C_1 (1)     double point group:

     e(  1 -  2) =    -61.53848  eV     2   -->   2 G_2            
     e(  3 -  3) =    -37.33123  eV     1   --> G_2            
     e(  4 -  4) =    -37.32778  eV     1   --> G_2            
     e(  5 -  5) =    -34.93425  eV     1   --> G_2            
     e(  6 -  6) =    -34.92862  eV     1   --> G_2            
     e(  7 -  7) =    -34.72958  eV     1   --> G_2            
     e(  8 -  8) =    -34.72859  eV     1   --> G_2            
     e(  9 -  9) =    -16.00352  eV     1   --> G_2            
     e( 10 - 10) =    -15.99251  eV     1   --> G_2            
     e( 11 - 11) =    -13.98535  eV     1   --> G_2            
     e( 12 - 12) =    -13.95469  eV     1   --> G_2            
     e( 13 - 13) =     -7.17957  eV     1   --> G_2            
     e( 14 - 14) =     -7.15660  eV     1   --> G_2            
     e( 15 - 15) =     -6.12070  eV     1   --> G_2            
     e( 16 - 16) =     -6.11543  eV     1   --> G_2            
     e( 17 - 17) =     -5.12724  eV     1   --> G_2            
     e( 18 - 18) =     -5.12252  eV     1   --> G_2            
     e( 19 - 19) =     -4.88039  eV     1   --> G_2            
     e( 20 - 20) =     -4.87956  eV     1   --> G_2            
     e( 21 - 21) =     -3.75760  eV     1   --> G_2            
     e( 22 - 22) =     -3.73738  eV     1   --> G_2            
     e( 23 - 23) =     -3.02839  eV     1   --> G_2            
     e( 24 - 24) =     -3.00614  eV     1   --> G_2            
     e( 25 - 25) =     -2.43019  eV     1   --> G_2            
     e( 26 - 26) =     -2.40185  eV     1   --> G_2            
     e( 27 - 27) =     -1.70717  eV     1   --> G_2            
     e( 28 - 28) =     -1.69311  eV     1   --> G_2            
     e( 29 - 29) =     -1.61421  eV     1   --> G_2            
     e( 30 - 30) =     -1.58134  eV     1   --> G_2            
     e( 31 - 31) =     -1.36140  eV     1   --> G_2            
     e( 32 - 32) =     -1.33154  eV     1   --> G_2            
     e( 33 - 33) =     -0.81092  eV     1   --> G_2            
     e( 34 - 34) =     -0.79100  eV     1   --> G_2            
     e( 35 - 35) =     -0.23682  eV     1   --> G_2            
     e( 36 - 36) =     -0.23552  eV     1   --> G_2            
     e( 37 - 37) =      1.57077  eV     1   --> G_2            
     e( 38 - 38) =      1.60732  eV     1   --> G_2            
     e( 39 - 39) =      1.80624  eV     1   --> G_2            
     e( 40 - 40) =      1.83727  eV     1   --> G_2            
     e( 41 - 41) =      2.07793  eV     1   --> G_2            
     e( 42 - 42) =      2.10743  eV     1   --> G_2            
     e( 43 - 43) =      2.69043  eV     1   --> G_2            
     e( 44 - 44) =      2.70912  eV     1   --> G_2            

 **************************************************************************

 **************************************************************************

                    xk=(   0.20270,   0.11703,   0.00000  )

     Band symmetry, C_1 (1)     double point group:

     e(  1 -  2) =    -61.53688  eV     2   -->   2 G_2            
     e(  3 -  3) =    -37.33542  eV     1   --> G_2            
     e(  4 -  4) =    -37.33187  eV     1   --> G_2            
     e(  5 -  5) =    -34.93775  eV     1   --> G_2            
     e(  6 -  6) =    -34.93180  eV     1   --> G_2            
     e(  7 -  7) =    -34.73838  eV     1   --> G_2            
     e(  8 -  8) =    -34.73722  eV     1   --> G_2            
     e(  9 -  9) =    -15.94566  eV     1   --> G_2            
     e( 10 - 10) =    -15.93422  eV     1   --> G_2            
     e( 11 - 11) =    -13.94098  eV     1   --> G_2            
     e( 12 - 12) =    -13.90916  eV     1   --> G_2            
     e( 13 - 13) =     -7.12569  eV     1   --> G_2            
     e( 14 - 14) =     -7.10210  eV     1   --> G_2            
     e( 15 - 15) =     -6.25307  eV     1   --> G_2            
     e( 16 - 16) =     -6.24748  eV     1   --> G_2            
     e( 17 - 17) =     -5.14600  eV     1   --> G_2            
     e( 18 - 18) =     -5.14119  eV     1   --> G_2            
     e( 19 - 19) =     -4.90343  eV     1   --> G_2            
     e( 20 - 20) =     -4.90224  eV     1   --> G_2            
     e( 21 - 21) =     -3.79873  eV     1   --> G_2            
     e( 22 - 22) =     -3.77864  eV     1   --> G_2            
     e( 23 - 23) =     -3.02444  eV     1   --> G_2            
     e( 24 - 24) =     -3.00204  eV     1   --> G_2            
     e( 25 - 25) =     -2.45941  eV     1   --> G_2            
     e( 26 - 26) =     -2.43066  eV     1   --> G_2            
     e( 27 - 27) =     -1.69123  eV     1   --> G_2            
     e( 28 - 28) =     -1.67842  eV     1   --> G_2            
     e( 29 - 29) =     -1.60516  eV     1   --> G_2            
     e( 30 - 30) =     -1.60352  eV     1   --> G_2            
     e( 31 - 31) =     -1.40435  eV     1   --> G_2            
     e( 32 - 32) =     -1.38336  eV     1   --> G_2            
     e( 33 - 33) =     -0.78750  eV     1   --> G_2            
     e( 34 - 34) =     -0.76700  eV     1   --> G_2            
     e( 35 - 35) =     -0.22173  eV     1   --> G_2            
     e( 36 - 36) =     -0.21831  eV     1   --> G_2            
     e( 37 - 37) =      1.52105  eV     1   --> G_2            
     e( 38 - 38) =      1.54308  eV     1   --> G_2            
     e( 39 - 39) =      1.80136  eV     1   --> G_2            
     e( 40 - 40) =      1.84703  eV     1   --> G_2            
     e( 41 - 41) =      2.02942  eV     1   --> G_2            
     e( 42 - 42) =      2.05836  eV     1   --> G_2            
     e( 43 - 43) =      2.73295  eV     1   --> G_2            
     e( 44 - 44) =      2.75085  eV     1   --> G_2            

 **************************************************************************

 **************************************************************************

                    xk=(   0.21622,   0.12483,   0.00000  )

     Band symmetry, C_1 (1)     double point group:

     e(  1 -  2) =    -61.53524  eV     2   -->   2 G_2            
     e(  3 -  3) =    -37.33974  eV     1   --> G_2            
     e(  4 -  4) =    -37.33611  eV     1   --> G_2            
     e(  5 -  5) =    -34.94155  eV     1   --> G_2            
     e(  6 -  6) =    -34.93533  eV     1   --> G_2            
     e(  7 -  7) =    -34.74710  eV     1   --> G_2            
     e(  8 -  8) =    -34.74577  eV     1   --> G_2            
     e(  9 -  9) =    -15.88534  eV     1   --> G_2            
     e( 10 - 10) =    -15.87354  eV     1   --> G_2            
     e( 11 - 11) =    -13.89450  eV     1   --> G_2            
     e( 12 - 12) =    -13.86173  eV     1   --> G_2            
     e( 13 - 13) =     -7.07254  eV     1   --> G_2            
     e( 14 - 14) =     -7.04854  eV     1   --> G_2            
     e( 15 - 15) =     -6.38728  eV     1   --> G_2            
     e( 16 - 16) =     -6.38129  eV     1   --> G_2            
     e( 17 - 17) =     -5.16602  eV     1   --> G_2            
     e( 18 - 18) =     -5.16117  eV     1   --> G_2            
     e( 19 - 19) =     -4.93554  eV     1   --> G_2            
     e( 20 - 20) =     -4.93182  eV     1   --> G_2            
     e( 21 - 21) =     -3.83225  eV     1   --> G_2            
     e( 22 - 22) =     -3.81277  eV     1   --> G_2            
     e( 23 - 23) =     -3.02150  eV     1   --> G_2            
     e( 24 - 24) =     -2.99912  eV     1   --> G_2            
     e( 25 - 25) =     -2.48580  eV     1   --> G_2            
     e( 26 - 26) =     -2.45730  eV     1   --> G_2            
     e( 27 - 27) =     -1.70625  eV     1   --> G_2            
     e( 28 - 28) =     -1.65674  eV     1   --> G_2            
     e( 29 - 29) =     -1.62565  eV     1   --> G_2            
     e( 30 - 30) =     -1.58409  eV     1   --> G_2            
     e( 31 - 31) =     -1.43853  eV     1   --> G_2            
     e( 32 - 32) =     -1.42895  eV     1   --> G_2            
     e( 33 - 33) =     -0.75759  eV     1   --> G_2            
     e( 34 - 34) =     -0.73681  eV     1   --> G_2            
     e( 35 - 35) =     -0.21206  eV     1   --> G_2            
     e( 36 - 36) =     -0.20296  eV     1   --> G_2            
     e( 37 - 37) =      1.47523  eV     1   --> G_2            
     e( 38 - 38) =      1.48486  eV     1   --> G_2            
     e( 39 - 39) =      1.80953  eV     1   --> G_2            
     e( 40 - 40) =      1.86604  eV     1   --> G_2            
     e( 41 - 41) =      1.98092  eV     1   --> G_2            
     e( 42 - 42) =      2.00896  eV     1   --> G_2            
     e( 43 - 43) =      2.77097  eV     1   --> G_2            
     e( 44 - 44) =      2.78933  eV     1   --> G_2            

 **************************************************************************

 **************************************************************************

                    xk=(   0.22973,   0.13263,   0.00000  )

     Band symmetry, C_1 (1)     double point group:

     e(  1 -  2) =    -61.53357  eV     2   -->   2 G_2            
     e(  3 -  3) =    -37.34417  eV     1   --> G_2            
     e(  4 -  4) =    -37.34048  eV     1   --> G_2            
     e(  5 -  5) =    -34.94565  eV     1   --> G_2            
     e(  6 -  6) =    -34.93920  eV     1   --> G_2            
     e(  7 -  7) =    -34.75563  eV     1   --> G_2            
     e(  8 -  8) =    -34.75414  eV     1   --> G_2            
     e(  9 -  9) =    -15.82288  eV     1   --> G_2            
     e( 10 - 10) =    -15.81080  eV     1   --> G_2            
     e( 11 - 11) =    -13.84614  eV     1   --> G_2            
     e( 12 - 12) =    -13.81263  eV     1   --> G_2            
     e( 13 - 13) =     -7.02168  eV     1   --> G_2            
     e( 14 - 14) =     -6.99749  eV     1   --> G_2            
     e( 15 - 15) =     -6.52170  eV     1   --> G_2            
     e( 16 - 16) =     -6.51527  eV     1   --> G_2            
     e( 17 - 17) =     -5.18713  eV     1   --> G_2            
     e( 18 - 18) =     -5.18231  eV     1   --> G_2            
     e( 19 - 19) =     -4.97543  eV     1   --> G_2            
     e( 20 - 20) =     -4.96879  eV     1   --> G_2            
     e( 21 - 21) =     -3.85863  eV     1   --> G_2            
     e( 22 - 22) =     -3.84016  eV     1   --> G_2            
     e( 23 - 23) =     -3.01960  eV     1   --> G_2            
     e( 24 - 24) =     -2.99739  eV     1   --> G_2            
     e( 25 - 25) =     -2.50937  eV     1   --> G_2            
     e( 26 - 26) =     -2.48181  eV     1   --> G_2            
     e( 27 - 27) =     -1.73189  eV     1   --> G_2            
     e( 28 - 28) =     -1.67976  eV     1   --> G_2            
     e( 29 - 29) =     -1.60822  eV     1   --> G_2            
     e( 30 - 30) =     -1.55816  eV     1   --> G_2            
     e( 31 - 31) =     -1.46513  eV     1   --> G_2            
     e( 32 - 32) =     -1.46356  eV     1   --> G_2            
     e( 33 - 33) =     -0.72102  eV     1   --> G_2            
     e( 34 - 34) =     -0.70028  eV     1   --> G_2            
     e( 35 - 35) =     -0.20742  eV     1   --> G_2            
     e( 36 - 36) =     -0.19184  eV     1   --> G_2            
     e( 37 - 37) =      1.43452  eV     1   --> G_2            
     e( 38 - 38) =      1.43609  eV     1   --> G_2            
     e( 39 - 39) =      1.82712  eV     1   --> G_2            
     e( 40 - 40) =      1.88854  eV     1   --> G_2            
     e( 41 - 41) =      1.93714  eV     1   --> G_2            
     e( 42 - 42) =      1.96072  eV     1   --> G_2            
     e( 43 - 43) =      2.80513  eV     1   --> G_2            
     e( 44 - 44) =      2.82435  eV     1   --> G_2            

 **************************************************************************

 **************************************************************************

                    xk=(   0.24324,   0.14044,   0.00000  )

     Band symmetry, C_1 (1)     double point group:

     e(  1 -  2) =    -61.53188  eV     2   -->   2 G_2            
     e(  3 -  3) =    -37.34867  eV     1   --> G_2            
     e(  4 -  4) =    -37.34496  eV     1   --> G_2            
     e(  5 -  5) =    -34.95005  eV     1   --> G_2            
     e(  6 -  6) =    -34.94342  eV     1   --> G_2            
     e(  7 -  7) =    -34.76387  eV     1   --> G_2            
     e(  8 -  8) =    -34.76223  eV     1   --> G_2            
     e(  9 -  9) =    -15.75863  eV     1   --> G_2            
     e( 10 - 10) =    -15.74634  eV     1   --> G_2            
     e( 11 - 11) =    -13.79615  eV     1   --> G_2            
     e( 12 - 12) =    -13.76211  eV     1   --> G_2            
     e( 13 - 13) =     -6.97627  eV     1   --> G_2            
     e( 14 - 14) =     -6.95232  eV     1   --> G_2            
     e( 15 - 15) =     -6.65303  eV     1   --> G_2            
     e( 16 - 16) =     -6.64627  eV     1   --> G_2            
     e( 17 - 17) =     -5.20916  eV     1   --> G_2            
     e( 18 - 18) =     -5.20443  eV     1   --> G_2            
     e( 19 - 19) =     -5.02194  eV     1   --> G_2            
     e( 20 - 20) =     -5.01215  eV     1   --> G_2            
     e( 21 - 21) =     -3.87902  eV     1   --> G_2            
     e( 22 - 22) =     -3.86184  eV     1   --> G_2            
     e( 23 - 23) =     -3.01872  eV     1   --> G_2            
     e( 24 - 24) =     -2.99680  eV     1   --> G_2            
     e( 25 - 25) =     -2.53020  eV     1   --> G_2            
     e( 26 - 26) =     -2.50429  eV     1   --> G_2            
     e( 27 - 27) =     -1.76284  eV     1   --> G_2            
     e( 28 - 28) =     -1.71732  eV     1   --> G_2            
     e( 29 - 29) =     -1.57820  eV     1   --> G_2            
     e( 30 - 30) =     -1.53720  eV     1   --> G_2            
     e( 31 - 31) =     -1.48491  eV     1   --> G_2            
     e( 32 - 32) =     -1.48025  eV     1   --> G_2            
     e( 33 - 33) =     -0.67789  eV     1   --> G_2            
     e( 34 - 34) =     -0.65749  eV     1   --> G_2            
     e( 35 - 35) =     -0.20852  eV     1   --> G_2            
     e( 36 - 36) =     -0.18583  eV     1   --> G_2            
     e( 37 - 37) =      1.39313  eV     1   --> G_2            
     e( 38 - 38) =      1.40525  eV     1   --> G_2            
     e( 39 - 39) =      1.84759  eV     1   --> G_2            
     e( 40 - 40) =      1.87308  eV     1   --> G_2            
     e( 41 - 41) =      1.91850  eV     1   --> G_2            
     e( 42 - 42) =      1.93863  eV     1   --> G_2            
     e( 43 - 43) =      2.83529  eV     1   --> G_2            
     e( 44 - 44) =      2.85552  eV     1   --> G_2            

 **************************************************************************

 **************************************************************************

                    xk=(   0.25676,   0.14824,   0.00000  )

     Band symmetry, C_1 (1)     double point group:

     e(  1 -  2) =    -61.53019  eV     2   -->   2 G_2            
     e(  3 -  3) =    -37.35322  eV     1   --> G_2            
     e(  4 -  4) =    -37.34950  eV     1   --> G_2            
     e(  5 -  5) =    -34.95475  eV     1   --> G_2            
     e(  6 -  6) =    -34.94800  eV     1   --> G_2            
     e(  7 -  7) =    -34.77173  eV     1   --> G_2            
     e(  8 -  8) =    -34.76998  eV     1   --> G_2            
     e(  9 -  9) =    -15.69298  eV     1   --> G_2            
     e( 10 - 10) =    -15.68058  eV     1   --> G_2            
     e( 11 - 11) =    -13.74479  eV     1   --> G_2            
     e( 12 - 12) =    -13.71047  eV     1   --> G_2            
     e( 13 - 13) =     -6.94808  eV     1   --> G_2            
     e( 14 - 14) =     -6.92728  eV     1   --> G_2            
     e( 15 - 15) =     -6.76707  eV     1   --> G_2            
     e( 16 - 16) =     -6.76262  eV     1   --> G_2            
     e( 17 - 17) =     -5.23193  eV     1   --> G_2            
     e( 18 - 18) =     -5.22736  eV     1   --> G_2            
     e( 19 - 19) =     -5.07345  eV     1   --> G_2            
     e( 20 - 20) =     -5.06045  eV     1   --> G_2            
     e( 21 - 21) =     -3.89511  eV     1   --> G_2            
     e( 22 - 22) =     -3.87937  eV     1   --> G_2            
     e( 23 - 23) =     -3.01883  eV     1   --> G_2            
     e( 24 - 24) =     -2.99733  eV     1   --> G_2            
     e( 25 - 25) =     -2.54848  eV     1   --> G_2            
     e( 26 - 26) =     -2.52490  eV     1   --> G_2            
     e( 27 - 27) =     -1.79483  eV     1   --> G_2            
     e( 28 - 28) =     -1.75352  eV     1   --> G_2            
     e( 29 - 29) =     -1.54950  eV     1   --> G_2            
     e( 30 - 30) =     -1.53760  eV     1   --> G_2            
     e( 31 - 31) =     -1.48817  eV     1   --> G_2            
     e( 32 - 32) =     -1.47366  eV     1   --> G_2            
     e( 33 - 33) =     -0.62857  eV     1   --> G_2            
     e( 34 - 34) =     -0.60882  eV     1   --> G_2            
     e( 35 - 35) =     -0.21576  eV     1   --> G_2            
     e( 36 - 36) =     -0.18566  eV     1   --> G_2            
     e( 37 - 37) =      1.36121  eV     1   --> G_2            
     e( 38 - 38) =      1.38346  eV     1   --> G_2            
     e( 39 - 39) =      1.82902  eV     1   --> G_2            
     e( 40 - 40) =      1.84144  eV     1   --> G_2            
     e( 41 - 41) =      1.91025  eV     1   --> G_2            
     e( 42 - 42) =      1.97505  eV     1   --> G_2            
     e( 43 - 43) =      2.86126  eV     1   --> G_2            
     e( 44 - 44) =      2.88252  eV     1   --> G_2            

 **************************************************************************

 **************************************************************************

                    xk=(   0.27027,   0.15604,   0.00000  )

     Band symmetry, C_1 (1)     double point group:

     e(  1 -  2) =    -61.52850  eV     2   -->   2 G_2            
     e(  3 -  3) =    -37.35777  eV     1   --> G_2            
     e(  4 -  4) =    -37.35408  eV     1   --> G_2            
     e(  5 -  5) =    -34.95971  eV     1   --> G_2            
     e(  6 -  6) =    -34.95290  eV     1   --> G_2            
     e(  7 -  7) =    -34.77916  eV     1   --> G_2            
     e(  8 -  8) =    -34.77730  eV     1   --> G_2            
     e(  9 -  9) =    -15.62633  eV     1   --> G_2            
     e( 10 - 10) =    -15.61390  eV     1   --> G_2            
     e( 11 - 11) =    -13.69237  eV     1   --> G_2            
     e( 12 - 12) =    -13.65801  eV     1   --> G_2            
     e( 13 - 13) =     -6.98682  eV     1   --> G_2            
     e( 14 - 14) =     -6.98108  eV     1   --> G_2            
     e( 15 - 15) =     -6.81471  eV     1   --> G_2            
     e( 16 - 16) =     -6.80523  eV     1   --> G_2            
     e( 17 - 17) =     -5.25521  eV     1   --> G_2            
     e( 18 - 18) =     -5.25090  eV     1   --> G_2            
     e( 19 - 19) =     -5.12804  eV     1   --> G_2            
     e( 20 - 20) =     -5.11195  eV     1   --> G_2            
     e( 21 - 21) =     -3.90879  eV     1   --> G_2            
     e( 22 - 22) =     -3.89456  eV     1   --> G_2            
     e( 23 - 23) =     -3.01986  eV     1   --> G_2            
     e( 24 - 24) =     -2.99887  eV     1   --> G_2            
     e( 25 - 25) =     -2.56442  eV     1   --> G_2            
     e( 26 - 26) =     -2.54373  eV     1   --> G_2            
     e( 27 - 27) =     -1.82400  eV     1   --> G_2            
     e( 28 - 28) =     -1.78415  eV     1   --> G_2            
     e( 29 - 29) =     -1.54702  eV     1   --> G_2            
     e( 30 - 30) =     -1.52930  eV     1   --> G_2            
     e( 31 - 31) =     -1.48206  eV     1   --> G_2            
     e( 32 - 32) =     -1.44514  eV     1   --> G_2            
     e( 33 - 33) =     -0.57369  eV     1   --> G_2            
     e( 34 - 34) =     -0.55487  eV     1   --> G_2            
     e( 35 - 35) =     -0.22923  eV     1   --> G_2            
     e( 36 - 36) =     -0.19171  eV     1   --> G_2            
     e( 37 - 37) =      1.33883  eV     1   --> G_2            
     e( 38 - 38) =      1.37080  eV     1   --> G_2            
     e( 39 - 39) =      1.78429  eV     1   --> G_2            
     e( 40 - 40) =      1.80283  eV     1   --> G_2            
     e( 41 - 41) =      1.94033  eV     1   --> G_2            
     e( 42 - 42) =      2.01736  eV     1   --> G_2            
     e( 43 - 43) =      2.88291  eV     1   --> G_2            
     e( 44 - 44) =      2.90517  eV     1   --> G_2            

 **************************************************************************

 **************************************************************************

                    xk=(   0.28378,   0.16384,   0.00000  )

     Band symmetry, C_1 (1)     double point group:

     e(  1 -  2) =    -61.52682  eV     2   -->   2 G_2            
     e(  3 -  3) =    -37.36231  eV     1   --> G_2            
     e(  4 -  4) =    -37.35867  eV     1   --> G_2            
     e(  5 -  5) =    -34.96490  eV     1   --> G_2            
     e(  6 -  6) =    -34.95810  eV     1   --> G_2            
     e(  7 -  7) =    -34.78608  eV     1   --> G_2            
     e(  8 -  8) =    -34.78416  eV     1   --> G_2            
     e(  9 -  9) =    -15.55912  eV     1   --> G_2            
     e( 10 - 10) =    -15.54675  eV     1   --> G_2            
     e( 11 - 11) =    -13.63921  eV     1   --> G_2            
     e( 12 - 12) =    -13.60506  eV     1   --> G_2            
     e( 13 - 13) =     -7.09815  eV     1   --> G_2            
     e( 14 - 14) =     -7.09663  eV     1   --> G_2            
     e( 15 - 15) =     -6.79852  eV     1   --> G_2            
     e( 16 - 16) =     -6.78314  eV     1   --> G_2            
     e( 17 - 17) =     -5.27882  eV     1   --> G_2            
     e( 18 - 18) =     -5.27490  eV     1   --> G_2            
     e( 19 - 19) =     -5.18368  eV     1   --> G_2            
     e( 20 - 20) =     -5.16481  eV     1   --> G_2            
     e( 21 - 21) =     -3.92191  eV     1   --> G_2            
     e( 22 - 22) =     -3.90918  eV     1   --> G_2            
     e( 23 - 23) =     -3.02173  eV     1   --> G_2            
     e( 24 - 24) =     -3.00134  eV     1   --> G_2            
     e( 25 - 25) =     -2.57817  eV     1   --> G_2            
     e( 26 - 26) =     -2.56076  eV     1   --> G_2            
     e( 27 - 27) =     -1.84720  eV     1   --> G_2            
     e( 28 - 28) =     -1.80664  eV     1   --> G_2            
     e( 29 - 29) =     -1.55299  eV     1   --> G_2            
     e( 30 - 30) =     -1.52122  eV     1   --> G_2            
     e( 31 - 31) =     -1.45891  eV     1   --> G_2            
     e( 32 - 32) =     -1.41285  eV     1   --> G_2            
     e( 33 - 33) =     -0.51421  eV     1   --> G_2            
     e( 34 - 34) =     -0.49653  eV     1   --> G_2            
     e( 35 - 35) =     -0.24865  eV     1   --> G_2            
     e( 36 - 36) =     -0.20408  eV     1   --> G_2            
     e( 37 - 37) =      1.32564  eV     1   --> G_2            
     e( 38 - 38) =      1.36685  eV     1   --> G_2            
     e( 39 - 39) =      1.74153  eV     1   --> G_2            
     e( 40 - 40) =      1.76017  eV     1   --> G_2            
     e( 41 - 41) =      1.97880  eV     1   --> G_2            
     e( 42 - 42) =      2.06169  eV     1   --> G_2            
     e( 43 - 43) =      2.90021  eV     1   --> G_2            
     e( 44 - 44) =      2.92341  eV     1   --> G_2            

 **************************************************************************

 **************************************************************************

                    xk=(   0.29730,   0.17164,   0.00000  )

     Band symmetry, C_1 (1)     double point group:

     e(  1 -  2) =    -61.52518  eV     2   -->   2 G_2            
     e(  3 -  3) =    -37.36678  eV     1   --> G_2            
     e(  4 -  4) =    -37.36323  eV     1   --> G_2            
     e(  5 -  5) =    -34.97027  eV     1   --> G_2            
     e(  6 -  6) =    -34.96356  eV     1   --> G_2            
     e(  7 -  7) =    -34.79246  eV     1   --> G_2            
     e(  8 -  8) =    -34.79052  eV     1   --> G_2            
     e(  9 -  9) =    -15.49182  eV     1   --> G_2            
     e( 10 - 10) =    -15.47961  eV     1   --> G_2            
     e( 11 - 11) =    -13.58565  eV     1   --> G_2            
     e( 12 - 12) =    -13.55196  eV     1   --> G_2            
     e( 13 - 13) =     -7.22546  eV     1   --> G_2            
     e( 14 - 14) =     -7.22179  eV     1   --> G_2            
     e( 15 - 15) =     -6.76983  eV     1   --> G_2            
     e( 16 - 16) =     -6.75387  eV     1   --> G_2            
     e( 17 - 17) =     -5.30256  eV     1   --> G_2            
     e( 18 - 18) =     -5.29936  eV     1   --> G_2            
     e( 19 - 19) =     -5.23829  eV     1   --> G_2            
     e( 20 - 20) =     -5.21720  eV     1   --> G_2            
     e( 21 - 21) =     -3.93607  eV     1   --> G_2            
     e( 22 - 22) =     -3.92483  eV     1   --> G_2            
     e( 23 - 23) =     -3.02430  eV     1   --> G_2            
     e( 24 - 24) =     -3.00463  eV     1   --> G_2            
     e( 25 - 25) =     -2.58977  eV     1   --> G_2            
     e( 26 - 26) =     -2.57582  eV     1   --> G_2            
     e( 27 - 27) =     -1.86225  eV     1   --> G_2            
     e( 28 - 28) =     -1.81949  eV     1   --> G_2            
     e( 29 - 29) =     -1.55337  eV     1   --> G_2            
     e( 30 - 30) =     -1.51590  eV     1   --> G_2            
     e( 31 - 31) =     -1.42820  eV     1   --> G_2            
     e( 32 - 32) =     -1.37950  eV     1   --> G_2            
     e( 33 - 33) =     -0.45146  eV     1   --> G_2            
     e( 34 - 34) =     -0.43499  eV     1   --> G_2            
     e( 35 - 35) =     -0.27336  eV     1   --> G_2            
     e( 36 - 36) =     -0.22254  eV     1   --> G_2            
     e( 37 - 37) =      1.32094  eV     1   --> G_2            
     e( 38 - 38) =      1.37084  eV     1   --> G_2            
     e( 39 - 39) =      1.70165  eV     1   --> G_2            
     e( 40 - 40) =      1.71889  eV     1   --> G_2            
     e( 41 - 41) =      2.01864  eV     1   --> G_2            
     e( 42 - 42) =      2.10571  eV     1   --> G_2            
     e( 43 - 43) =      2.91321  eV     1   --> G_2            
     e( 44 - 44) =      2.93728  eV     1   --> G_2            

 **************************************************************************

 **************************************************************************

                    xk=(   0.31081,   0.17945,   0.00000  )

     Band symmetry, C_1 (1)     double point group:

     e(  1 -  2) =    -61.52357  eV     2   -->   2 G_2            
     e(  3 -  3) =    -37.37117  eV     1   --> G_2            
     e(  4 -  4) =    -37.36771  eV     1   --> G_2            
     e(  5 -  5) =    -34.97578  eV     1   --> G_2            
     e(  6 -  6) =    -34.96921  eV     1   --> G_2            
     e(  7 -  7) =    -34.79828  eV     1   --> G_2            
     e(  8 -  8) =    -34.79635  eV     1   --> G_2            
     e(  9 -  9) =    -15.42492  eV     1   --> G_2            
     e( 10 - 10) =    -15.41297  eV     1   --> G_2            
     e( 11 - 11) =    -13.53207  eV     1   --> G_2            
     e( 12 - 12) =    -13.49911  eV     1   --> G_2            
     e( 13 - 13) =     -7.35264  eV     1   --> G_2            
     e( 14 - 14) =     -7.34803  eV     1   --> G_2            
     e( 15 - 15) =     -6.74290  eV     1   --> G_2            
     e( 16 - 16) =     -6.72770  eV     1   --> G_2            
     e( 17 - 17) =     -5.32631  eV     1   --> G_2            
     e( 18 - 18) =     -5.32488  eV     1   --> G_2            
     e( 19 - 19) =     -5.28933  eV     1   --> G_2            
     e( 20 - 20) =     -5.26743  eV     1   --> G_2            
     e( 21 - 21) =     -3.95248  eV     1   --> G_2            
     e( 22 - 22) =     -3.94270  eV     1   --> G_2            
     e( 23 - 23) =     -3.02748  eV     1   --> G_2            
     e( 24 - 24) =     -3.00859  eV     1   --> G_2            
     e( 25 - 25) =     -2.59917  eV     1   --> G_2            
     e( 26 - 26) =     -2.58864  eV     1   --> G_2            
     e( 27 - 27) =     -1.86800  eV     1   --> G_2            
     e( 28 - 28) =     -1.82207  eV     1   --> G_2            
     e( 29 - 29) =     -1.54770  eV     1   --> G_2            
     e( 30 - 30) =     -1.50796  eV     1   --> G_2            
     e( 31 - 31) =     -1.39525  eV     1   --> G_2            
     e( 32 - 32) =     -1.34583  eV     1   --> G_2            
     e( 33 - 33) =     -0.38815  eV     1   --> G_2            
     e( 34 - 34) =     -0.37194  eV     1   --> G_2            
     e( 35 - 35) =     -0.30140  eV     1   --> G_2            
     e( 36 - 36) =     -0.24631  eV     1   --> G_2            
     e( 37 - 37) =      1.32376  eV     1   --> G_2            
     e( 38 - 38) =      1.38174  eV     1   --> G_2            
     e( 39 - 39) =      1.66537  eV     1   --> G_2            
     e( 40 - 40) =      1.68036  eV     1   --> G_2            
     e( 41 - 41) =      2.05682  eV     1   --> G_2            
     e( 42 - 42) =      2.14726  eV     1   --> G_2            
     e( 43 - 43) =      2.92209  eV     1   --> G_2            
     e( 44 - 44) =      2.94690  eV     1   --> G_2            

 **************************************************************************

 **************************************************************************

                    xk=(   0.32432,   0.18725,   0.00000  )

     Band symmetry, C_1 (1)     double point group:

     e(  1 -  2) =    -61.52203  eV     2   -->   2 G_2            
     e(  3 -  3) =    -37.37542  eV     1   --> G_2            
     e(  4 -  4) =    -37.37210  eV     1   --> G_2            
     e(  5 -  5) =    -34.98134  eV     1   --> G_2            
     e(  6 -  6) =    -34.97500  eV     1   --> G_2            
     e(  7 -  7) =    -34.80354  eV     1   --> G_2            
     e(  8 -  8) =    -34.80164  eV     1   --> G_2            
     e(  9 -  9) =    -15.35895  eV     1   --> G_2            
     e( 10 - 10) =    -15.34734  eV     1   --> G_2            
     e( 11 - 11) =    -13.47888  eV     1   --> G_2            
     e( 12 - 12) =    -13.44690  eV     1   --> G_2            
     e( 13 - 13) =     -7.47696  eV     1   --> G_2            
     e( 14 - 14) =     -7.47184  eV     1   --> G_2            
     e( 15 - 15) =     -6.72101  eV     1   --> G_2            
     e( 16 - 16) =     -6.70706  eV     1   --> G_2            
     e( 17 - 17) =     -5.35504  eV     1   --> G_2            
     e( 18 - 18) =     -5.35023  eV     1   --> G_2            
     e( 19 - 19) =     -5.33157  eV     1   --> G_2            
     e( 20 - 20) =     -5.31378  eV     1   --> G_2            
     e( 21 - 21) =     -3.97187  eV     1   --> G_2            
     e( 22 - 22) =     -3.96349  eV     1   --> G_2            
     e( 23 - 23) =     -3.03111  eV     1   --> G_2            
     e( 24 - 24) =     -3.01310  eV     1   --> G_2            
     e( 25 - 25) =     -2.60620  eV     1   --> G_2            
     e( 26 - 26) =     -2.59885  eV     1   --> G_2            
     e( 27 - 27) =     -1.86420  eV     1   --> G_2            
     e( 28 - 28) =     -1.81450  eV     1   --> G_2            
     e( 29 - 29) =     -1.53578  eV     1   --> G_2            
     e( 30 - 30) =     -1.49585  eV     1   --> G_2            
     e( 31 - 31) =     -1.36150  eV     1   --> G_2            
     e( 32 - 32) =     -1.31215  eV     1   --> G_2            
     e( 33 - 33) =     -0.35249  eV     1   --> G_2            
     e( 34 - 34) =     -0.31338  eV     1   --> G_2            
     e( 35 - 35) =     -0.30533  eV     1   --> G_2            
     e( 36 - 36) =     -0.27028  eV     1   --> G_2            
     e( 37 - 37) =      1.33294  eV     1   --> G_2            
     e( 38 - 38) =      1.39841  eV     1   --> G_2            
     e( 39 - 39) =      1.63337  eV     1   --> G_2            
     e( 40 - 40) =      1.64546  eV     1   --> G_2            
     e( 41 - 41) =      2.09097  eV     1   --> G_2            
     e( 42 - 42) =      2.18424  eV     1   --> G_2            
     e( 43 - 43) =      2.92706  eV     1   --> G_2            
     e( 44 - 44) =      2.95249  eV     1   --> G_2            

 **************************************************************************

 **************************************************************************

                    xk=(   0.33784,   0.19505,   0.00000  )

     Band symmetry, C_1 (1)     double point group:

     e(  1 -  2) =    -61.52054  eV     2   -->   2 G_2            
     e(  3 -  3) =    -37.37952  eV     1   --> G_2            
     e(  4 -  4) =    -37.37635  eV     1   --> G_2            
     e(  5 -  5) =    -34.98689  eV     1   --> G_2            
     e(  6 -  6) =    -34.98082  eV     1   --> G_2            
     e(  7 -  7) =    -34.80824  eV     1   --> G_2            
     e(  8 -  8) =    -34.80642  eV     1   --> G_2            
     e(  9 -  9) =    -15.29446  eV     1   --> G_2            
     e( 10 - 10) =    -15.28329  eV     1   --> G_2            
     e( 11 - 11) =    -13.42651  eV     1   --> G_2            
     e( 12 - 12) =    -13.39576  eV     1   --> G_2            
     e( 13 - 13) =     -7.59702  eV     1   --> G_2            
     e( 14 - 14) =     -7.59163  eV     1   --> G_2            
     e( 15 - 15) =     -6.70531  eV     1   --> G_2            
     e( 16 - 16) =     -6.69280  eV     1   --> G_2            
     e( 17 - 17) =     -5.39279  eV     1   --> G_2            
     e( 18 - 18) =     -5.37549  eV     1   --> G_2            
     e( 19 - 19) =     -5.36072  eV     1   --> G_2            
     e( 20 - 20) =     -5.35379  eV     1   --> G_2            
     e( 21 - 21) =     -3.99446  eV     1   --> G_2            
     e( 22 - 22) =     -3.98743  eV     1   --> G_2            
     e( 23 - 23) =     -3.03506  eV     1   --> G_2            
     e( 24 - 24) =     -3.01802  eV     1   --> G_2            
     e( 25 - 25) =     -2.61076  eV     1   --> G_2            
     e( 26 - 26) =     -2.60622  eV     1   --> G_2            
     e( 27 - 27) =     -1.85127  eV     1   --> G_2            
     e( 28 - 28) =     -1.79739  eV     1   --> G_2            
     e( 29 - 29) =     -1.51753  eV     1   --> G_2            
     e( 30 - 30) =     -1.47910  eV     1   --> G_2            
     e( 31 - 31) =     -1.32751  eV     1   --> G_2            
     e( 32 - 32) =     -1.27871  eV     1   --> G_2            
     e( 33 - 33) =     -0.38363  eV     1   --> G_2            
     e( 34 - 34) =     -0.31810  eV     1   --> G_2            
     e( 35 - 35) =     -0.24692  eV     1   --> G_2            
     e( 36 - 36) =     -0.23666  eV     1   --> G_2            
     e( 37 - 37) =      1.34722  eV     1   --> G_2            
     e( 38 - 38) =      1.41959  eV     1   --> G_2            
     e( 39 - 39) =      1.60633  eV     1   --> G_2            
     e( 40 - 40) =      1.61491  eV     1   --> G_2            
     e( 41 - 41) =      2.11911  eV     1   --> G_2            
     e( 42 - 42) =      2.21474  eV     1   --> G_2            
     e( 43 - 43) =      2.92846  eV     1   --> G_2            
     e( 44 - 44) =      2.95432  eV     1   --> G_2            

 **************************************************************************

 **************************************************************************

                    xk=(   0.35135,   0.20285,   0.00000  )

     Band symmetry, C_1 (1)     double point group:

     e(  1 -  2) =    -61.51913  eV     2   -->   2 G_2            
     e(  3 -  3) =    -37.38342  eV     1   --> G_2            
     e(  4 -  4) =    -37.38042  eV     1   --> G_2            
     e(  5 -  5) =    -34.99234  eV     1   --> G_2            
     e(  6 -  6) =    -34.98661  eV     1   --> G_2            
     e(  7 -  7) =    -34.81240  eV     1   --> G_2            
     e(  8 -  8) =    -34.81068  eV     1   --> G_2            
     e(  9 -  9) =    -15.23200  eV     1   --> G_2            
     e( 10 - 10) =    -15.22138  eV     1   --> G_2            
     e( 11 - 11) =    -13.37542  eV     1   --> G_2            
     e( 12 - 12) =    -13.34617  eV     1   --> G_2            
     e( 13 - 13) =     -7.71179  eV     1   --> G_2            
     e( 14 - 14) =     -7.70628  eV     1   --> G_2            
     e( 15 - 15) =     -6.69611  eV     1   --> G_2            
     e( 16 - 16) =     -6.68510  eV     1   --> G_2            
     e( 17 - 17) =     -5.42988  eV     1   --> G_2            
     e( 18 - 18) =     -5.40473  eV     1   --> G_2            
     e( 19 - 20) =     -5.38403  eV     2   -->   2 G_2            
     e( 21 - 21) =     -4.01999  eV     1   --> G_2            
     e( 22 - 22) =     -4.01423  eV     1   --> G_2            
     e( 23 - 23) =     -3.03918  eV     1   --> G_2            
     e( 24 - 24) =     -3.02321  eV     1   --> G_2            
     e( 25 - 25) =     -2.61285  eV     1   --> G_2            
     e( 26 - 26) =     -2.61069  eV     1   --> G_2            
     e( 27 - 27) =     -1.83003  eV     1   --> G_2            
     e( 28 - 28) =     -1.77167  eV     1   --> G_2            
     e( 29 - 29) =     -1.49312  eV     1   --> G_2            
     e( 30 - 30) =     -1.45769  eV     1   --> G_2            
     e( 31 - 31) =     -1.29362  eV     1   --> G_2            
     e( 32 - 32) =     -1.24575  eV     1   --> G_2            
     e( 33 - 33) =     -0.42495  eV     1   --> G_2            
     e( 34 - 34) =     -0.35566  eV     1   --> G_2            
     e( 35 - 35) =     -0.18376  eV     1   --> G_2            
     e( 36 - 36) =     -0.17682  eV     1   --> G_2            
     e( 37 - 37) =      1.36533  eV     1   --> G_2            
     e( 38 - 38) =      1.44401  eV     1   --> G_2            
     e( 39 - 39) =      1.58489  eV     1   --> G_2            
     e( 40 - 40) =      1.58945  eV     1   --> G_2            
     e( 41 - 41) =      2.13974  eV     1   --> G_2            
     e( 42 - 42) =      2.23722  eV     1   --> G_2            
     e( 43 - 43) =      2.92666  eV     1   --> G_2            
     e( 44 - 44) =      2.95274  eV     1   --> G_2            

 **************************************************************************

 **************************************************************************

                    xk=(   0.36486,   0.21065,   0.00000  )

     Band symmetry, C_1 (1)     double point group:

     e(  1 -  2) =    -61.51781  eV     2   -->   2 G_2            
     e(  3 -  3) =    -37.38709  eV     1   --> G_2            
     e(  4 -  4) =    -37.38429  eV     1   --> G_2            
     e(  5 -  5) =    -34.99761  eV     1   --> G_2            
     e(  6 -  6) =    -34.99227  eV     1   --> G_2            
     e(  7 -  7) =    -34.81605  eV     1   --> G_2            
     e(  8 -  8) =    -34.81445  eV     1   --> G_2            
     e(  9 -  9) =    -15.17217  eV     1   --> G_2            
     e( 10 - 10) =    -15.16218  eV     1   --> G_2            
     e( 11 - 11) =    -13.32610  eV     1   --> G_2            
     e( 12 - 12) =    -13.29859  eV     1   --> G_2            
     e( 13 - 13) =     -7.82033  eV     1   --> G_2            
     e( 14 - 14) =     -7.81483  eV     1   --> G_2            
     e( 15 - 15) =     -6.69322  eV     1   --> G_2            
     e( 16 - 16) =     -6.68362  eV     1   --> G_2            
     e( 17 - 17) =     -5.46219  eV     1   --> G_2            
     e( 18 - 18) =     -5.43493  eV     1   --> G_2            
     e( 19 - 19) =     -5.40677  eV     1   --> G_2            
     e( 20 - 20) =     -5.40508  eV     1   --> G_2            
     e( 21 - 21) =     -4.04784  eV     1   --> G_2            
     e( 22 - 22) =     -4.04325  eV     1   --> G_2            
     e( 23 - 23) =     -3.04336  eV     1   --> G_2            
     e( 24 - 24) =     -3.02854  eV     1   --> G_2            
     e( 25 - 25) =     -2.61267  eV     1   --> G_2            
     e( 26 - 26) =     -2.61243  eV     1   --> G_2            
     e( 27 - 27) =     -1.80150  eV     1   --> G_2            
     e( 28 - 28) =     -1.73845  eV     1   --> G_2            
     e( 29 - 29) =     -1.46300  eV     1   --> G_2            
     e( 30 - 30) =     -1.43194  eV     1   --> G_2            
     e( 31 - 31) =     -1.26015  eV     1   --> G_2            
     e( 32 - 32) =     -1.21356  eV     1   --> G_2            
     e( 33 - 33) =     -0.47003  eV     1   --> G_2            
     e( 34 - 34) =     -0.39883  eV     1   --> G_2            
     e( 35 - 35) =     -0.12324  eV     1   --> G_2            
     e( 36 - 36) =     -0.11897  eV     1   --> G_2            
     e( 37 - 37) =      1.38598  eV     1   --> G_2            
     e( 38 - 38) =      1.47013  eV     1   --> G_2            
     e( 39 - 39) =      1.56963  eV     1   --> G_2            
     e( 40 - 40) =      1.56995  eV     1   --> G_2            
     e( 41 - 41) =      2.15200  eV     1   --> G_2            
     e( 42 - 42) =      2.25072  eV     1   --> G_2            
     e( 43 - 43) =      2.92209  eV     1   --> G_2            
     e( 44 - 44) =      2.94812  eV     1   --> G_2            

 **************************************************************************

 **************************************************************************

                    xk=(   0.37838,   0.21846,   0.00000  )

     Band symmetry, C_1 (1)     double point group:

     e(  1 -  2) =    -61.51658  eV     2   -->   2 G_2            
     e(  3 -  3) =    -37.39050  eV     1   --> G_2            
     e(  4 -  4) =    -37.38792  eV     1   --> G_2            
     e(  5 -  5) =    -35.00262  eV     1   --> G_2            
     e(  6 -  6) =    -34.99771  eV     1   --> G_2            
     e(  7 -  7) =    -34.81922  eV     1   --> G_2            
     e(  8 -  8) =    -34.81776  eV     1   --> G_2            
     e(  9 -  9) =    -15.11558  eV     1   --> G_2            
     e( 10 - 10) =    -15.10630  eV     1   --> G_2            
     e( 11 - 11) =    -13.27906  eV     1   --> G_2            
     e( 12 - 12) =    -13.25353  eV     1   --> G_2            
     e( 13 - 13) =     -7.92178  eV     1   --> G_2            
     e( 14 - 14) =     -7.91642  eV     1   --> G_2            
     e( 15 - 15) =     -6.69595  eV     1   --> G_2            
     e( 16 - 16) =     -6.68766  eV     1   --> G_2            
     e( 17 - 17) =     -5.48896  eV     1   --> G_2            
     e( 18 - 18) =     -5.46173  eV     1   --> G_2            
     e( 19 - 19) =     -5.42643  eV     1   --> G_2            
     e( 20 - 20) =     -5.42442  eV     1   --> G_2            
     e( 21 - 21) =     -4.07710  eV     1   --> G_2            
     e( 22 - 22) =     -4.07357  eV     1   --> G_2            
     e( 23 - 23) =     -3.04748  eV     1   --> G_2            
     e( 24 - 24) =     -3.03389  eV     1   --> G_2            
     e( 25 - 25) =     -2.61182  eV     1   --> G_2            
     e( 26 - 26) =     -2.61060  eV     1   --> G_2            
     e( 27 - 27) =     -1.76669  eV     1   --> G_2            
     e( 28 - 28) =     -1.69884  eV     1   --> G_2            
     e( 29 - 29) =     -1.42799  eV     1   --> G_2            
     e( 30 - 30) =     -1.40255  eV     1   --> G_2            
     e( 31 - 31) =     -1.22748  eV     1   --> G_2            
     e( 32 - 32) =     -1.18250  eV     1   --> G_2            
     e( 33 - 33) =     -0.51784  eV     1   --> G_2            
     e( 34 - 34) =     -0.44598  eV     1   --> G_2            
     e( 35 - 35) =     -0.06728  eV     1   --> G_2            
     e( 36 - 36) =     -0.06554  eV     1   --> G_2            
     e( 37 - 37) =      1.40801  eV     1   --> G_2            
     e( 38 - 38) =      1.49563  eV     1   --> G_2            
     e( 39 - 39) =      1.55803  eV     1   --> G_2            
     e( 40 - 40) =      1.56097  eV     1   --> G_2            
     e( 41 - 41) =      2.15584  eV     1   --> G_2            
     e( 42 - 42) =      2.25503  eV     1   --> G_2            
     e( 43 - 43) =      2.91525  eV     1   --> G_2            
     e( 44 - 44) =      2.94092  eV     1   --> G_2            

 **************************************************************************

 **************************************************************************

                    xk=(   0.39189,   0.22626,   0.00000  )

     Band symmetry, C_1 (1)     double point group:

     e(  1 -  2) =    -61.51546  eV     2   -->   2 G_2            
     e(  3 -  3) =    -37.39362  eV     1   --> G_2            
     e(  4 -  4) =    -37.39128  eV     1   --> G_2            
     e(  5 -  5) =    -35.00730  eV     1   --> G_2            
     e(  6 -  6) =    -35.00286  eV     1   --> G_2            
     e(  7 -  7) =    -34.82195  eV     1   --> G_2            
     e(  8 -  8) =    -34.82064  eV     1   --> G_2            
     e(  9 -  9) =    -15.06281  eV     1   --> G_2            
     e( 10 - 10) =    -15.05434  eV     1   --> G_2            
     e( 11 - 11) =    -13.23483  eV     1   --> G_2            
     e( 12 - 12) =    -13.21150  eV     1   --> G_2            
     e( 13 - 13) =     -8.01532  eV     1   --> G_2            
     e( 14 - 14) =     -8.01020  eV     1   --> G_2            
     e( 15 - 15) =     -6.70330  eV     1   --> G_2            
     e( 16 - 16) =     -6.69616  eV     1   --> G_2            
     e( 17 - 17) =     -5.51033  eV     1   --> G_2            
     e( 18 - 18) =     -5.48421  eV     1   --> G_2            
     e( 19 - 19) =     -5.44403  eV     1   --> G_2            
     e( 20 - 20) =     -5.44210  eV     1   --> G_2            
     e( 21 - 21) =     -4.10675  eV     1   --> G_2            
     e( 22 - 22) =     -4.10415  eV     1   --> G_2            
     e( 23 - 23) =     -3.05142  eV     1   --> G_2            
     e( 24 - 24) =     -3.03914  eV     1   --> G_2            
     e( 25 - 25) =     -2.60941  eV     1   --> G_2            
     e( 26 - 26) =     -2.60716  eV     1   --> G_2            
     e( 27 - 27) =     -1.72652  eV     1   --> G_2            
     e( 28 - 28) =     -1.65396  eV     1   --> G_2            
     e( 29 - 29) =     -1.38931  eV     1   --> G_2            
     e( 30 - 30) =     -1.37055  eV     1   --> G_2            
     e( 31 - 31) =     -1.19605  eV     1   --> G_2            
     e( 32 - 32) =     -1.15298  eV     1   --> G_2            
     e( 33 - 33) =     -0.56777  eV     1   --> G_2            
     e( 34 - 34) =     -0.49650  eV     1   --> G_2            
     e( 35 - 35) =     -0.01774  eV     1   --> G_2            
     e( 36 - 36) =     -0.01714  eV     1   --> G_2            
     e( 37 - 37) =      1.43030  eV     1   --> G_2            
     e( 38 - 38) =      1.51510  eV     1   --> G_2            
     e( 39 - 39) =      1.55810  eV     1   --> G_2            
     e( 40 - 40) =      1.55903  eV     1   --> G_2            
     e( 41 - 41) =      2.15202  eV     1   --> G_2            
     e( 42 - 42) =      2.25067  eV     1   --> G_2            
     e( 43 - 43) =      2.90671  eV     1   --> G_2            
     e( 44 - 44) =      2.93161  eV     1   --> G_2            

 **************************************************************************

 **************************************************************************

                    xk=(   0.40541,   0.23406,   0.00000  )

     Band symmetry, C_1 (1)     double point group:

     e(  1 -  2) =    -61.51445  eV     2   -->   2 G_2            
     e(  3 -  3) =    -37.39642  eV     1   --> G_2            
     e(  4 -  4) =    -37.39434  eV     1   --> G_2            
     e(  5 -  5) =    -35.01156  eV     1   --> G_2            
     e(  6 -  6) =    -35.00762  eV     1   --> G_2            
     e(  7 -  7) =    -34.82426  eV     1   --> G_2            
     e(  8 -  8) =    -34.82311  eV     1   --> G_2            
     e(  9 -  9) =    -15.01446  eV     1   --> G_2            
     e( 10 - 10) =    -15.00687  eV     1   --> G_2            
     e( 11 - 11) =    -13.19393  eV     1   --> G_2            
     e( 12 - 12) =    -13.17303  eV     1   --> G_2            
     e( 13 - 13) =     -8.10013  eV     1   --> G_2            
     e( 14 - 14) =     -8.09536  eV     1   --> G_2            
     e( 15 - 15) =     -6.71401  eV     1   --> G_2            
     e( 16 - 16) =     -6.70789  eV     1   --> G_2            
     e( 17 - 17) =     -5.52680  eV     1   --> G_2            
     e( 18 - 18) =     -5.50256  eV     1   --> G_2            
     e( 19 - 19) =     -5.45973  eV     1   --> G_2            
     e( 20 - 20) =     -5.45801  eV     1   --> G_2            
     e( 21 - 21) =     -4.13572  eV     1   --> G_2            
     e( 22 - 22) =     -4.13391  eV     1   --> G_2            
     e( 23 - 23) =     -3.05507  eV     1   --> G_2            
     e( 24 - 24) =     -3.04418  eV     1   --> G_2            
     e( 25 - 25) =     -2.60576  eV     1   --> G_2            
     e( 26 - 26) =     -2.60288  eV     1   --> G_2            
     e( 27 - 27) =     -1.68187  eV     1   --> G_2            
     e( 28 - 28) =     -1.60494  eV     1   --> G_2            
     e( 29 - 29) =     -1.34846  eV     1   --> G_2            
     e( 30 - 30) =     -1.33725  eV     1   --> G_2            
     e( 31 - 31) =     -1.16633  eV     1   --> G_2            
     e( 32 - 32) =     -1.12547  eV     1   --> G_2            
     e( 33 - 33) =     -0.61915  eV     1   --> G_2            
     e( 34 - 34) =     -0.54990  eV     1   --> G_2            
     e( 35 - 35) =      0.02373  eV     1   --> G_2            
     e( 36 - 36) =      0.02632  eV     1   --> G_2            
     e( 37 - 37) =      1.45207  eV     1   --> G_2            
     e( 38 - 38) =      1.52350  eV     1   --> G_2            
     e( 39 - 39) =      1.56351  eV     1   --> G_2            
     e( 40 - 40) =      1.57394  eV     1   --> G_2            
     e( 41 - 41) =      2.14210  eV     1   --> G_2            
     e( 42 - 42) =      2.23883  eV     1   --> G_2            
     e( 43 - 43) =      2.89709  eV     1   --> G_2            
     e( 44 - 44) =      2.92076  eV     1   --> G_2            

 **************************************************************************

 **************************************************************************

                    xk=(   0.41892,   0.24186,   0.00000  )

     Band symmetry, C_1 (1)     double point group:

     e(  1 -  2) =    -61.51356  eV     2   -->   2 G_2            
     e(  3 -  3) =    -37.39889  eV     1   --> G_2            
     e(  4 -  4) =    -37.39707  eV     1   --> G_2            
     e(  5 -  5) =    -35.01536  eV     1   --> G_2            
     e(  6 -  6) =    -35.01194  eV     1   --> G_2            
     e(  7 -  7) =    -34.82619  eV     1   --> G_2            
     e(  8 -  8) =    -34.82520  eV     1   --> G_2            
     e(  9 -  9) =    -14.97111  eV     1   --> G_2            
     e( 10 - 10) =    -14.96447  eV     1   --> G_2            
     e( 11 - 11) =    -13.15691  eV     1   --> G_2            
     e( 12 - 12) =    -13.13861  eV     1   --> G_2            
     e( 13 - 13) =     -8.17544  eV     1   --> G_2            
     e( 14 - 14) =     -8.17111  eV     1   --> G_2            
     e( 15 - 15) =     -6.72668  eV     1   --> G_2            
     e( 16 - 16) =     -6.72149  eV     1   --> G_2            
     e( 17 - 17) =     -5.53903  eV     1   --> G_2            
     e( 18 - 18) =     -5.51728  eV     1   --> G_2            
     e( 19 - 19) =     -5.47349  eV     1   --> G_2            
     e( 20 - 20) =     -5.47206  eV     1   --> G_2            
     e( 21 - 21) =     -4.16300  eV     1   --> G_2            
     e( 22 - 22) =     -4.16181  eV     1   --> G_2            
     e( 23 - 23) =     -3.05834  eV     1   --> G_2            
     e( 24 - 24) =     -3.04890  eV     1   --> G_2            
     e( 25 - 25) =     -2.60144  eV     1   --> G_2            
     e( 26 - 26) =     -2.59829  eV     1   --> G_2            
     e( 27 - 27) =     -1.63367  eV     1   --> G_2            
     e( 28 - 28) =     -1.55313  eV     1   --> G_2            
     e( 29 - 29) =     -1.30719  eV     1   --> G_2            
     e( 30 - 30) =     -1.30413  eV     1   --> G_2            
     e( 31 - 31) =     -1.13891  eV     1   --> G_2            
     e( 32 - 32) =     -1.10051  eV     1   --> G_2            
     e( 33 - 33) =     -0.67117  eV     1   --> G_2            
     e( 34 - 34) =     -0.60556  eV     1   --> G_2            
     e( 35 - 35) =      0.05857  eV     1   --> G_2            
     e( 36 - 36) =      0.06264  eV     1   --> G_2            
     e( 37 - 37) =      1.47282  eV     1   --> G_2            
     e( 38 - 38) =      1.52795  eV     1   --> G_2            
     e( 39 - 39) =      1.57339  eV     1   --> G_2            
     e( 40 - 40) =      1.59667  eV     1   --> G_2            
     e( 41 - 41) =      2.12818  eV     1   --> G_2            
     e( 42 - 42) =      2.22114  eV     1   --> G_2            
     e( 43 - 43) =      2.88706  eV     1   --> G_2            
     e( 44 - 44) =      2.90897  eV     1   --> G_2            

 **************************************************************************

 **************************************************************************

                    xk=(   0.43243,   0.24967,   0.00000  )

     Band symmetry, C_1 (1)     double point group:

     e(  1 -  2) =    -61.51279  eV     2   -->   2 G_2            
     e(  3 -  3) =    -37.40098  eV     1   --> G_2            
     e(  4 -  4) =    -37.39945  eV     1   --> G_2            
     e(  5 -  5) =    -35.01862  eV     1   --> G_2            
     e(  6 -  6) =    -35.01574  eV     1   --> G_2            
     e(  7 -  7) =    -34.82777  eV     1   --> G_2            
     e(  8 -  8) =    -34.82694  eV     1   --> G_2            
     e(  9 -  9) =    -14.93329  eV     1   --> G_2            
     e( 10 - 10) =    -14.92766  eV     1   --> G_2            
     e( 11 - 11) =    -13.12427  eV     1   --> G_2            
     e( 12 - 12) =    -13.10875  eV     1   --> G_2            
     e( 13 - 13) =     -8.24051  eV     1   --> G_2            
     e( 14 - 14) =     -8.23674  eV     1   --> G_2            
     e( 15 - 15) =     -6.73997  eV     1   --> G_2            
     e( 16 - 16) =     -6.73565  eV     1   --> G_2            
     e( 17 - 17) =     -5.54773  eV     1   --> G_2            
     e( 18 - 18) =     -5.52897  eV     1   --> G_2            
     e( 19 - 19) =     -5.48526  eV     1   --> G_2            
     e( 20 - 20) =     -5.48413  eV     1   --> G_2            
     e( 21 - 21) =     -4.18766  eV     1   --> G_2            
     e( 22 - 22) =     -4.18695  eV     1   --> G_2            
     e( 23 - 23) =     -3.06114  eV     1   --> G_2            
     e( 24 - 24) =     -3.05320  eV     1   --> G_2            
     e( 25 - 25) =     -2.59695  eV     1   --> G_2            
     e( 26 - 26) =     -2.59384  eV     1   --> G_2            
     e( 27 - 27) =     -1.58304  eV     1   --> G_2            
     e( 28 - 28) =     -1.50033  eV     1   --> G_2            
     e( 29 - 29) =     -1.27261  eV     1   --> G_2            
     e( 30 - 30) =     -1.26736  eV     1   --> G_2            
     e( 31 - 31) =     -1.11437  eV     1   --> G_2            
     e( 32 - 32) =     -1.07866  eV     1   --> G_2            
     e( 33 - 33) =     -0.72263  eV     1   --> G_2            
     e( 34 - 34) =     -0.66264  eV     1   --> G_2            
     e( 35 - 35) =      0.08688  eV     1   --> G_2            
     e( 36 - 36) =      0.09179  eV     1   --> G_2            
     e( 37 - 37) =      1.49236  eV     1   --> G_2            
     e( 38 - 38) =      1.53348  eV     1   --> G_2            
     e( 39 - 39) =      1.58713  eV     1   --> G_2            
     e( 40 - 40) =      1.61902  eV     1   --> G_2            
     e( 41 - 41) =      2.11275  eV     1   --> G_2            
     e( 42 - 42) =      2.19942  eV     1   --> G_2            
     e( 43 - 43) =      2.87730  eV     1   --> G_2            
     e( 44 - 44) =      2.89688  eV     1   --> G_2            

 **************************************************************************

 **************************************************************************

                    xk=(   0.44595,   0.25747,   0.00000  )

     Band symmetry, C_1 (1)     double point group:

     e(  1 -  2) =    -61.51216  eV     2   -->   2 G_2            
     e(  3 -  3) =    -37.40270  eV     1   --> G_2            
     e(  4 -  4) =    -37.40146  eV     1   --> G_2            
     e(  5 -  5) =    -35.02130  eV     1   --> G_2            
     e(  6 -  6) =    -35.01898  eV     1   --> G_2            
     e(  7 -  7) =    -34.82901  eV     1   --> G_2            
     e(  8 -  8) =    -34.82835  eV     1   --> G_2            
     e(  9 -  9) =    -14.90149  eV     1   --> G_2            
     e( 10 - 10) =    -14.89693  eV     1   --> G_2            
     e( 11 - 11) =    -13.09650  eV     1   --> G_2            
     e( 12 - 12) =    -13.08391  eV     1   --> G_2            
     e( 13 - 13) =     -8.29468  eV     1   --> G_2            
     e( 14 - 14) =     -8.29155  eV     1   --> G_2            
     e( 15 - 15) =     -6.75261  eV     1   --> G_2            
     e( 16 - 16) =     -6.74913  eV     1   --> G_2            
     e( 17 - 17) =     -5.55354  eV     1   --> G_2            
     e( 18 - 18) =     -5.53817  eV     1   --> G_2            
     e( 19 - 19) =     -5.49496  eV     1   --> G_2            
     e( 20 - 20) =     -5.49412  eV     1   --> G_2            
     e( 21 - 21) =     -4.20892  eV     1   --> G_2            
     e( 22 - 22) =     -4.20855  eV     1   --> G_2            
     e( 23 - 23) =     -3.06340  eV     1   --> G_2            
     e( 24 - 24) =     -3.05700  eV     1   --> G_2            
     e( 25 - 25) =     -2.59270  eV     1   --> G_2            
     e( 26 - 26) =     -2.58991  eV     1   --> G_2            
     e( 27 - 27) =     -1.53140  eV     1   --> G_2            
     e( 28 - 28) =     -1.44928  eV     1   --> G_2            
     e( 29 - 29) =     -1.24378  eV     1   --> G_2            
     e( 30 - 30) =     -1.23086  eV     1   --> G_2            
     e( 31 - 31) =     -1.09330  eV     1   --> G_2            
     e( 32 - 32) =     -1.06057  eV     1   --> G_2            
     e( 33 - 33) =     -0.77178  eV     1   --> G_2            
     e( 34 - 34) =     -0.71982  eV     1   --> G_2            
     e( 35 - 35) =      0.10903  eV     1   --> G_2            
     e( 36 - 36) =      0.11408  eV     1   --> G_2            
     e( 37 - 37) =      1.51047  eV     1   --> G_2            
     e( 38 - 38) =      1.54033  eV     1   --> G_2            
     e( 39 - 39) =      1.60295  eV     1   --> G_2            
     e( 40 - 40) =      1.63807  eV     1   --> G_2            
     e( 41 - 41) =      2.09844  eV     1   --> G_2            
     e( 42 - 42) =      2.17555  eV     1   --> G_2            
     e( 43 - 43) =      2.86853  eV     1   --> G_2            
     e( 44 - 44) =      2.88518  eV     1   --> G_2            

 **************************************************************************

 **************************************************************************

                    xk=(   0.45946,   0.26527,   0.00000  )

     Band symmetry, C_1 (1)     double point group:

     e(  1 -  2) =    -61.51166  eV     2   -->   2 G_2            
     e(  3 -  3) =    -37.40401  eV     1   --> G_2            
     e(  4 -  4) =    -37.40307  eV     1   --> G_2            
     e(  5 -  5) =    -35.02336  eV     1   --> G_2            
     e(  6 -  6) =    -35.02162  eV     1   --> G_2            
     e(  7 -  7) =    -34.82994  eV     1   --> G_2            
     e(  8 -  8) =    -34.82944  eV     1   --> G_2            
     e(  9 -  9) =    -14.87615  eV     1   --> G_2            
     e( 10 - 10) =    -14.87269  eV     1   --> G_2            
     e( 11 - 11) =    -13.07404  eV     1   --> G_2            
     e( 12 - 12) =    -13.06450  eV     1   --> G_2            
     e( 13 - 13) =     -8.33737  eV     1   --> G_2            
     e( 14 - 14) =     -8.33495  eV     1   --> G_2            
     e( 15 - 15) =     -6.76351  eV     1   --> G_2            
     e( 16 - 16) =     -6.76088  eV     1   --> G_2            
     e( 17 - 17) =     -5.55704  eV     1   --> G_2            
     e( 18 - 18) =     -5.54532  eV     1   --> G_2            
     e( 19 - 19) =     -5.50253  eV     1   --> G_2            
     e( 20 - 20) =     -5.50197  eV     1   --> G_2            
     e( 21 - 21) =     -4.22613  eV     1   --> G_2            
     e( 22 - 22) =     -4.22598  eV     1   --> G_2            
     e( 23 - 23) =     -3.06504  eV     1   --> G_2            
     e( 24 - 24) =     -3.06022  eV     1   --> G_2            
     e( 25 - 25) =     -2.58901  eV     1   --> G_2            
     e( 26 - 26) =     -2.58673  eV     1   --> G_2            
     e( 27 - 27) =     -1.48074  eV     1   --> G_2            
     e( 28 - 28) =     -1.40435  eV     1   --> G_2            
     e( 29 - 29) =     -1.21786  eV     1   --> G_2            
     e( 30 - 30) =     -1.19958  eV     1   --> G_2            
     e( 31 - 31) =     -1.07612  eV     1   --> G_2            
     e( 32 - 32) =     -1.04701  eV     1   --> G_2            
     e( 33 - 33) =     -0.81603  eV     1   --> G_2            
     e( 34 - 34) =     -0.77484  eV     1   --> G_2            
     e( 35 - 35) =      0.12559  eV     1   --> G_2            
     e( 36 - 36) =      0.13011  eV     1   --> G_2            
     e( 37 - 37) =      1.52664  eV     1   --> G_2            
     e( 38 - 38) =      1.54739  eV     1   --> G_2            
     e( 39 - 39) =      1.61918  eV     1   --> G_2            
     e( 40 - 40) =      1.65210  eV     1   --> G_2            
     e( 41 - 41) =      2.08779  eV     1   --> G_2            
     e( 42 - 42) =      2.15133  eV     1   --> G_2            
     e( 43 - 43) =      2.86144  eV     1   --> G_2            
     e( 44 - 44) =      2.87456  eV     1   --> G_2            

 **************************************************************************

 **************************************************************************

                    xk=(   0.47297,   0.27307,   0.00000  )

     Band symmetry, C_1 (1)     double point group:

     e(  1 -  2) =    -61.51130  eV     2   -->   2 G_2            
     e(  3 -  3) =    -37.40491  eV     1   --> G_2            
     e(  4 -  4) =    -37.40428  eV     1   --> G_2            
     e(  5 -  5) =    -35.02477  eV     1   --> G_2            
     e(  6 -  6) =    -35.02360  eV     1   --> G_2            
     e(  7 -  7) =    -34.83056  eV     1   --> G_2            
     e(  8 -  8) =    -34.83023  eV     1   --> G_2            
     e(  9 -  9) =    -14.85762  eV     1   --> G_2            
     e( 10 - 10) =    -14.85529  eV     1   --> G_2            
     e( 11 - 11) =    -13.05725  eV     1   --> G_2            
     e( 12 - 12) =    -13.05084  eV     1   --> G_2            
     e( 13 - 13) =     -8.36810  eV     1   --> G_2            
     e( 14 - 14) =     -8.36645  eV     1   --> G_2            
     e( 15 - 15) =     -6.77179  eV     1   --> G_2            
     e( 16 - 16) =     -6.77002  eV     1   --> G_2            
     e( 17 - 17) =     -5.55866  eV     1   --> G_2            
     e( 18 - 18) =     -5.55077  eV     1   --> G_2            
     e( 19 - 19) =     -5.50795  eV     1   --> G_2            
     e( 20 - 20) =     -5.50761  eV     1   --> G_2            
     e( 21 - 22) =     -4.23879  eV     2   -->   2 G_2            
     e( 23 - 23) =     -3.06602  eV     1   --> G_2            
     e( 24 - 24) =     -3.06279  eV     1   --> G_2            
     e( 25 - 25) =     -2.58609  eV     1   --> G_2            
     e( 26 - 26) =     -2.58449  eV     1   --> G_2            
     e( 27 - 27) =     -1.43379  eV     1   --> G_2            
     e( 28 - 28) =     -1.37205  eV     1   --> G_2            
     e( 29 - 29) =     -1.19418  eV     1   --> G_2            
     e( 30 - 30) =     -1.17560  eV     1   --> G_2            
     e( 31 - 31) =     -1.06281  eV     1   --> G_2            
     e( 32 - 32) =     -1.03908  eV     1   --> G_2            
     e( 33 - 33) =     -0.85171  eV     1   --> G_2            
     e( 34 - 34) =     -0.82386  eV     1   --> G_2            
     e( 35 - 35) =      0.13719  eV     1   --> G_2            
     e( 36 - 36) =      0.14057  eV     1   --> G_2            
     e( 37 - 37) =      1.54003  eV     1   --> G_2            
     e( 38 - 38) =      1.55310  eV     1   --> G_2            
     e( 39 - 39) =      1.63441  eV     1   --> G_2            
     e( 40 - 40) =      1.66000  eV     1   --> G_2            
     e( 41 - 41) =      2.08284  eV     1   --> G_2            
     e( 42 - 42) =      2.12850  eV     1   --> G_2            
     e( 43 - 43) =      2.85660  eV     1   --> G_2            
     e( 44 - 44) =      2.86568  eV     1   --> G_2            

 **************************************************************************

 **************************************************************************

                    xk=(   0.48649,   0.28087,   0.00000  )

     Band symmetry, C_1 (1)     double point group:

     e(  1 -  2) =    -61.51108  eV     2   -->   2 G_2            
     e(  3 -  3) =    -37.40539  eV     1   --> G_2            
     e(  4 -  4) =    -37.40508  eV     1   --> G_2            
     e(  5 -  5) =    -35.02551  eV     1   --> G_2            
     e(  6 -  6) =    -35.02493  eV     1   --> G_2            
     e(  7 -  7) =    -34.83090  eV     1   --> G_2            
     e(  8 -  8) =    -34.83074  eV     1   --> G_2            
     e(  9 -  9) =    -14.84615  eV     1   --> G_2            
     e( 10 - 10) =    -14.84498  eV     1   --> G_2            
     e( 11 - 11) =    -13.04641  eV     1   --> G_2            
     e( 12 - 12) =    -13.04319  eV     1   --> G_2            
     e( 13 - 13) =     -8.38652  eV     1   --> G_2            
     e( 14 - 14) =     -8.38568  eV     1   --> G_2            
     e( 15 - 15) =     -6.77684  eV     1   --> G_2            
     e( 16 - 16) =     -6.77595  eV     1   --> G_2            
     e( 17 - 17) =     -5.55872  eV     1   --> G_2            
     e( 18 - 18) =     -5.55475  eV     1   --> G_2            
     e( 19 - 19) =     -5.51119  eV     1   --> G_2            
     e( 20 - 20) =     -5.51103  eV     1   --> G_2            
     e( 21 - 22) =     -4.24653  eV     2   -->   2 G_2            
     e( 23 - 23) =     -3.06630  eV     1   --> G_2            
     e( 24 - 24) =     -3.06468  eV     1   --> G_2            
     e( 25 - 25) =     -2.58411  eV     1   --> G_2            
     e( 26 - 26) =     -2.58329  eV     1   --> G_2            
     e( 27 - 27) =     -1.39441  eV     1   --> G_2            
     e( 28 - 28) =     -1.35908  eV     1   --> G_2            
     e( 29 - 29) =     -1.17339  eV     1   --> G_2            
     e( 30 - 30) =     -1.16160  eV     1   --> G_2            
     e( 31 - 31) =     -1.05236  eV     1   --> G_2            
     e( 32 - 32) =     -1.03801  eV     1   --> G_2            
     e( 33 - 33) =     -0.87414  eV     1   --> G_2            
     e( 34 - 34) =     -0.86066  eV     1   --> G_2            
     e( 35 - 35) =      0.14432  eV     1   --> G_2            
     e( 36 - 36) =      0.14613  eV     1   --> G_2            
     e( 37 - 37) =      1.54973  eV     1   --> G_2            
     e( 38 - 38) =      1.55603  eV     1   --> G_2            
     e( 39 - 39) =      1.64739  eV     1   --> G_2            
     e( 40 - 40) =      1.66142  eV     1   --> G_2            
     e( 41 - 41) =      2.08477  eV     1   --> G_2            
     e( 42 - 42) =      2.10874  eV     1   --> G_2            
     e( 43 - 43) =      2.85448  eV     1   --> G_2            
     e( 44 - 44) =      2.85912  eV     1   --> G_2            

 **************************************************************************

 **************************************************************************

                    xk=(   0.50000,   0.28868,   0.00000  )

     Band symmetry, C_1 (1)     double point group:

     e(  1 -  2) =    -61.51101  eV     2   -->   2 G_2            
     e(  3 -  4) =    -37.40545  eV     2   -->   2 G_2            
     e(  5 -  6) =    -35.02556  eV     2   -->   2 G_2            
     e(  7 -  8) =    -34.83096  eV     2   -->   2 G_2            
     e(  9 - 10) =    -14.84192  eV     2   -->   2 G_2            
     e( 11 - 12) =    -13.04170  eV     2   -->   2 G_2            
     e( 13 - 14) =     -8.39240  eV     2   -->   2 G_2            
     e( 15 - 16) =     -6.77826  eV     2   -->   2 G_2            
     e( 17 - 18) =     -5.55739  eV     2   -->   2 G_2            
     e( 19 - 20) =     -5.51222  eV     2   -->   2 G_2            
     e( 21 - 22) =     -4.24914  eV     2   -->   2 G_2            
     e( 23 - 24) =     -3.06586  eV     2   -->   2 G_2            
     e( 25 - 26) =     -2.58316  eV     2   -->   2 G_2            
     e( 27 - 28) =     -1.36767  eV     2   -->   2 G_2            
     e( 29 - 30) =     -1.16072  eV     2   -->   2 G_2            
     e( 31 - 32) =     -1.04353  eV     2   -->   2 G_2            
     e( 33 - 34) =     -0.87823  eV     2   -->   2 G_2            
     e( 35 - 36) =      0.14729  eV     2   -->   2 G_2            
     e( 37 - 38) =      1.55510  eV     2   -->   2 G_2            
     e( 39 - 40) =      1.65684  eV     2   -->   2 G_2            
     e( 41 - 42) =      2.09369  eV     2   -->   2 G_2            
     e( 43 - 44) =      2.85531  eV     2   -->   2 G_2            

 **************************************************************************

 **************************************************************************

                    xk=(   0.49383,   0.29937,   0.00000  )

     Band symmetry, C_1 (1)     double point group:

     e(  1 -  2) =    -61.51100  eV     2   -->   2 G_2            
     e(  3 -  3) =    -37.40608  eV     1   --> G_2            
     e(  4 -  4) =    -37.40487  eV     1   --> G_2            
     e(  5 -  5) =    -35.02569  eV     1   --> G_2            
     e(  6 -  6) =    -35.02520  eV     1   --> G_2            
     e(  7 -  7) =    -34.83184  eV     1   --> G_2            
     e(  8 -  8) =    -34.83059  eV     1   --> G_2            
     e(  9 -  9) =    -14.84211  eV     1   --> G_2            
     e( 10 - 10) =    -14.84050  eV     1   --> G_2            
     e( 11 - 11) =    -13.04209  eV     1   --> G_2            
     e( 12 - 12) =    -13.04003  eV     1   --> G_2            
     e( 13 - 13) =     -8.39156  eV     1   --> G_2            
     e( 14 - 14) =     -8.39047  eV     1   --> G_2            
     e( 15 - 15) =     -6.77780  eV     1   --> G_2            
     e( 16 - 16) =     -6.77617  eV     1   --> G_2            
     e( 17 - 17) =     -5.58962  eV     1   --> G_2            
     e( 18 - 18) =     -5.56920  eV     1   --> G_2            
     e( 19 - 19) =     -5.50503  eV     1   --> G_2            
     e( 20 - 20) =     -5.48238  eV     1   --> G_2            
     e( 21 - 21) =     -4.24979  eV     1   --> G_2            
     e( 22 - 22) =     -4.24907  eV     1   --> G_2            
     e( 23 - 23) =     -3.07834  eV     1   --> G_2            
     e( 24 - 24) =     -3.06240  eV     1   --> G_2            
     e( 25 - 25) =     -2.58950  eV     1   --> G_2            
     e( 26 - 26) =     -2.57144  eV     1   --> G_2            
     e( 27 - 27) =     -1.37929  eV     1   --> G_2            
     e( 28 - 28) =     -1.36122  eV     1   --> G_2            
     e( 29 - 29) =     -1.16671  eV     1   --> G_2            
     e( 30 - 30) =     -1.15860  eV     1   --> G_2            
     e( 31 - 31) =     -1.05111  eV     1   --> G_2            
     e( 32 - 32) =     -1.03048  eV     1   --> G_2            
     e( 33 - 33) =     -0.88574  eV     1   --> G_2            
     e( 34 - 34) =     -0.87096  eV     1   --> G_2            
     e( 35 - 35) =      0.14393  eV     1   --> G_2            
     e( 36 - 36) =      0.14894  eV     1   --> G_2            
     e( 37 - 37) =      1.53459  eV     1   --> G_2            
     e( 38 - 38) =      1.56348  eV     1   --> G_2            
     e( 39 - 39) =      1.64736  eV     1   --> G_2            
     e( 40 - 40) =      1.68444  eV     1   --> G_2            
     e( 41 - 41) =      2.09273  eV     1   --> G_2            
     e( 42 - 42) =      2.09726  eV     1   --> G_2            
     e( 43 - 43) =      2.84579  eV     1   --> G_2            
     e( 44 - 44) =      2.85142  eV     1   --> G_2            

 **************************************************************************

 **************************************************************************

                    xk=(   0.48765,   0.31006,   0.00000  )

     Band symmetry, C_1 (1)     double point group:

     e(  1 -  2) =    -61.51095  eV     2   -->   2 G_2            
     e(  3 -  3) =    -37.40676  eV     1   --> G_2            
     e(  4 -  4) =    -37.40434  eV     1   --> G_2            
     e(  5 -  5) =    -35.02559  eV     1   --> G_2            
     e(  6 -  6) =    -35.02461  eV     1   --> G_2            
     e(  7 -  7) =    -34.83323  eV     1   --> G_2            
     e(  8 -  8) =    -34.83072  eV     1   --> G_2            
     e(  9 -  9) =    -14.84107  eV     1   --> G_2            
     e( 10 - 10) =    -14.83785  eV     1   --> G_2            
     e( 11 - 11) =    -13.04121  eV     1   --> G_2            
     e( 12 - 12) =    -13.03710  eV     1   --> G_2            
     e( 13 - 13) =     -8.38796  eV     1   --> G_2            
     e( 14 - 14) =     -8.38577  eV     1   --> G_2            
     e( 15 - 15) =     -6.77480  eV     1   --> G_2            
     e( 16 - 16) =     -6.77156  eV     1   --> G_2            
     e( 17 - 17) =     -5.63075  eV     1   --> G_2            
     e( 18 - 18) =     -5.60941  eV     1   --> G_2            
     e( 19 - 19) =     -5.47644  eV     1   --> G_2            
     e( 20 - 20) =     -5.45064  eV     1   --> G_2            
     e( 21 - 21) =     -4.25102  eV     1   --> G_2            
     e( 22 - 22) =     -4.24960  eV     1   --> G_2            
     e( 23 - 23) =     -3.09884  eV     1   --> G_2            
     e( 24 - 24) =     -3.06840  eV     1   --> G_2            
     e( 25 - 25) =     -2.58998  eV     1   --> G_2            
     e( 26 - 26) =     -2.55526  eV     1   --> G_2            
     e( 27 - 27) =     -1.39489  eV     1   --> G_2            
     e( 28 - 28) =     -1.36064  eV     1   --> G_2            
     e( 29 - 29) =     -1.17588  eV     1   --> G_2            
     e( 30 - 30) =     -1.16109  eV     1   --> G_2            
     e( 31 - 31) =     -1.05244  eV     1   --> G_2            
     e( 32 - 32) =     -1.01361  eV     1   --> G_2            
     e( 33 - 33) =     -0.89390  eV     1   --> G_2            
     e( 34 - 34) =     -0.86297  eV     1   --> G_2            
     e( 35 - 35) =      0.13893  eV     1   --> G_2            
     e( 36 - 36) =      0.14886  eV     1   --> G_2            
     e( 37 - 37) =      1.51230  eV     1   --> G_2            
     e( 38 - 38) =      1.55221  eV     1   --> G_2            
     e( 39 - 39) =      1.66293  eV     1   --> G_2            
     e( 40 - 40) =      1.71972  eV     1   --> G_2            
     e( 41 - 41) =      2.09439  eV     1   --> G_2            
     e( 42 - 42) =      2.10393  eV     1   --> G_2            
     e( 43 - 43) =      2.82335  eV     1   --> G_2            
     e( 44 - 44) =      2.83441  eV     1   --> G_2            

 **************************************************************************

 **************************************************************************

                    xk=(   0.48148,   0.32075,   0.00000  )

     Band symmetry, C_1 (1)     double point group:

     e(  1 -  2) =    -61.51087  eV     2   -->   2 G_2            
     e(  3 -  3) =    -37.40749  eV     1   --> G_2            
     e(  4 -  4) =    -37.40386  eV     1   --> G_2            
     e(  5 -  5) =    -35.02525  eV     1   --> G_2            
     e(  6 -  6) =    -35.02378  eV     1   --> G_2            
     e(  7 -  7) =    -34.83511  eV     1   --> G_2            
     e(  8 -  8) =    -34.83136  eV     1   --> G_2            
     e(  9 -  9) =    -14.83881  eV     1   --> G_2            
     e( 10 - 10) =    -14.83399  eV     1   --> G_2            
     e( 11 - 11) =    -13.03907  eV     1   --> G_2            
     e( 12 - 12) =    -13.03292  eV     1   --> G_2            
     e( 13 - 13) =     -8.38161  eV     1   --> G_2            
     e( 14 - 14) =     -8.37834  eV     1   --> G_2            
     e( 15 - 15) =     -6.76935  eV     1   --> G_2            
     e( 16 - 16) =     -6.76452  eV     1   --> G_2            
     e( 17 - 17) =     -5.67597  eV     1   --> G_2            
     e( 18 - 18) =     -5.65531  eV     1   --> G_2            
     e( 19 - 19) =     -5.44903  eV     1   --> G_2            
     e( 20 - 20) =     -5.42168  eV     1   --> G_2            
     e( 21 - 21) =     -4.25286  eV     1   --> G_2            
     e( 22 - 22) =     -4.25079  eV     1   --> G_2            
     e( 23 - 23) =     -3.12604  eV     1   --> G_2            
     e( 24 - 24) =     -3.08348  eV     1   --> G_2            
     e( 25 - 25) =     -2.58480  eV     1   --> G_2            
     e( 26 - 26) =     -2.53573  eV     1   --> G_2            
     e( 27 - 27) =     -1.41317  eV     1   --> G_2            
     e( 28 - 28) =     -1.36576  eV     1   --> G_2            
     e( 29 - 29) =     -1.18793  eV     1   --> G_2            
     e( 30 - 30) =     -1.16835  eV     1   --> G_2            
     e( 31 - 31) =     -1.04859  eV     1   --> G_2            
     e( 32 - 32) =     -0.99490  eV     1   --> G_2            
     e( 33 - 33) =     -0.90240  eV     1   --> G_2            
     e( 34 - 34) =     -0.85282  eV     1   --> G_2            
     e( 35 - 35) =      0.13242  eV     1   --> G_2            
     e( 36 - 36) =      0.14712  eV     1   --> G_2            
     e( 37 - 37) =      1.49166  eV     1   --> G_2            
     e( 38 - 38) =      1.53260  eV     1   --> G_2            
     e( 39 - 39) =      1.69092  eV     1   --> G_2            
     e( 40 - 40) =      1.75839  eV     1   --> G_2            
     e( 41 - 41) =      2.09921  eV     1   --> G_2            
     e( 42 - 42) =      2.11464  eV     1   --> G_2            
     e( 43 - 43) =      2.78919  eV     1   --> G_2            
     e( 44 - 44) =      2.80533  eV     1   --> G_2            

 **************************************************************************

 **************************************************************************

                    xk=(   0.47531,   0.33144,   0.00000  )

     Band symmetry, C_1 (1)     double point group:

     e(  1 -  2) =    -61.51077  eV     2   -->   2 G_2            
     e(  3 -  3) =    -37.40826  eV     1   --> G_2            
     e(  4 -  4) =    -37.40344  eV     1   --> G_2            
     e(  5 -  5) =    -35.02469  eV     1   --> G_2            
     e(  6 -  6) =    -35.02273  eV     1   --> G_2            
     e(  7 -  7) =    -34.83747  eV     1   --> G_2            
     e(  8 -  8) =    -34.83250  eV     1   --> G_2            
     e(  9 -  9) =    -14.83536  eV     1   --> G_2            
     e( 10 - 10) =    -14.82895  eV     1   --> G_2            
     e( 11 - 11) =    -13.03569  eV     1   --> G_2            
     e( 12 - 12) =    -13.02752  eV     1   --> G_2            
     e( 13 - 13) =     -8.37254  eV     1   --> G_2            
     e( 14 - 14) =     -8.36821  eV     1   --> G_2            
     e( 15 - 15) =     -6.76156  eV     1   --> G_2            
     e( 16 - 16) =     -6.75521  eV     1   --> G_2            
     e( 17 - 17) =     -5.72450  eV     1   --> G_2            
     e( 18 - 18) =     -5.70474  eV     1   --> G_2            
     e( 19 - 19) =     -5.42478  eV     1   --> G_2            
     e( 20 - 20) =     -5.39611  eV     1   --> G_2            
     e( 21 - 21) =     -4.25538  eV     1   --> G_2            
     e( 22 - 22) =     -4.25272  eV     1   --> G_2            
     e( 23 - 23) =     -3.15857  eV     1   --> G_2            
     e( 24 - 24) =     -3.10657  eV     1   --> G_2            
     e( 25 - 25) =     -2.57469  eV     1   --> G_2            
     e( 26 - 26) =     -2.51385  eV     1   --> G_2            
     e( 27 - 27) =     -1.43297  eV     1   --> G_2            
     e( 28 - 28) =     -1.37565  eV     1   --> G_2            
     e( 29 - 29) =     -1.20274  eV     1   --> G_2            
     e( 30 - 30) =     -1.17980  eV     1   --> G_2            
     e( 31 - 31) =     -1.04257  eV     1   --> G_2            
     e( 32 - 32) =     -0.97717  eV     1   --> G_2            
     e( 33 - 33) =     -0.90926  eV     1   --> G_2            
     e( 34 - 34) =     -0.83880  eV     1   --> G_2            
     e( 35 - 35) =      0.12462  eV     1   --> G_2            
     e( 36 - 36) =      0.14384  eV     1   --> G_2            
     e( 37 - 37) =      1.47355  eV     1   --> G_2            
     e( 38 - 38) =      1.51260  eV     1   --> G_2            
     e( 39 - 39) =      1.72133  eV     1   --> G_2            
     e( 40 - 40) =      1.79774  eV     1   --> G_2            
     e( 41 - 41) =      2.10845  eV     1   --> G_2            
     e( 42 - 42) =      2.13088  eV     1   --> G_2            
     e( 43 - 43) =      2.74511  eV     1   --> G_2            
     e( 44 - 44) =      2.76584  eV     1   --> G_2            

 **************************************************************************

 **************************************************************************

                    xk=(   0.46914,   0.34213,   0.00000  )

     Band symmetry, C_1 (1)     double point group:

     e(  1 -  2) =    -61.51064  eV     2   -->   2 G_2            
     e(  3 -  3) =    -37.40906  eV     1   --> G_2            
     e(  4 -  4) =    -37.40307  eV     1   --> G_2            
     e(  5 -  5) =    -35.02389  eV     1   --> G_2            
     e(  6 -  6) =    -35.02145  eV     1   --> G_2            
     e(  7 -  7) =    -34.84029  eV     1   --> G_2            
     e(  8 -  8) =    -34.83412  eV     1   --> G_2            
     e(  9 -  9) =    -14.83074  eV     1   --> G_2            
     e( 10 - 10) =    -14.82278  eV     1   --> G_2            
     e( 11 - 11) =    -13.03112  eV     1   --> G_2            
     e( 12 - 12) =    -13.02096  eV     1   --> G_2            
     e( 13 - 13) =     -8.36078  eV     1   --> G_2            
     e( 14 - 14) =     -8.35542  eV     1   --> G_2            
     e( 15 - 15) =     -6.75164  eV     1   --> G_2            
     e( 16 - 16) =     -6.74385  eV     1   --> G_2            
     e( 17 - 17) =     -5.77588  eV     1   --> G_2            
     e( 18 - 18) =     -5.75706  eV     1   --> G_2            
     e( 19 - 19) =     -5.40404  eV     1   --> G_2            
     e( 20 - 20) =     -5.37412  eV     1   --> G_2            
     e( 21 - 21) =     -4.25874  eV     1   --> G_2            
     e( 22 - 22) =     -4.25548  eV     1   --> G_2            
     e( 23 - 23) =     -3.19513  eV     1   --> G_2            
     e( 24 - 24) =     -3.13625  eV     1   --> G_2            
     e( 25 - 25) =     -2.56067  eV     1   --> G_2            
     e( 26 - 26) =     -2.49043  eV     1   --> G_2            
     e( 27 - 27) =     -1.45344  eV     1   --> G_2            
     e( 28 - 28) =     -1.38904  eV     1   --> G_2            
     e( 29 - 29) =     -1.22021  eV     1   --> G_2            
     e( 30 - 30) =     -1.19468  eV     1   --> G_2            
     e( 31 - 31) =     -1.03809  eV     1   --> G_2            
     e( 32 - 32) =     -0.96691  eV     1   --> G_2            
     e( 33 - 33) =     -0.90793  eV     1   --> G_2            
     e( 34 - 34) =     -0.81953  eV     1   --> G_2            
     e( 35 - 35) =      0.11577  eV     1   --> G_2            
     e( 36 - 36) =      0.13923  eV     1   --> G_2            
     e( 37 - 37) =      1.45798  eV     1   --> G_2            
     e( 38 - 38) =      1.49449  eV     1   --> G_2            
     e( 39 - 39) =      1.74924  eV     1   --> G_2            
     e( 40 - 40) =      1.83479  eV     1   --> G_2            
     e( 41 - 41) =      2.12423  eV     1   --> G_2            
     e( 42 - 42) =      2.15440  eV     1   --> G_2            
     e( 43 - 43) =      2.69329  eV     1   --> G_2            
     e( 44 - 44) =      2.71806  eV     1   --> G_2            

 **************************************************************************

 **************************************************************************

                    xk=(   0.46296,   0.35283,   0.00000  )

     Band symmetry, C_1 (1)     double point group:

     e(  1 -  2) =    -61.51049  eV     2   -->   2 G_2            
     e(  3 -  3) =    -37.40990  eV     1   --> G_2            
     e(  4 -  4) =    -37.40276  eV     1   --> G_2            
     e(  5 -  5) =    -35.02287  eV     1   --> G_2            
     e(  6 -  6) =    -35.01995  eV     1   --> G_2            
     e(  7 -  7) =    -34.84357  eV     1   --> G_2            
     e(  8 -  8) =    -34.83621  eV     1   --> G_2            
     e(  9 -  9) =    -14.82501  eV     1   --> G_2            
     e( 10 - 10) =    -14.81551  eV     1   --> G_2            
     e( 11 - 11) =    -13.02541  eV     1   --> G_2            
     e( 12 - 12) =    -13.01328  eV     1   --> G_2            
     e( 13 - 13) =     -8.34640  eV     1   --> G_2            
     e( 14 - 14) =     -8.34004  eV     1   --> G_2            
     e( 15 - 15) =     -6.73988  eV     1   --> G_2            
     e( 16 - 16) =     -6.73075  eV     1   --> G_2            
     e( 17 - 17) =     -5.82965  eV     1   --> G_2            
     e( 18 - 18) =     -5.81174  eV     1   --> G_2            
     e( 19 - 19) =     -5.38697  eV     1   --> G_2            
     e( 20 - 20) =     -5.35577  eV     1   --> G_2            
     e( 21 - 21) =     -4.26310  eV     1   --> G_2            
     e( 22 - 22) =     -4.25913  eV     1   --> G_2            
     e( 23 - 23) =     -3.23454  eV     1   --> G_2            
     e( 24 - 24) =     -3.17098  eV     1   --> G_2            
     e( 25 - 25) =     -2.54372  eV     1   --> G_2            
     e( 26 - 26) =     -2.46607  eV     1   --> G_2            
     e( 27 - 27) =     -1.47389  eV     1   --> G_2            
     e( 28 - 28) =     -1.40468  eV     1   --> G_2            
     e( 29 - 29) =     -1.24010  eV     1   --> G_2            
     e( 30 - 30) =     -1.21235  eV     1   --> G_2            
     e( 31 - 31) =     -1.03791  eV     1   --> G_2            
     e( 32 - 32) =     -0.97076  eV     1   --> G_2            
     e( 33 - 33) =     -0.89118  eV     1   --> G_2            
     e( 34 - 34) =     -0.79461  eV     1   --> G_2            
     e( 35 - 35) =      0.10620  eV     1   --> G_2            
     e( 36 - 36) =      0.13357  eV     1   --> G_2            
     e( 37 - 37) =      1.44454  eV     1   --> G_2            
     e( 38 - 38) =      1.47892  eV     1   --> G_2            
     e( 39 - 39) =      1.77131  eV     1   --> G_2            
     e( 40 - 40) =      1.86590  eV     1   --> G_2            
     e( 41 - 41) =      2.14940  eV     1   --> G_2            
     e( 42 - 42) =      2.18664  eV     1   --> G_2            
     e( 43 - 43) =      2.63626  eV     1   --> G_2            
     e( 44 - 44) =      2.66442  eV     1   --> G_2            

 **************************************************************************

 **************************************************************************

                    xk=(   0.45679,   0.36352,   0.00000  )

     Band symmetry, C_1 (1)     double point group:

     e(  1 -  2) =    -61.51030  eV     2   -->   2 G_2            
     e(  3 -  3) =    -37.41078  eV     1   --> G_2            
     e(  4 -  4) =    -37.40251  eV     1   --> G_2            
     e(  5 -  5) =    -35.02162  eV     1   --> G_2            
     e(  6 -  6) =    -35.01823  eV     1   --> G_2            
     e(  7 -  7) =    -34.84726  eV     1   --> G_2            
     e(  8 -  8) =    -34.83876  eV     1   --> G_2            
     e(  9 -  9) =    -14.81822  eV     1   --> G_2            
     e( 10 - 10) =    -14.80722  eV     1   --> G_2            
     e( 11 - 11) =    -13.01861  eV     1   --> G_2            
     e( 12 - 12) =    -13.00455  eV     1   --> G_2            
     e( 13 - 13) =     -8.32945  eV     1   --> G_2            
     e( 14 - 14) =     -8.32213  eV     1   --> G_2            
     e( 15 - 15) =     -6.72668  eV     1   --> G_2            
     e( 16 - 16) =     -6.71635  eV     1   --> G_2            
     e( 17 - 17) =     -5.88526  eV     1   --> G_2            
     e( 18 - 18) =     -5.86820  eV     1   --> G_2            
     e( 19 - 19) =     -5.37364  eV     1   --> G_2            
     e( 20 - 20) =     -5.34113  eV     1   --> G_2            
     e( 21 - 21) =     -4.26872  eV     1   --> G_2            
     e( 22 - 22) =     -4.26374  eV     1   --> G_2            
     e( 23 - 23) =     -3.27566  eV     1   --> G_2            
     e( 24 - 24) =     -3.20932  eV     1   --> G_2            
     e( 25 - 25) =     -2.52469  eV     1   --> G_2            
     e( 26 - 26) =     -2.44121  eV     1   --> G_2            
     e( 27 - 27) =     -1.49383  eV     1   --> G_2            
     e( 28 - 28) =     -1.42158  eV     1   --> G_2            
     e( 29 - 29) =     -1.26206  eV     1   --> G_2            
     e( 30 - 30) =     -1.23224  eV     1   --> G_2            
     e( 31 - 31) =     -1.04305  eV     1   --> G_2            
     e( 32 - 32) =     -0.98409  eV     1   --> G_2            
     e( 33 - 33) =     -0.86330  eV     1   --> G_2            
     e( 34 - 34) =     -0.76462  eV     1   --> G_2            
     e( 35 - 35) =      0.09625  eV     1   --> G_2            
     e( 36 - 36) =      0.12718  eV     1   --> G_2            
     e( 37 - 37) =      1.43253  eV     1   --> G_2            
     e( 38 - 38) =      1.46597  eV     1   --> G_2            
     e( 39 - 39) =      1.78536  eV     1   --> G_2            
     e( 40 - 40) =      1.88761  eV     1   --> G_2            
     e( 41 - 41) =      2.18637  eV     1   --> G_2            
     e( 42 - 42) =      2.22777  eV     1   --> G_2            
     e( 43 - 43) =      2.57714  eV     1   --> G_2            
     e( 44 - 44) =      2.60767  eV     1   --> G_2            

 **************************************************************************

 **************************************************************************

                    xk=(   0.45062,   0.37421,   0.00000  )

     Band symmetry, C_1 (1)     double point group:

     e(  1 -  2) =    -61.51010  eV     2   -->   2 G_2            
     e(  3 -  3) =    -37.41168  eV     1   --> G_2            
     e(  4 -  4) =    -37.40232  eV     1   --> G_2            
     e(  5 -  5) =    -35.02015  eV     1   --> G_2            
     e(  6 -  6) =    -35.01630  eV     1   --> G_2            
     e(  7 -  7) =    -34.85135  eV     1   --> G_2            
     e(  8 -  8) =    -34.84174  eV     1   --> G_2            
     e(  9 -  9) =    -14.81044  eV     1   --> G_2            
     e( 10 - 10) =    -14.79797  eV     1   --> G_2            
     e( 11 - 11) =    -13.01081  eV     1   --> G_2            
     e( 12 - 12) =    -12.99486  eV     1   --> G_2            
     e( 13 - 13) =     -8.31002  eV     1   --> G_2            
     e( 14 - 14) =     -8.30180  eV     1   --> G_2            
     e( 15 - 15) =     -6.71259  eV     1   --> G_2            
     e( 16 - 16) =     -6.70126  eV     1   --> G_2            
     e( 17 - 17) =     -5.94198  eV     1   --> G_2            
     e( 18 - 18) =     -5.92572  eV     1   --> G_2            
     e( 19 - 19) =     -5.36409  eV     1   --> G_2            
     e( 20 - 20) =     -5.33023  eV     1   --> G_2            
     e( 21 - 21) =     -4.27587  eV     1   --> G_2            
     e( 22 - 22) =     -4.26937  eV     1   --> G_2            
     e( 23 - 23) =     -3.31747  eV     1   --> G_2            
     e( 24 - 24) =     -3.24993  eV     1   --> G_2            
     e( 25 - 25) =     -2.50422  eV     1   --> G_2            
     e( 26 - 26) =     -2.41614  eV     1   --> G_2            
     e( 27 - 27) =     -1.51292  eV     1   --> G_2            
     e( 28 - 28) =     -1.43896  eV     1   --> G_2            
     e( 29 - 29) =     -1.28565  eV     1   --> G_2            
     e( 30 - 30) =     -1.25386  eV     1   --> G_2            
     e( 31 - 31) =     -1.05324  eV     1   --> G_2            
     e( 32 - 32) =     -1.00178  eV     1   --> G_2            
     e( 33 - 33) =     -0.82950  eV     1   --> G_2            
     e( 34 - 34) =     -0.73057  eV     1   --> G_2            
     e( 35 - 35) =      0.08629  eV     1   --> G_2            
     e( 36 - 36) =      0.12044  eV     1   --> G_2            
     e( 37 - 37) =      1.42120  eV     1   --> G_2            
     e( 38 - 38) =      1.45536  eV     1   --> G_2            
     e( 39 - 39) =      1.79045  eV     1   --> G_2            
     e( 40 - 40) =      1.89812  eV     1   --> G_2            
     e( 41 - 41) =      2.23516  eV     1   --> G_2            
     e( 42 - 42) =      2.27509  eV     1   --> G_2            
     e( 43 - 43) =      2.52076  eV     1   --> G_2            
     e( 44 - 44) =      2.55114  eV     1   --> G_2            

 **************************************************************************

 **************************************************************************

                    xk=(   0.44444,   0.38490,   0.00000  )

     Band symmetry, C_1 (1)     double point group:

     e(  1 -  2) =    -61.50987  eV     2   -->   2 G_2            
     e(  3 -  3) =    -37.41260  eV     1   --> G_2            
     e(  4 -  4) =    -37.40218  eV     1   --> G_2            
     e(  5 -  5) =    -35.01847  eV     1   --> G_2            
     e(  6 -  6) =    -35.01417  eV     1   --> G_2            
     e(  7 -  7) =    -34.85580  eV     1   --> G_2            
     e(  8 -  8) =    -34.84512  eV     1   --> G_2            
     e(  9 -  9) =    -14.80174  eV     1   --> G_2            
     e( 10 - 10) =    -14.78785  eV     1   --> G_2            
     e( 11 - 11) =    -13.00207  eV     1   --> G_2            
     e( 12 - 12) =    -12.98428  eV     1   --> G_2            
     e( 13 - 13) =     -8.28820  eV     1   --> G_2            
     e( 14 - 14) =     -8.27913  eV     1   --> G_2            
     e( 15 - 15) =     -6.69839  eV     1   --> G_2            
     e( 16 - 16) =     -6.68633  eV     1   --> G_2            
     e( 17 - 17) =     -5.99886  eV     1   --> G_2            
     e( 18 - 18) =     -5.98334  eV     1   --> G_2            
     e( 19 - 19) =     -5.35838  eV     1   --> G_2            
     e( 20 - 20) =     -5.32312  eV     1   --> G_2            
     e( 21 - 21) =     -4.28478  eV     1   --> G_2            
     e( 22 - 22) =     -4.27612  eV     1   --> G_2            
     e( 23 - 23) =     -3.35898  eV     1   --> G_2            
     e( 24 - 24) =     -3.29168  eV     1   --> G_2            
     e( 25 - 25) =     -2.48278  eV     1   --> G_2            
     e( 26 - 26) =     -2.39109  eV     1   --> G_2            
     e( 27 - 27) =     -1.53085  eV     1   --> G_2            
     e( 28 - 28) =     -1.45627  eV     1   --> G_2            
     e( 29 - 29) =     -1.31035  eV     1   --> G_2            
     e( 30 - 30) =     -1.27666  eV     1   --> G_2            
     e( 31 - 31) =     -1.06776  eV     1   --> G_2            
     e( 32 - 32) =     -1.02194  eV     1   --> G_2            
     e( 33 - 33) =     -0.79199  eV     1   --> G_2            
     e( 34 - 34) =     -0.69346  eV     1   --> G_2            
     e( 35 - 35) =      0.07673  eV     1   --> G_2            
     e( 36 - 36) =      0.11375  eV     1   --> G_2            
     e( 37 - 37) =      1.40986  eV     1   --> G_2            
     e( 38 - 38) =      1.44644  eV     1   --> G_2            
     e( 39 - 39) =      1.78653  eV     1   --> G_2            
     e( 40 - 40) =      1.89742  eV     1   --> G_2            
     e( 41 - 41) =      2.29198  eV     1   --> G_2            
     e( 42 - 42) =      2.31777  eV     1   --> G_2            
     e( 43 - 43) =      2.47932  eV     1   --> G_2            
     e( 44 - 44) =      2.49987  eV     1   --> G_2            

 **************************************************************************

 **************************************************************************

                    xk=(   0.43827,   0.39559,   0.00000  )

     Band symmetry, C_1 (1)     double point group:

     e(  1 -  2) =    -61.50963  eV     2   -->   2 G_2            
     e(  3 -  3) =    -37.41354  eV     1   --> G_2            
     e(  4 -  4) =    -37.40209  eV     1   --> G_2            
     e(  5 -  5) =    -35.01658  eV     1   --> G_2            
     e(  6 -  6) =    -35.01184  eV     1   --> G_2            
     e(  7 -  7) =    -34.86058  eV     1   --> G_2            
     e(  8 -  8) =    -34.84887  eV     1   --> G_2            
     e(  9 -  9) =    -14.79222  eV     1   --> G_2            
     e( 10 - 10) =    -14.77694  eV     1   --> G_2            
     e( 11 - 11) =    -12.99250  eV     1   --> G_2            
     e( 12 - 12) =    -12.97293  eV     1   --> G_2            
     e( 13 - 13) =     -8.26411  eV     1   --> G_2            
     e( 14 - 14) =     -8.25425  eV     1   --> G_2            
     e( 15 - 15) =     -6.68519  eV     1   --> G_2            
     e( 16 - 16) =     -6.67275  eV     1   --> G_2            
     e( 17 - 17) =     -6.05458  eV     1   --> G_2            
     e( 18 - 18) =     -6.03977  eV     1   --> G_2            
     e( 19 - 19) =     -5.35651  eV     1   --> G_2            
     e( 20 - 20) =     -5.31984  eV     1   --> G_2            
     e( 21 - 21) =     -4.29561  eV     1   --> G_2            
     e( 22 - 22) =     -4.28409  eV     1   --> G_2            
     e( 23 - 23) =     -3.39930  eV     1   --> G_2            
     e( 24 - 24) =     -3.33352  eV     1   --> G_2            
     e( 25 - 25) =     -2.46074  eV     1   --> G_2            
     e( 26 - 26) =     -2.36625  eV     1   --> G_2            
     e( 27 - 27) =     -1.54743  eV     1   --> G_2            
     e( 28 - 28) =     -1.47312  eV     1   --> G_2            
     e( 29 - 29) =     -1.33560  eV     1   --> G_2            
     e( 30 - 30) =     -1.30007  eV     1   --> G_2            
     e( 31 - 31) =     -1.08581  eV     1   --> G_2            
     e( 32 - 32) =     -1.04378  eV     1   --> G_2            
     e( 33 - 33) =     -0.75188  eV     1   --> G_2            
     e( 34 - 34) =     -0.65411  eV     1   --> G_2            
     e( 35 - 35) =      0.06797  eV     1   --> G_2            
     e( 36 - 36) =      0.10756  eV     1   --> G_2            
     e( 37 - 37) =      1.39799  eV     1   --> G_2            
     e( 38 - 38) =      1.43830  eV     1   --> G_2            
     e( 39 - 39) =      1.77387  eV     1   --> G_2            
     e( 40 - 40) =      1.88608  eV     1   --> G_2            
     e( 41 - 41) =      2.32400  eV     1   --> G_2            
     e( 42 - 42) =      2.34447  eV     1   --> G_2            
     e( 43 - 43) =      2.46761  eV     1   --> G_2            
     e( 44 - 44) =      2.48461  eV     1   --> G_2            

 **************************************************************************

 **************************************************************************

                    xk=(   0.43210,   0.40628,   0.00000  )

     Band symmetry, C_1 (1)     double point group:

     e(  1 -  2) =    -61.50938  eV     2   -->   2 G_2            
     e(  3 -  3) =    -37.41449  eV     1   --> G_2            
     e(  4 -  4) =    -37.40206  eV     1   --> G_2            
     e(  5 -  5) =    -35.01448  eV     1   --> G_2            
     e(  6 -  6) =    -35.00933  eV     1   --> G_2            
     e(  7 -  7) =    -34.86567  eV     1   --> G_2            
     e(  8 -  8) =    -34.85297  eV     1   --> G_2            
     e(  9 -  9) =    -14.78197  eV     1   --> G_2            
     e( 10 - 10) =    -14.76536  eV     1   --> G_2            
     e( 11 - 11) =    -12.98221  eV     1   --> G_2            
     e( 12 - 12) =    -12.96092  eV     1   --> G_2            
     e( 13 - 13) =     -8.23788  eV     1   --> G_2            
     e( 14 - 14) =     -8.22729  eV     1   --> G_2            
     e( 15 - 15) =     -6.67455  eV     1   --> G_2            
     e( 16 - 16) =     -6.66219  eV     1   --> G_2            
     e( 17 - 17) =     -6.10738  eV     1   --> G_2            
     e( 18 - 18) =     -6.09324  eV     1   --> G_2            
     e( 19 - 19) =     -5.35849  eV     1   --> G_2            
     e( 20 - 20) =     -5.32040  eV     1   --> G_2            
     e( 21 - 21) =     -4.30844  eV     1   --> G_2            
     e( 22 - 22) =     -4.29336  eV     1   --> G_2            
     e( 23 - 23) =     -3.43763  eV     1   --> G_2            
     e( 24 - 24) =     -3.37458  eV     1   --> G_2            
     e( 25 - 25) =     -2.43835  eV     1   --> G_2            
     e( 26 - 26) =     -2.34177  eV     1   --> G_2            
     e( 27 - 27) =     -1.56248  eV     1   --> G_2            
     e( 28 - 28) =     -1.48922  eV     1   --> G_2            
     e( 29 - 29) =     -1.36081  eV     1   --> G_2            
     e( 30 - 30) =     -1.32350  eV     1   --> G_2            
     e( 31 - 31) =     -1.10670  eV     1   --> G_2            
     e( 32 - 32) =     -1.06687  eV     1   --> G_2            
     e( 33 - 33) =     -0.70990  eV     1   --> G_2            
     e( 34 - 34) =     -0.61321  eV     1   --> G_2            
     e( 35 - 35) =      0.06040  eV     1   --> G_2            
     e( 36 - 36) =      0.10229  eV     1   --> G_2            
     e( 37 - 37) =      1.38513  eV     1   --> G_2            
     e( 38 - 38) =      1.42982  eV     1   --> G_2            
     e( 39 - 39) =      1.75277  eV     1   --> G_2            
     e( 40 - 40) =      1.86452  eV     1   --> G_2            
     e( 41 - 41) =      2.29276  eV     1   --> G_2            
     e( 42 - 42) =      2.35305  eV     1   --> G_2            
     e( 43 - 43) =      2.49256  eV     1   --> G_2            
     e( 44 - 44) =      2.54029  eV     1   --> G_2            

 **************************************************************************

 **************************************************************************

                    xk=(   0.42593,   0.41698,   0.00000  )

     Band symmetry, C_1 (1)     double point group:

     e(  1 -  2) =    -61.50911  eV     2   -->   2 G_2            
     e(  3 -  3) =    -37.41545  eV     1   --> G_2            
     e(  4 -  4) =    -37.40207  eV     1   --> G_2            
     e(  5 -  5) =    -35.01219  eV     1   --> G_2            
     e(  6 -  6) =    -35.00663  eV     1   --> G_2            
     e(  7 -  7) =    -34.87101  eV     1   --> G_2            
     e(  8 -  8) =    -34.85738  eV     1   --> G_2            
     e(  9 -  9) =    -14.77109  eV     1   --> G_2            
     e( 10 - 10) =    -14.75322  eV     1   --> G_2            
     e( 11 - 11) =    -12.97131  eV     1   --> G_2            
     e( 12 - 12) =    -12.94836  eV     1   --> G_2            
     e( 13 - 13) =     -8.20964  eV     1   --> G_2            
     e( 14 - 14) =     -8.19842  eV     1   --> G_2            
     e( 15 - 15) =     -6.66870  eV     1   --> G_2            
     e( 16 - 16) =     -6.65689  eV     1   --> G_2            
     e( 17 - 17) =     -6.15492  eV     1   --> G_2            
     e( 18 - 18) =     -6.14133  eV     1   --> G_2            
     e( 19 - 19) =     -5.36424  eV     1   --> G_2            
     e( 20 - 20) =     -5.32480  eV     1   --> G_2            
     e( 21 - 21) =     -4.32320  eV     1   --> G_2            
     e( 22 - 22) =     -4.30396  eV     1   --> G_2            
     e( 23 - 23) =     -3.47336  eV     1   --> G_2            
     e( 24 - 24) =     -3.41414  eV     1   --> G_2            
     e( 25 - 25) =     -2.41584  eV     1   --> G_2            
     e( 26 - 26) =     -2.31780  eV     1   --> G_2            
     e( 27 - 27) =     -1.57586  eV     1   --> G_2            
     e( 28 - 28) =     -1.50438  eV     1   --> G_2            
     e( 29 - 29) =     -1.38539  eV     1   --> G_2            
     e( 30 - 30) =     -1.34633  eV     1   --> G_2            
     e( 31 - 31) =     -1.12983  eV     1   --> G_2            
     e( 32 - 32) =     -1.09093  eV     1   --> G_2            
     e( 33 - 33) =     -0.66662  eV     1   --> G_2            
     e( 34 - 34) =     -0.57131  eV     1   --> G_2            
     e( 35 - 35) =      0.05441  eV     1   --> G_2            
     e( 36 - 36) =      0.09836  eV     1   --> G_2            
     e( 37 - 37) =      1.37090  eV     1   --> G_2            
     e( 38 - 38) =      1.41990  eV     1   --> G_2            
     e( 39 - 39) =      1.72358  eV     1   --> G_2            
     e( 40 - 40) =      1.83306  eV     1   --> G_2            
     e( 41 - 41) =      2.25361  eV     1   --> G_2            
     e( 42 - 42) =      2.32989  eV     1   --> G_2            
     e( 43 - 43) =      2.56386  eV     1   --> G_2            
     e( 44 - 44) =      2.61646  eV     1   --> G_2            

 **************************************************************************

 **************************************************************************

                    xk=(   0.41975,   0.42767,   0.00000  )

     Band symmetry, C_1 (1)     double point group:

     e(  1 -  2) =    -61.50883  eV     2   -->   2 G_2            
     e(  3 -  3) =    -37.41640  eV     1   --> G_2            
     e(  4 -  4) =    -37.40213  eV     1   --> G_2            
     e(  5 -  5) =    -35.00971  eV     1   --> G_2            
     e(  6 -  6) =    -35.00377  eV     1   --> G_2            
     e(  7 -  7) =    -34.87658  eV     1   --> G_2            
     e(  8 -  8) =    -34.86205  eV     1   --> G_2            
     e(  9 -  9) =    -14.75972  eV     1   --> G_2            
     e( 10 - 10) =    -14.74063  eV     1   --> G_2            
     e( 11 - 11) =    -12.95992  eV     1   --> G_2            
     e( 12 - 12) =    -12.93539  eV     1   --> G_2            
     e( 13 - 13) =     -8.17957  eV     1   --> G_2            
     e( 14 - 14) =     -8.16780  eV     1   --> G_2            
     e( 15 - 15) =     -6.67047  eV     1   --> G_2            
     e( 16 - 16) =     -6.65949  eV     1   --> G_2            
     e( 17 - 17) =     -6.19447  eV     1   --> G_2            
     e( 18 - 18) =     -6.18101  eV     1   --> G_2            
     e( 19 - 19) =     -5.37367  eV     1   --> G_2            
     e( 20 - 20) =     -5.33298  eV     1   --> G_2            
     e( 21 - 21) =     -4.33970  eV     1   --> G_2            
     e( 22 - 22) =     -4.31585  eV     1   --> G_2            
     e( 23 - 23) =     -3.50606  eV     1   --> G_2            
     e( 24 - 24) =     -3.45162  eV     1   --> G_2            
     e( 25 - 25) =     -2.39339  eV     1   --> G_2            
     e( 26 - 26) =     -2.29449  eV     1   --> G_2            
     e( 27 - 27) =     -1.58745  eV     1   --> G_2            
     e( 28 - 28) =     -1.51845  eV     1   --> G_2            
     e( 29 - 29) =     -1.40876  eV     1   --> G_2            
     e( 30 - 30) =     -1.36797  eV     1   --> G_2            
     e( 31 - 31) =     -1.15464  eV     1   --> G_2            
     e( 32 - 32) =     -1.11574  eV     1   --> G_2            
     e( 33 - 33) =     -0.62249  eV     1   --> G_2            
     e( 34 - 34) =     -0.52896  eV     1   --> G_2            
     e( 35 - 35) =      0.05035  eV     1   --> G_2            
     e( 36 - 36) =      0.09619  eV     1   --> G_2            
     e( 37 - 37) =      1.35493  eV     1   --> G_2            
     e( 38 - 38) =      1.40746  eV     1   --> G_2            
     e( 39 - 39) =      1.68708  eV     1   --> G_2            
     e( 40 - 40) =      1.79246  eV     1   --> G_2            
     e( 41 - 41) =      2.21895  eV     1   --> G_2            
     e( 42 - 42) =      2.30632  eV     1   --> G_2            
     e( 43 - 43) =      2.64938  eV     1   --> G_2            
     e( 44 - 44) =      2.70140  eV     1   --> G_2            

 **************************************************************************

 **************************************************************************

                    xk=(   0.41358,   0.43836,   0.00000  )

     Band symmetry, C_1 (1)     double point group:

     e(  1 -  2) =    -61.50854  eV     2   -->   2 G_2            
     e(  3 -  3) =    -37.41735  eV     1   --> G_2            
     e(  4 -  4) =    -37.40224  eV     1   --> G_2            
     e(  5 -  5) =    -35.00704  eV     1   --> G_2            
     e(  6 -  6) =    -35.00075  eV     1   --> G_2            
     e(  7 -  7) =    -34.88233  eV     1   --> G_2            
     e(  8 -  8) =    -34.86696  eV     1   --> G_2            
     e(  9 -  9) =    -14.74798  eV     1   --> G_2            
     e( 10 - 10) =    -14.72774  eV     1   --> G_2            
     e( 11 - 11) =    -12.94818  eV     1   --> G_2            
     e( 12 - 12) =    -12.92216  eV     1   --> G_2            
     e( 13 - 13) =     -8.14786  eV     1   --> G_2            
     e( 14 - 14) =     -8.13565  eV     1   --> G_2            
     e( 15 - 15) =     -6.68294  eV     1   --> G_2            
     e( 16 - 16) =     -6.67228  eV     1   --> G_2            
     e( 17 - 17) =     -6.22344  eV     1   --> G_2            
     e( 18 - 18) =     -6.20920  eV     1   --> G_2            
     e( 19 - 19) =     -5.38656  eV     1   --> G_2            
     e( 20 - 20) =     -5.34481  eV     1   --> G_2            
     e( 21 - 21) =     -4.35757  eV     1   --> G_2            
     e( 22 - 22) =     -4.32890  eV     1   --> G_2            
     e( 23 - 23) =     -3.53553  eV     1   --> G_2            
     e( 24 - 24) =     -3.48663  eV     1   --> G_2            
     e( 25 - 25) =     -2.37121  eV     1   --> G_2            
     e( 26 - 26) =     -2.27197  eV     1   --> G_2            
     e( 27 - 27) =     -1.59719  eV     1   --> G_2            
     e( 28 - 28) =     -1.53132  eV     1   --> G_2            
     e( 29 - 29) =     -1.43036  eV     1   --> G_2            
     e( 30 - 30) =     -1.38785  eV     1   --> G_2            
     e( 31 - 31) =     -1.18065  eV     1   --> G_2            
     e( 32 - 32) =     -1.14112  eV     1   --> G_2            
     e( 33 - 33) =     -0.57795  eV     1   --> G_2            
     e( 34 - 34) =     -0.48664  eV     1   --> G_2            
     e( 35 - 35) =      0.04855  eV     1   --> G_2            
     e( 36 - 36) =      0.09614  eV     1   --> G_2            
     e( 37 - 37) =      1.33693  eV     1   --> G_2            
     e( 38 - 38) =      1.39150  eV     1   --> G_2            
     e( 39 - 39) =      1.64471  eV     1   --> G_2            
     e( 40 - 40) =      1.74421  eV     1   --> G_2            
     e( 41 - 41) =      2.19212  eV     1   --> G_2            
     e( 42 - 42) =      2.28897  eV     1   --> G_2            
     e( 43 - 43) =      2.74095  eV     1   --> G_2            
     e( 44 - 44) =      2.79141  eV     1   --> G_2            

 **************************************************************************

 **************************************************************************

                    xk=(   0.40741,   0.44905,   0.00000  )

     Band symmetry, C_1 (1)     double point group:

     e(  1 -  2) =    -61.50826  eV     2   -->   2 G_2            
     e(  3 -  3) =    -37.41828  eV     1   --> G_2            
     e(  4 -  4) =    -37.40238  eV     1   --> G_2            
     e(  5 -  5) =    -35.00420  eV     1   --> G_2            
     e(  6 -  6) =    -34.99758  eV     1   --> G_2            
     e(  7 -  7) =    -34.88822  eV     1   --> G_2            
     e(  8 -  8) =    -34.87205  eV     1   --> G_2            
     e(  9 -  9) =    -14.73601  eV     1   --> G_2            
     e( 10 - 10) =    -14.71469  eV     1   --> G_2            
     e( 11 - 11) =    -12.93624  eV     1   --> G_2            
     e( 12 - 12) =    -12.90880  eV     1   --> G_2            
     e( 13 - 13) =     -8.11474  eV     1   --> G_2            
     e( 14 - 14) =     -8.10219  eV     1   --> G_2            
     e( 15 - 15) =     -6.70800  eV     1   --> G_2            
     e( 16 - 16) =     -6.69629  eV     1   --> G_2            
     e( 17 - 17) =     -6.24034  eV     1   --> G_2            
     e( 18 - 18) =     -6.22424  eV     1   --> G_2            
     e( 19 - 19) =     -5.40263  eV     1   --> G_2            
     e( 20 - 20) =     -5.36007  eV     1   --> G_2            
     e( 21 - 21) =     -4.37635  eV     1   --> G_2            
     e( 22 - 22) =     -4.34289  eV     1   --> G_2            
     e( 23 - 23) =     -3.56176  eV     1   --> G_2            
     e( 24 - 24) =     -3.51895  eV     1   --> G_2            
     e( 25 - 25) =     -2.34949  eV     1   --> G_2            
     e( 26 - 26) =     -2.25042  eV     1   --> G_2            
     e( 27 - 27) =     -1.60503  eV     1   --> G_2            
     e( 28 - 28) =     -1.54289  eV     1   --> G_2            
     e( 29 - 29) =     -1.44973  eV     1   --> G_2            
     e( 30 - 30) =     -1.40550  eV     1   --> G_2            
     e( 31 - 31) =     -1.20745  eV     1   --> G_2            
     e( 32 - 32) =     -1.16688  eV     1   --> G_2            
     e( 33 - 33) =     -0.53342  eV     1   --> G_2            
     e( 34 - 34) =     -0.44488  eV     1   --> G_2            
     e( 35 - 35) =      0.04927  eV     1   --> G_2            
     e( 36 - 36) =      0.09855  eV     1   --> G_2            
     e( 37 - 37) =      1.31666  eV     1   --> G_2            
     e( 38 - 38) =      1.37108  eV     1   --> G_2            
     e( 39 - 39) =      1.59857  eV     1   --> G_2            
     e( 40 - 40) =      1.69036  eV     1   --> G_2            
     e( 41 - 41) =      2.17364  eV     1   --> G_2            
     e( 42 - 42) =      2.27827  eV     1   --> G_2            
     e( 43 - 43) =      2.83602  eV     1   --> G_2            
     e( 44 - 44) =      2.88471  eV     1   --> G_2            

 **************************************************************************

 **************************************************************************

                    xk=(   0.40123,   0.45974,   0.00000  )

     Band symmetry, C_1 (1)     double point group:

     e(  1 -  2) =    -61.50797  eV     2   -->   2 G_2            
     e(  3 -  3) =    -37.41919  eV     1   --> G_2            
     e(  4 -  4) =    -37.40256  eV     1   --> G_2            
     e(  5 -  5) =    -35.00120  eV     1   --> G_2            
     e(  6 -  6) =    -34.99430  eV     1   --> G_2            
     e(  7 -  7) =    -34.89420  eV     1   --> G_2            
     e(  8 -  8) =    -34.87728  eV     1   --> G_2            
     e(  9 -  9) =    -14.72396  eV     1   --> G_2            
     e( 10 - 10) =    -14.70163  eV     1   --> G_2            
     e( 11 - 11) =    -12.92425  eV     1   --> G_2            
     e( 12 - 12) =    -12.89549  eV     1   --> G_2            
     e( 13 - 13) =     -8.08047  eV     1   --> G_2            
     e( 14 - 14) =     -8.06771  eV     1   --> G_2            
     e( 15 - 15) =     -6.74494  eV     1   --> G_2            
     e( 16 - 16) =     -6.73095  eV     1   --> G_2            
     e( 17 - 17) =     -6.24543  eV     1   --> G_2            
     e( 18 - 18) =     -6.22688  eV     1   --> G_2            
     e( 19 - 19) =     -5.42147  eV     1   --> G_2            
     e( 20 - 20) =     -5.37840  eV     1   --> G_2            
     e( 21 - 21) =     -4.39544  eV     1   --> G_2            
     e( 22 - 22) =     -4.35751  eV     1   --> G_2            
     e( 23 - 23) =     -3.58493  eV     1   --> G_2            
     e( 24 - 24) =     -3.54851  eV     1   --> G_2            
     e( 25 - 25) =     -2.32841  eV     1   --> G_2            
     e( 26 - 26) =     -2.22999  eV     1   --> G_2            
     e( 27 - 27) =     -1.61098  eV     1   --> G_2            
     e( 28 - 28) =     -1.55305  eV     1   --> G_2            
     e( 29 - 29) =     -1.46642  eV     1   --> G_2            
     e( 30 - 30) =     -1.42051  eV     1   --> G_2            
     e( 31 - 31) =     -1.23462  eV     1   --> G_2            
     e( 32 - 32) =     -1.19285  eV     1   --> G_2            
     e( 33 - 33) =     -0.48929  eV     1   --> G_2            
     e( 34 - 34) =     -0.40417  eV     1   --> G_2            
     e( 35 - 35) =      0.05270  eV     1   --> G_2            
     e( 36 - 36) =      0.10364  eV     1   --> G_2            
     e( 37 - 37) =      1.29397  eV     1   --> G_2            
     e( 38 - 38) =      1.34549  eV     1   --> G_2            
     e( 39 - 39) =      1.55120  eV     1   --> G_2            
     e( 40 - 40) =      1.63320  eV     1   --> G_2            
     e( 41 - 41) =      2.16278  eV     1   --> G_2            
     e( 42 - 42) =      2.27331  eV     1   --> G_2            
     e( 43 - 43) =      2.93316  eV     1   --> G_2            
     e( 44 - 44) =      2.98008  eV     1   --> G_2            

 **************************************************************************

 **************************************************************************

                    xk=(   0.39506,   0.47043,   0.00000  )

     Band symmetry, C_1 (1)     double point group:

     e(  1 -  2) =    -61.50769  eV     2   -->   2 G_2            
     e(  3 -  3) =    -37.42007  eV     1   --> G_2            
     e(  4 -  4) =    -37.40276  eV     1   --> G_2            
     e(  5 -  5) =    -34.99804  eV     1   --> G_2            
     e(  6 -  6) =    -34.99090  eV     1   --> G_2            
     e(  7 -  7) =    -34.90024  eV     1   --> G_2            
     e(  8 -  8) =    -34.88260  eV     1   --> G_2            
     e(  9 -  9) =    -14.71199  eV     1   --> G_2            
     e( 10 - 10) =    -14.68873  eV     1   --> G_2            
     e( 11 - 11) =    -12.91237  eV     1   --> G_2            
     e( 12 - 12) =    -12.88238  eV     1   --> G_2            
     e( 13 - 13) =     -8.04535  eV     1   --> G_2            
     e( 14 - 14) =     -8.03251  eV     1   --> G_2            
     e( 15 - 15) =     -6.79092  eV     1   --> G_2            
     e( 16 - 16) =     -6.77423  eV     1   --> G_2            
     e( 17 - 17) =     -6.24072  eV     1   --> G_2            
     e( 18 - 18) =     -6.21970  eV     1   --> G_2            
     e( 19 - 19) =     -5.44255  eV     1   --> G_2            
     e( 20 - 20) =     -5.39932  eV     1   --> G_2            
     e( 21 - 21) =     -4.41427  eV     1   --> G_2            
     e( 22 - 22) =     -4.37242  eV     1   --> G_2            
     e( 23 - 23) =     -3.60534  eV     1   --> G_2            
     e( 24 - 24) =     -3.57537  eV     1   --> G_2            
     e( 25 - 25) =     -2.30822  eV     1   --> G_2            
     e( 26 - 26) =     -2.21083  eV     1   --> G_2            
     e( 27 - 27) =     -1.61514  eV     1   --> G_2            
     e( 28 - 28) =     -1.56163  eV     1   --> G_2            
     e( 29 - 29) =     -1.48009  eV     1   --> G_2            
     e( 30 - 30) =     -1.43263  eV     1   --> G_2            
     e( 31 - 31) =     -1.26181  eV     1   --> G_2            
     e( 32 - 32) =     -1.21884  eV     1   --> G_2            
     e( 33 - 33) =     -0.44596  eV     1   --> G_2            
     e( 34 - 34) =     -0.36502  eV     1   --> G_2            
     e( 35 - 35) =      0.05888  eV     1   --> G_2            
     e( 36 - 36) =      0.11156  eV     1   --> G_2            
     e( 37 - 37) =      1.26876  eV     1   --> G_2            
     e( 38 - 38) =      1.31433  eV     1   --> G_2            
     e( 39 - 39) =      1.50508  eV     1   --> G_2            
     e( 40 - 40) =      1.57491  eV     1   --> G_2            
     e( 41 - 41) =      2.15831  eV     1   --> G_2            
     e( 42 - 42) =      2.27288  eV     1   --> G_2            
     e( 43 - 43) =      3.03122  eV     1   --> G_2            
     e( 44 - 44) =      3.07649  eV     1   --> G_2            

 **************************************************************************

 **************************************************************************

                    xk=(   0.38889,   0.48113,   0.00000  )

     Band symmetry, C_1 (1)     double point group:

     e(  1 -  2) =    -61.50742  eV     2   -->   2 G_2            
     e(  3 -  3) =    -37.42091  eV     1   --> G_2            
     e(  4 -  4) =    -37.40299  eV     1   --> G_2            
     e(  5 -  5) =    -34.99474  eV     1   --> G_2            
     e(  6 -  6) =    -34.98742  eV     1   --> G_2            
     e(  7 -  7) =    -34.90628  eV     1   --> G_2            
     e(  8 -  8) =    -34.88796  eV     1   --> G_2            
     e(  9 -  9) =    -14.70027  eV     1   --> G_2            
     e( 10 - 10) =    -14.67615  eV     1   --> G_2            
     e( 11 - 11) =    -12.90077  eV     1   --> G_2            
     e( 12 - 12) =    -12.86966  eV     1   --> G_2            
     e( 13 - 13) =     -8.00976  eV     1   --> G_2            
     e( 14 - 14) =     -7.99700  eV     1   --> G_2            
     e( 15 - 15) =     -6.84267  eV     1   --> G_2            
     e( 16 - 16) =     -6.82331  eV     1   --> G_2            
     e( 17 - 17) =     -6.22899  eV     1   --> G_2            
     e( 18 - 18) =     -6.20575  eV     1   --> G_2            
     e( 19 - 19) =     -5.46524  eV     1   --> G_2            
     e( 20 - 20) =     -5.42220  eV     1   --> G_2            
     e( 21 - 21) =     -4.43226  eV     1   --> G_2            
     e( 22 - 22) =     -4.38724  eV     1   --> G_2            
     e( 23 - 23) =     -3.62336  eV     1   --> G_2            
     e( 24 - 24) =     -3.59963  eV     1   --> G_2            
     e( 25 - 25) =     -2.28914  eV     1   --> G_2            
     e( 26 - 26) =     -2.19306  eV     1   --> G_2            
     e( 27 - 27) =     -1.61769  eV     1   --> G_2            
     e( 28 - 28) =     -1.56835  eV     1   --> G_2            
     e( 29 - 29) =     -1.49053  eV     1   --> G_2            
     e( 30 - 30) =     -1.44180  eV     1   --> G_2            
     e( 31 - 31) =     -1.28865  eV     1   --> G_2            
     e( 32 - 32) =     -1.24466  eV     1   --> G_2            
     e( 33 - 33) =     -0.40381  eV     1   --> G_2            
     e( 34 - 34) =     -0.32786  eV     1   --> G_2            
     e( 35 - 35) =      0.06767  eV     1   --> G_2            
     e( 36 - 36) =      0.12228  eV     1   --> G_2            
     e( 37 - 37) =      1.24089  eV     1   --> G_2            
     e( 38 - 38) =      1.27806  eV     1   --> G_2            
     e( 39 - 39) =      1.46206  eV     1   --> G_2            
     e( 40 - 40) =      1.51747  eV     1   --> G_2            
     e( 41 - 41) =      2.15888  eV     1   --> G_2            
     e( 42 - 42) =      2.27583  eV     1   --> G_2            
     e( 43 - 43) =      3.12911  eV     1   --> G_2            
     e( 44 - 44) =      3.17289  eV     1   --> G_2            

 **************************************************************************

 **************************************************************************

                    xk=(   0.38272,   0.49182,   0.00000  )

     Band symmetry, C_1 (1)     double point group:

     e(  1 -  2) =    -61.50716  eV     2   -->   2 G_2            
     e(  3 -  3) =    -37.42171  eV     1   --> G_2            
     e(  4 -  4) =    -37.40323  eV     1   --> G_2            
     e(  5 -  5) =    -34.99132  eV     1   --> G_2            
     e(  6 -  6) =    -34.98389  eV     1   --> G_2            
     e(  7 -  7) =    -34.91229  eV     1   --> G_2            
     e(  8 -  8) =    -34.89329  eV     1   --> G_2            
     e(  9 -  9) =    -14.68897  eV     1   --> G_2            
     e( 10 - 10) =    -14.66408  eV     1   --> G_2            
     e( 11 - 11) =    -12.88962  eV     1   --> G_2            
     e( 12 - 12) =    -12.85750  eV     1   --> G_2            
     e( 13 - 13) =     -7.97414  eV     1   --> G_2            
     e( 14 - 14) =     -7.96163  eV     1   --> G_2            
     e( 15 - 15) =     -6.89730  eV     1   --> G_2            
     e( 16 - 16) =     -6.87541  eV     1   --> G_2            
     e( 17 - 17) =     -6.21287  eV     1   --> G_2            
     e( 18 - 18) =     -6.18768  eV     1   --> G_2            
     e( 19 - 19) =     -5.48875  eV     1   --> G_2            
     e( 20 - 20) =     -5.44626  eV     1   --> G_2            
     e( 21 - 21) =     -4.44894  eV     1   --> G_2            
     e( 22 - 22) =     -4.40161  eV     1   --> G_2            
     e( 23 - 23) =     -3.63935  eV     1   --> G_2            
     e( 24 - 24) =     -3.62142  eV     1   --> G_2            
     e( 25 - 25) =     -2.27142  eV     1   --> G_2            
     e( 26 - 26) =     -2.17680  eV     1   --> G_2            
     e( 27 - 27) =     -1.61899  eV     1   --> G_2            
     e( 28 - 28) =     -1.57278  eV     1   --> G_2            
     e( 29 - 29) =     -1.49766  eV     1   --> G_2            
     e( 30 - 30) =     -1.44819  eV     1   --> G_2            
     e( 31 - 31) =     -1.31474  eV     1   --> G_2            
     e( 32 - 32) =     -1.27012  eV     1   --> G_2            
     e( 33 - 33) =     -0.36318  eV     1   --> G_2            
     e( 34 - 34) =     -0.29308  eV     1   --> G_2            
     e( 35 - 35) =      0.07868  eV     1   --> G_2            
     e( 36 - 36) =      0.13556  eV     1   --> G_2            
     e( 37 - 37) =      1.21003  eV     1   --> G_2            
     e( 38 - 38) =      1.23851  eV     1   --> G_2            
     e( 39 - 39) =      1.42296  eV     1   --> G_2            
     e( 40 - 40) =      1.46271  eV     1   --> G_2            
     e( 41 - 41) =      2.16319  eV     1   --> G_2            
     e( 42 - 42) =      2.28113  eV     1   --> G_2            
     e( 43 - 43) =      3.22560  eV     1   --> G_2            
     e( 44 - 44) =      3.26813  eV     1   --> G_2            

 **************************************************************************

 **************************************************************************

                    xk=(   0.37654,   0.50251,   0.00000  )

     Band symmetry, C_1 (1)     double point group:

     e(  1 -  2) =    -61.50693  eV     2   -->   2 G_2            
     e(  3 -  3) =    -37.42244  eV     1   --> G_2            
     e(  4 -  4) =    -37.40348  eV     1   --> G_2            
     e(  5 -  5) =    -34.98778  eV     1   --> G_2            
     e(  6 -  6) =    -34.98035  eV     1   --> G_2            
     e(  7 -  7) =    -34.91820  eV     1   --> G_2            
     e(  8 -  8) =    -34.89852  eV     1   --> G_2            
     e(  9 -  9) =    -14.67828  eV     1   --> G_2            
     e( 10 - 10) =    -14.65271  eV     1   --> G_2            
     e( 11 - 11) =    -12.87911  eV     1   --> G_2            
     e( 12 - 12) =    -12.84609  eV     1   --> G_2            
     e( 13 - 13) =     -7.93905  eV     1   --> G_2            
     e( 14 - 14) =     -7.92698  eV     1   --> G_2            
     e( 15 - 15) =     -6.95242  eV     1   --> G_2            
     e( 16 - 16) =     -6.92814  eV     1   --> G_2            
     e( 17 - 17) =     -6.19459  eV     1   --> G_2            
     e( 18 - 18) =     -6.16765  eV     1   --> G_2            
     e( 19 - 19) =     -5.51222  eV     1   --> G_2            
     e( 20 - 20) =     -5.47059  eV     1   --> G_2            
     e( 21 - 21) =     -4.46393  eV     1   --> G_2            
     e( 22 - 22) =     -4.41520  eV     1   --> G_2            
     e( 23 - 23) =     -3.65366  eV     1   --> G_2            
     e( 24 - 24) =     -3.64079  eV     1   --> G_2            
     e( 25 - 25) =     -2.25531  eV     1   --> G_2            
     e( 26 - 26) =     -2.16215  eV     1   --> G_2            
     e( 27 - 27) =     -1.61943  eV     1   --> G_2            
     e( 28 - 28) =     -1.57441  eV     1   --> G_2            
     e( 29 - 29) =     -1.50160  eV     1   --> G_2            
     e( 30 - 30) =     -1.45231  eV     1   --> G_2            
     e( 31 - 31) =     -1.33959  eV     1   --> G_2            
     e( 32 - 32) =     -1.29501  eV     1   --> G_2            
     e( 33 - 33) =     -0.32442  eV     1   --> G_2            
     e( 34 - 34) =     -0.26096  eV     1   --> G_2            
     e( 35 - 35) =      0.09122  eV     1   --> G_2            
     e( 36 - 36) =      0.15086  eV     1   --> G_2            
     e( 37 - 37) =      1.17547  eV     1   --> G_2            
     e( 38 - 38) =      1.19896  eV     1   --> G_2            
     e( 39 - 39) =      1.38758  eV     1   --> G_2            
     e( 40 - 40) =      1.41236  eV     1   --> G_2            
     e( 41 - 41) =      2.17005  eV     1   --> G_2            
     e( 42 - 42) =      2.28790  eV     1   --> G_2            
     e( 43 - 43) =      3.31925  eV     1   --> G_2            
     e( 44 - 44) =      3.36082  eV     1   --> G_2            

 **************************************************************************

 **************************************************************************

                    xk=(   0.37037,   0.51320,   0.00000  )

     Band symmetry, C_1 (1)     double point group:

     e(  1 -  2) =    -61.50670  eV     2   -->   2 G_2            
     e(  3 -  3) =    -37.42311  eV     1   --> G_2            
     e(  4 -  4) =    -37.40372  eV     1   --> G_2            
     e(  5 -  5) =    -34.98416  eV     1   --> G_2            
     e(  6 -  6) =    -34.97685  eV     1   --> G_2            
     e(  7 -  7) =    -34.92398  eV     1   --> G_2            
     e(  8 -  8) =    -34.90358  eV     1   --> G_2            
     e(  9 -  9) =    -14.66838  eV     1   --> G_2            
     e( 10 - 10) =    -14.64222  eV     1   --> G_2            
     e( 11 - 11) =    -12.86941  eV     1   --> G_2            
     e( 12 - 12) =    -12.83560  eV     1   --> G_2            
     e( 13 - 13) =     -7.90518  eV     1   --> G_2            
     e( 14 - 14) =     -7.89375  eV     1   --> G_2            
     e( 15 - 15) =     -7.00598  eV     1   --> G_2            
     e( 16 - 16) =     -6.97942  eV     1   --> G_2            
     e( 17 - 17) =     -6.17589  eV     1   --> G_2            
     e( 18 - 18) =     -6.14734  eV     1   --> G_2            
     e( 19 - 19) =     -5.53472  eV     1   --> G_2            
     e( 20 - 20) =     -5.49422  eV     1   --> G_2            
     e( 21 - 21) =     -4.47699  eV     1   --> G_2            
     e( 22 - 22) =     -4.42772  eV     1   --> G_2            
     e( 23 - 23) =     -3.66663  eV     1   --> G_2            
     e( 24 - 24) =     -3.65765  eV     1   --> G_2            
     e( 25 - 25) =     -2.24103  eV     1   --> G_2            
     e( 26 - 26) =     -2.14916  eV     1   --> G_2            
     e( 27 - 27) =     -1.61935  eV     1   --> G_2            
     e( 28 - 28) =     -1.57280  eV     1   --> G_2            
     e( 29 - 29) =     -1.50267  eV     1   --> G_2            
     e( 30 - 30) =     -1.45503  eV     1   --> G_2            
     e( 31 - 31) =     -1.36245  eV     1   --> G_2            
     e( 32 - 32) =     -1.31909  eV     1   --> G_2            
     e( 33 - 33) =     -0.28788  eV     1   --> G_2            
     e( 34 - 34) =     -0.23168  eV     1   --> G_2            
     e( 35 - 35) =      0.10432  eV     1   --> G_2            
     e( 36 - 36) =      0.16735  eV     1   --> G_2            
     e( 37 - 37) =      1.13768  eV     1   --> G_2            
     e( 38 - 38) =      1.16226  eV     1   --> G_2            
     e( 39 - 39) =      1.35497  eV     1   --> G_2            
     e( 40 - 40) =      1.36835  eV     1   --> G_2            
     e( 41 - 41) =      2.17840  eV     1   --> G_2            
     e( 42 - 42) =      2.29536  eV     1   --> G_2            
     e( 43 - 43) =      3.40829  eV     1   --> G_2            
     e( 44 - 44) =      3.44928  eV     1   --> G_2            

 **************************************************************************

 **************************************************************************

                    xk=(   0.36420,   0.52389,   0.00000  )

     Band symmetry, C_1 (1)     double point group:

     e(  1 -  2) =    -61.50651  eV     2   -->   2 G_2            
     e(  3 -  3) =    -37.42371  eV     1   --> G_2            
     e(  4 -  4) =    -37.40396  eV     1   --> G_2            
     e(  5 -  5) =    -34.98048  eV     1   --> G_2            
     e(  6 -  6) =    -34.97346  eV     1   --> G_2            
     e(  7 -  7) =    -34.92954  eV     1   --> G_2            
     e(  8 -  8) =    -34.90835  eV     1   --> G_2            
     e(  9 -  9) =    -14.65948  eV     1   --> G_2            
     e( 10 - 10) =    -14.63280  eV     1   --> G_2            
     e( 11 - 11) =    -12.86071  eV     1   --> G_2            
     e( 12 - 12) =    -12.82624  eV     1   --> G_2            
     e( 13 - 13) =     -7.87342  eV     1   --> G_2            
     e( 14 - 14) =     -7.86282  eV     1   --> G_2            
     e( 15 - 15) =     -7.05610  eV     1   --> G_2            
     e( 16 - 16) =     -7.02736  eV     1   --> G_2            
     e( 17 - 17) =     -6.15818  eV     1   --> G_2            
     e( 18 - 18) =     -6.12814  eV     1   --> G_2            
     e( 19 - 19) =     -5.55526  eV     1   --> G_2            
     e( 20 - 20) =     -5.51612  eV     1   --> G_2            
     e( 21 - 21) =     -4.48798  eV     1   --> G_2            
     e( 22 - 22) =     -4.43891  eV     1   --> G_2            
     e( 23 - 23) =     -3.67865  eV     1   --> G_2            
     e( 24 - 24) =     -3.67169  eV     1   --> G_2            
     e( 25 - 25) =     -2.22878  eV     1   --> G_2            
     e( 26 - 26) =     -2.13790  eV     1   --> G_2            
     e( 27 - 27) =     -1.61881  eV     1   --> G_2            
     e( 28 - 28) =     -1.56781  eV     1   --> G_2            
     e( 29 - 29) =     -1.50137  eV     1   --> G_2            
     e( 30 - 30) =     -1.45786  eV     1   --> G_2            
     e( 31 - 31) =     -1.38215  eV     1   --> G_2            
     e( 32 - 32) =     -1.34207  eV     1   --> G_2            
     e( 33 - 33) =     -0.25395  eV     1   --> G_2            
     e( 34 - 34) =     -0.20546  eV     1   --> G_2            
     e( 35 - 35) =      0.11680  eV     1   --> G_2            
     e( 36 - 36) =      0.18387  eV     1   --> G_2            
     e( 37 - 37) =      1.10017  eV     1   --> G_2            
     e( 38 - 38) =      1.12864  eV     1   --> G_2            
     e( 39 - 39) =      1.32311  eV     1   --> G_2            
     e( 40 - 40) =      1.33343  eV     1   --> G_2            
     e( 41 - 41) =      2.18729  eV     1   --> G_2            
     e( 42 - 42) =      2.30281  eV     1   --> G_2            
     e( 43 - 43) =      3.49051  eV     1   --> G_2            
     e( 44 - 44) =      3.53132  eV     1   --> G_2            

 **************************************************************************

 **************************************************************************

                    xk=(   0.35802,   0.53458,   0.00000  )

     Band symmetry, C_1 (1)     double point group:

     e(  1 -  2) =    -61.50634  eV     2   -->   2 G_2            
     e(  3 -  3) =    -37.42421  eV     1   --> G_2            
     e(  4 -  4) =    -37.40417  eV     1   --> G_2            
     e(  5 -  5) =    -34.97681  eV     1   --> G_2            
     e(  6 -  6) =    -34.97029  eV     1   --> G_2            
     e(  7 -  7) =    -34.93481  eV     1   --> G_2            
     e(  8 -  8) =    -34.91271  eV     1   --> G_2            
     e(  9 -  9) =    -14.65176  eV     1   --> G_2            
     e( 10 - 10) =    -14.62467  eV     1   --> G_2            
     e( 11 - 11) =    -12.85319  eV     1   --> G_2            
     e( 12 - 12) =    -12.81819  eV     1   --> G_2            
     e( 13 - 13) =     -7.84486  eV     1   --> G_2            
     e( 14 - 14) =     -7.83526  eV     1   --> G_2            
     e( 15 - 15) =     -7.10092  eV     1   --> G_2            
     e( 16 - 16) =     -7.07011  eV     1   --> G_2            
     e( 17 - 17) =     -6.14258  eV     1   --> G_2            
     e( 18 - 18) =     -6.11121  eV     1   --> G_2            
     e( 19 - 19) =     -5.57295  eV     1   --> G_2            
     e( 20 - 20) =     -5.53529  eV     1   --> G_2            
     e( 21 - 21) =     -4.49684  eV     1   --> G_2            
     e( 22 - 22) =     -4.44856  eV     1   --> G_2            
     e( 23 - 23) =     -3.68982  eV     1   --> G_2            
     e( 24 - 24) =     -3.68269  eV     1   --> G_2            
     e( 25 - 25) =     -2.21870  eV     1   --> G_2            
     e( 26 - 26) =     -2.12844  eV     1   --> G_2            
     e( 27 - 27) =     -1.61759  eV     1   --> G_2            
     e( 28 - 28) =     -1.55975  eV     1   --> G_2            
     e( 29 - 29) =     -1.49839  eV     1   --> G_2            
     e( 30 - 30) =     -1.46288  eV     1   --> G_2            
     e( 31 - 31) =     -1.39713  eV     1   --> G_2            
     e( 32 - 32) =     -1.36342  eV     1   --> G_2            
     e( 33 - 33) =     -0.22314  eV     1   --> G_2            
     e( 34 - 34) =     -0.18255  eV     1   --> G_2            
     e( 35 - 35) =      0.12741  eV     1   --> G_2            
     e( 36 - 36) =      0.19907  eV     1   --> G_2            
     e( 37 - 37) =      1.06685  eV     1   --> G_2            
     e( 38 - 38) =      1.09812  eV     1   --> G_2            
     e( 39 - 39) =      1.29350  eV     1   --> G_2            
     e( 40 - 40) =      1.30671  eV     1   --> G_2            
     e( 41 - 41) =      2.19588  eV     1   --> G_2            
     e( 42 - 42) =      2.30965  eV     1   --> G_2            
     e( 43 - 43) =      3.56318  eV     1   --> G_2            
     e( 44 - 44) =      3.60421  eV     1   --> G_2            

 **************************************************************************

 **************************************************************************

                    xk=(   0.35185,   0.54528,   0.00000  )

     Band symmetry, C_1 (1)     double point group:

     e(  1 -  2) =    -61.50620  eV     2   -->   2 G_2            
     e(  3 -  3) =    -37.42463  eV     1   --> G_2            
     e(  4 -  4) =    -37.40436  eV     1   --> G_2            
     e(  5 -  5) =    -34.97325  eV     1   --> G_2            
     e(  6 -  6) =    -34.96748  eV     1   --> G_2            
     e(  7 -  7) =    -34.93966  eV     1   --> G_2            
     e(  8 -  8) =    -34.91648  eV     1   --> G_2            
     e(  9 -  9) =    -14.64542  eV     1   --> G_2            
     e( 10 - 10) =    -14.61801  eV     1   --> G_2            
     e( 11 - 11) =    -12.84704  eV     1   --> G_2            
     e( 12 - 12) =    -12.81162  eV     1   --> G_2            
     e( 13 - 13) =     -7.82078  eV     1   --> G_2            
     e( 14 - 14) =     -7.81226  eV     1   --> G_2            
     e( 15 - 15) =     -7.13851  eV     1   --> G_2            
     e( 16 - 16) =     -7.10583  eV     1   --> G_2            
     e( 17 - 17) =     -6.12994  eV     1   --> G_2            
     e( 18 - 18) =     -6.09747  eV     1   --> G_2            
     e( 19 - 19) =     -5.58701  eV     1   --> G_2            
     e( 20 - 20) =     -5.55086  eV     1   --> G_2            
     e( 21 - 21) =     -4.50361  eV     1   --> G_2            
     e( 22 - 22) =     -4.45645  eV     1   --> G_2            
     e( 23 - 23) =     -3.69947  eV     1   --> G_2            
     e( 24 - 24) =     -3.69106  eV     1   --> G_2            
     e( 25 - 25) =     -2.21089  eV     1   --> G_2            
     e( 26 - 26) =     -2.12087  eV     1   --> G_2            
     e( 27 - 27) =     -1.61552  eV     1   --> G_2            
     e( 28 - 28) =     -1.54927  eV     1   --> G_2            
     e( 29 - 29) =     -1.49460  eV     1   --> G_2            
     e( 30 - 30) =     -1.47139  eV     1   --> G_2            
     e( 31 - 31) =     -1.40688  eV     1   --> G_2            
     e( 32 - 32) =     -1.38198  eV     1   --> G_2            
     e( 33 - 33) =     -0.19623  eV     1   --> G_2            
     e( 34 - 34) =     -0.16347  eV     1   --> G_2            
     e( 35 - 35) =      0.13514  eV     1   --> G_2            
     e( 36 - 36) =      0.21160  eV     1   --> G_2            
     e( 37 - 37) =      1.04042  eV     1   --> G_2            
     e( 38 - 38) =      1.07186  eV     1   --> G_2            
     e( 39 - 39) =      1.27008  eV     1   --> G_2            
     e( 40 - 40) =      1.28487  eV     1   --> G_2            
     e( 41 - 41) =      2.20341  eV     1   --> G_2            
     e( 42 - 42) =      2.31539  eV     1   --> G_2            
     e( 43 - 43) =      3.62325  eV     1   --> G_2            
     e( 44 - 44) =      3.66476  eV     1   --> G_2            

 **************************************************************************

 **************************************************************************

                    xk=(   0.34568,   0.55597,   0.00000  )

     Band symmetry, C_1 (1)     double point group:

     e(  1 -  2) =    -61.50610  eV     2   -->   2 G_2            
     e(  3 -  3) =    -37.42493  eV     1   --> G_2            
     e(  4 -  4) =    -37.40450  eV     1   --> G_2            
     e(  5 -  5) =    -34.96999  eV     1   --> G_2            
     e(  6 -  6) =    -34.96523  eV     1   --> G_2            
     e(  7 -  7) =    -34.94386  eV     1   --> G_2            
     e(  8 -  8) =    -34.91945  eV     1   --> G_2            
     e(  9 -  9) =    -14.64066  eV     1   --> G_2            
     e( 10 - 10) =    -14.61301  eV     1   --> G_2            
     e( 11 - 11) =    -12.84244  eV     1   --> G_2            
     e( 12 - 12) =    -12.80672  eV     1   --> G_2            
     e( 13 - 13) =     -7.80255  eV     1   --> G_2            
     e( 14 - 14) =     -7.79505  eV     1   --> G_2            
     e( 15 - 15) =     -7.16696  eV     1   --> G_2            
     e( 16 - 16) =     -7.13276  eV     1   --> G_2            
     e( 17 - 17) =     -6.12083  eV     1   --> G_2            
     e( 18 - 18) =     -6.08754  eV     1   --> G_2            
     e( 19 - 19) =     -5.59696  eV     1   --> G_2            
     e( 20 - 20) =     -5.56218  eV     1   --> G_2            
     e( 21 - 21) =     -4.50835  eV     1   --> G_2            
     e( 22 - 22) =     -4.46237  eV     1   --> G_2            
     e( 23 - 23) =     -3.70685  eV     1   --> G_2            
     e( 24 - 24) =     -3.69713  eV     1   --> G_2            
     e( 25 - 25) =     -2.20536  eV     1   --> G_2            
     e( 26 - 26) =     -2.11531  eV     1   --> G_2            
     e( 27 - 27) =     -1.61273  eV     1   --> G_2            
     e( 28 - 28) =     -1.53762  eV     1   --> G_2            
     e( 29 - 29) =     -1.49118  eV     1   --> G_2            
     e( 30 - 30) =     -1.48163  eV     1   --> G_2            
     e( 31 - 31) =     -1.41470  eV     1   --> G_2            
     e( 32 - 32) =     -1.39479  eV     1   --> G_2            
     e( 33 - 33) =     -0.17435  eV     1   --> G_2            
     e( 34 - 34) =     -0.14896  eV     1   --> G_2            
     e( 35 - 35) =      0.13953  eV     1   --> G_2            
     e( 36 - 36) =      0.22047  eV     1   --> G_2            
     e( 37 - 37) =      1.02236  eV     1   --> G_2            
     e( 38 - 38) =      1.05142  eV     1   --> G_2            
     e( 39 - 39) =      1.25412  eV     1   --> G_2            
     e( 40 - 40) =      1.26732  eV     1   --> G_2            
     e( 41 - 41) =      2.20928  eV     1   --> G_2            
     e( 42 - 42) =      2.31966  eV     1   --> G_2            
     e( 43 - 43) =      3.66774  eV     1   --> G_2            
     e( 44 - 44) =      3.70975  eV     1   --> G_2            

 **************************************************************************

 **************************************************************************

                    xk=(   0.33951,   0.56666,   0.00000  )

     Band symmetry, C_1 (1)     double point group:

     e(  1 -  2) =    -61.50603  eV     2   -->   2 G_2            
     e(  3 -  3) =    -37.42512  eV     1   --> G_2            
     e(  4 -  4) =    -37.40460  eV     1   --> G_2            
     e(  5 -  5) =    -34.96750  eV     1   --> G_2            
     e(  6 -  6) =    -34.96376  eV     1   --> G_2            
     e(  7 -  7) =    -34.94693  eV     1   --> G_2            
     e(  8 -  8) =    -34.92137  eV     1   --> G_2            
     e(  9 -  9) =    -14.63767  eV     1   --> G_2            
     e( 10 - 10) =    -14.60989  eV     1   --> G_2            
     e( 11 - 11) =    -12.83956  eV     1   --> G_2            
     e( 12 - 12) =    -12.80367  eV     1   --> G_2            
     e( 13 - 13) =     -7.79133  eV     1   --> G_2            
     e( 14 - 14) =     -7.78458  eV     1   --> G_2            
     e( 15 - 15) =     -7.18462  eV     1   --> G_2            
     e( 16 - 16) =     -7.14943  eV     1   --> G_2            
     e( 17 - 17) =     -6.11547  eV     1   --> G_2            
     e( 18 - 18) =     -6.08172  eV     1   --> G_2            
     e( 19 - 19) =     -5.60268  eV     1   --> G_2            
     e( 20 - 20) =     -5.56890  eV     1   --> G_2            
     e( 21 - 21) =     -4.51116  eV     1   --> G_2            
     e( 22 - 22) =     -4.46610  eV     1   --> G_2            
     e( 23 - 23) =     -3.71150  eV     1   --> G_2            
     e( 24 - 24) =     -3.70091  eV     1   --> G_2            
     e( 25 - 25) =     -2.20210  eV     1   --> G_2            
     e( 26 - 26) =     -2.11190  eV     1   --> G_2            
     e( 27 - 27) =     -1.60992  eV     1   --> G_2            
     e( 28 - 28) =     -1.52762  eV     1   --> G_2            
     e( 29 - 29) =     -1.49268  eV     1   --> G_2            
     e( 30 - 30) =     -1.48603  eV     1   --> G_2            
     e( 31 - 31) =     -1.42359  eV     1   --> G_2            
     e( 32 - 32) =     -1.39967  eV     1   --> G_2            
     e( 33 - 33) =     -0.15923  eV     1   --> G_2            
     e( 34 - 34) =     -0.13995  eV     1   --> G_2            
     e( 35 - 35) =      0.14106  eV     1   --> G_2            
     e( 36 - 36) =      0.22530  eV     1   --> G_2            
     e( 37 - 37) =      1.01282  eV     1   --> G_2            
     e( 38 - 38) =      1.03834  eV     1   --> G_2            
     e( 39 - 39) =      1.24599  eV     1   --> G_2            
     e( 40 - 40) =      1.25454  eV     1   --> G_2            
     e( 41 - 41) =      2.21300  eV     1   --> G_2            
     e( 42 - 42) =      2.32223  eV     1   --> G_2            
     e( 43 - 43) =      3.69457  eV     1   --> G_2            
     e( 44 - 44) =      3.73687  eV     1   --> G_2            

 **************************************************************************

 **************************************************************************

                    xk=(   0.33333,   0.57735,   0.00000  )

     Band symmetry, C_1 (1)     double point group:

     e(  1 -  2) =    -61.50601  eV     2   -->   2 G_2            
     e(  3 -  3) =    -37.42519  eV     1   --> G_2            
     e(  4 -  4) =    -37.40463  eV     1   --> G_2            
     e(  5 -  5) =    -34.96652  eV     1   --> G_2            
     e(  6 -  6) =    -34.96325  eV     1   --> G_2            
     e(  7 -  7) =    -34.94811  eV     1   --> G_2            
     e(  8 -  8) =    -34.92203  eV     1   --> G_2            
     e(  9 -  9) =    -14.63663  eV     1   --> G_2            
     e( 10 - 10) =    -14.60880  eV     1   --> G_2            
     e( 11 - 11) =    -12.83856  eV     1   --> G_2            
     e( 12 - 12) =    -12.80262  eV     1   --> G_2            
     e( 13 - 13) =     -7.78764  eV     1   --> G_2            
     e( 14 - 14) =     -7.78116  eV     1   --> G_2            
     e( 15 - 15) =     -7.19055  eV     1   --> G_2            
     e( 16 - 16) =     -7.15501  eV     1   --> G_2            
     e( 17 - 17) =     -6.11376  eV     1   --> G_2            
     e( 18 - 18) =     -6.07986  eV     1   --> G_2            
     e( 19 - 19) =     -5.60447  eV     1   --> G_2            
     e( 20 - 20) =     -5.57107  eV     1   --> G_2            
     e( 21 - 21) =     -4.51209  eV     1   --> G_2            
     e( 22 - 22) =     -4.46739  eV     1   --> G_2            
     e( 23 - 23) =     -3.71310  eV     1   --> G_2            
     e( 24 - 24) =     -3.70221  eV     1   --> G_2            
     e( 25 - 25) =     -2.20103  eV     1   --> G_2            
     e( 26 - 26) =     -2.11073  eV     1   --> G_2            
     e( 27 - 27) =     -1.60856  eV     1   --> G_2            
     e( 28 - 28) =     -1.52388  eV     1   --> G_2            
     e( 29 - 29) =     -1.49506  eV     1   --> G_2            
     e( 30 - 30) =     -1.48535  eV     1   --> G_2            
     e( 31 - 31) =     -1.42811  eV     1   --> G_2            
     e( 32 - 32) =     -1.40052  eV     1   --> G_2            
     e( 33 - 33) =     -0.15349  eV     1   --> G_2            
     e( 34 - 34) =     -0.13697  eV     1   --> G_2            
     e( 35 - 35) =      0.14116  eV     1   --> G_2            
     e( 36 - 36) =      0.22665  eV     1   --> G_2            
     e( 37 - 37) =      1.01024  eV     1   --> G_2            
     e( 38 - 38) =      1.03385  eV     1   --> G_2            
     e( 39 - 39) =      1.24490  eV     1   --> G_2            
     e( 40 - 40) =      1.24840  eV     1   --> G_2            
     e( 41 - 41) =      2.21428  eV     1   --> G_2            
     e( 42 - 42) =      2.32306  eV     1   --> G_2            
     e( 43 - 43) =      3.70332  eV     1   --> G_2            
     e( 44 - 44) =      3.74568  eV     1   --> G_2            

 **************************************************************************

 **************************************************************************

                    xk=(   0.32381,   0.56085,   0.00000  )

     Band symmetry, C_1 (1)     double point group:

     e(  1 -  2) =    -61.50606  eV     2   -->   2 G_2            
     e(  3 -  3) =    -37.42502  eV     1   --> G_2            
     e(  4 -  4) =    -37.40454  eV     1   --> G_2            
     e(  5 -  5) =    -34.96855  eV     1   --> G_2            
     e(  6 -  6) =    -34.96435  eV     1   --> G_2            
     e(  7 -  7) =    -34.94560  eV     1   --> G_2            
     e(  8 -  8) =    -34.92053  eV     1   --> G_2            
     e(  9 -  9) =    -14.63927  eV     1   --> G_2            
     e( 10 - 10) =    -14.61155  eV     1   --> G_2            
     e( 11 - 11) =    -12.84108  eV     1   --> G_2            
     e( 12 - 12) =    -12.80526  eV     1   --> G_2            
     e( 13 - 13) =     -7.79525  eV     1   --> G_2            
     e( 14 - 14) =     -7.78822  eV     1   --> G_2            
     e( 15 - 15) =     -7.17715  eV     1   --> G_2            
     e( 16 - 16) =     -7.14236  eV     1   --> G_2            
     e( 17 - 17) =     -6.11731  eV     1   --> G_2            
     e( 18 - 18) =     -6.08368  eV     1   --> G_2            
     e( 19 - 19) =     -5.60092  eV     1   --> G_2            
     e( 20 - 20) =     -5.56656  eV     1   --> G_2            
     e( 21 - 21) =     -4.50980  eV     1   --> G_2            
     e( 22 - 22) =     -4.46413  eV     1   --> G_2            
     e( 23 - 23) =     -3.70910  eV     1   --> G_2            
     e( 24 - 24) =     -3.69890  eV     1   --> G_2            
     e( 25 - 25) =     -2.20349  eV     1   --> G_2            
     e( 26 - 26) =     -2.11356  eV     1   --> G_2            
     e( 27 - 27) =     -1.61321  eV     1   --> G_2            
     e( 28 - 28) =     -1.52855  eV     1   --> G_2            
     e( 29 - 29) =     -1.49326  eV     1   --> G_2            
     e( 30 - 30) =     -1.48874  eV     1   --> G_2            
     e( 31 - 31) =     -1.41653  eV     1   --> G_2            
     e( 32 - 32) =     -1.39773  eV     1   --> G_2            
     e( 33 - 33) =     -0.16848  eV     1   --> G_2            
     e( 34 - 34) =     -0.14486  eV     1   --> G_2            
     e( 35 - 35) =      0.14261  eV     1   --> G_2            
     e( 36 - 36) =      0.22508  eV     1   --> G_2            
     e( 37 - 37) =      1.01429  eV     1   --> G_2            
     e( 38 - 38) =      1.04286  eV     1   --> G_2            
     e( 39 - 39) =      1.24812  eV     1   --> G_2            
     e( 40 - 40) =      1.26377  eV     1   --> G_2            
     e( 41 - 41) =      2.21132  eV     1   --> G_2            
     e( 42 - 42) =      2.32137  eV     1   --> G_2            
     e( 43 - 43) =      3.68451  eV     1   --> G_2            
     e( 44 - 44) =      3.72707  eV     1   --> G_2            

 **************************************************************************

 **************************************************************************

                    xk=(   0.31429,   0.54436,   0.00000  )

     Band symmetry, C_1 (1)     double point group:

     e(  1 -  2) =    -61.50624  eV     2   -->   2 G_2            
     e(  3 -  3) =    -37.42450  eV     1   --> G_2            
     e(  4 -  4) =    -37.40424  eV     1   --> G_2            
     e(  5 -  5) =    -34.97259  eV     1   --> G_2            
     e(  6 -  6) =    -34.96708  eV     1   --> G_2            
     e(  7 -  7) =    -34.94008  eV     1   --> G_2            
     e(  8 -  8) =    -34.91658  eV     1   --> G_2            
     e(  9 -  9) =    -14.64758  eV     1   --> G_2            
     e( 10 - 10) =    -14.62016  eV     1   --> G_2            
     e( 11 - 11) =    -12.84896  eV     1   --> G_2            
     e( 12 - 12) =    -12.81349  eV     1   --> G_2            
     e( 13 - 13) =     -7.81348  eV     1   --> G_2            
     e( 14 - 14) =     -7.80532  eV     1   --> G_2            
     e( 15 - 15) =     -7.14045  eV     1   --> G_2            
     e( 16 - 16) =     -7.10751  eV     1   --> G_2            
     e( 17 - 17) =     -6.12650  eV     1   --> G_2            
     e( 18 - 18) =     -6.09345  eV     1   --> G_2            
     e( 19 - 19) =     -5.59205  eV     1   --> G_2            
     e( 20 - 20) =     -5.55515  eV     1   --> G_2            
     e( 21 - 21) =     -4.50250  eV     1   --> G_2            
     e( 22 - 22) =     -4.45406  eV     1   --> G_2            
     e( 23 - 23) =     -3.69681  eV     1   --> G_2            
     e( 24 - 24) =     -3.68854  eV     1   --> G_2            
     e( 25 - 25) =     -2.21067  eV     1   --> G_2            
     e( 26 - 26) =     -2.12209  eV     1   --> G_2            
     e( 27 - 27) =     -1.62642  eV     1   --> G_2            
     e( 28 - 28) =     -1.54066  eV     1   --> G_2            
     e( 29 - 29) =     -1.50067  eV     1   --> G_2            
     e( 30 - 30) =     -1.48670  eV     1   --> G_2            
     e( 31 - 31) =     -1.40586  eV     1   --> G_2            
     e( 32 - 32) =     -1.37013  eV     1   --> G_2            
     e( 33 - 33) =     -0.21013  eV     1   --> G_2            
     e( 34 - 34) =     -0.17188  eV     1   --> G_2            
     e( 35 - 35) =      0.14860  eV     1   --> G_2            
     e( 36 - 36) =      0.22405  eV     1   --> G_2            
     e( 37 - 37) =      1.02419  eV     1   --> G_2            
     e( 38 - 38) =      1.05987  eV     1   --> G_2            
     e( 39 - 39) =      1.27066  eV     1   --> G_2            
     e( 40 - 40) =      1.29977  eV     1   --> G_2            
     e( 41 - 41) =      2.20328  eV     1   --> G_2            
     e( 42 - 42) =      2.31739  eV     1   --> G_2            
     e( 43 - 43) =      3.63392  eV     1   --> G_2            
     e( 44 - 44) =      3.67765  eV     1   --> G_2            

 **************************************************************************

 **************************************************************************

                    xk=(   0.30476,   0.52786,   0.00000  )

     Band symmetry, C_1 (1)     double point group:

     e(  1 -  2) =    -61.50654  eV     2   -->   2 G_2            
     e(  3 -  3) =    -37.42361  eV     1   --> G_2            
     e(  4 -  4) =    -37.40369  eV     1   --> G_2            
     e(  5 -  5) =    -34.97671  eV     1   --> G_2            
     e(  6 -  6) =    -34.97049  eV     1   --> G_2            
     e(  7 -  7) =    -34.93344  eV     1   --> G_2            
     e(  8 -  8) =    -34.91106  eV     1   --> G_2            
     e(  9 -  9) =    -14.66205  eV     1   --> G_2            
     e( 10 - 10) =    -14.63513  eV     1   --> G_2            
     e( 11 - 11) =    -12.86259  eV     1   --> G_2            
     e( 12 - 12) =    -12.82765  eV     1   --> G_2            
     e( 13 - 13) =     -7.83475  eV     1   --> G_2            
     e( 14 - 14) =     -7.82566  eV     1   --> G_2            
     e( 15 - 15) =     -7.08645  eV     1   --> G_2            
     e( 16 - 16) =     -7.05591  eV     1   --> G_2            
     e( 17 - 17) =     -6.13921  eV     1   --> G_2            
     e( 18 - 18) =     -6.10688  eV     1   --> G_2            
     e( 19 - 19) =     -5.58015  eV     1   --> G_2            
     e( 20 - 20) =     -5.54017  eV     1   --> G_2            
     e( 21 - 21) =     -4.48921  eV     1   --> G_2            
     e( 22 - 22) =     -4.43700  eV     1   --> G_2            
     e( 23 - 23) =     -3.67619  eV     1   --> G_2            
     e( 24 - 24) =     -3.67077  eV     1   --> G_2            
     e( 25 - 25) =     -2.22236  eV     1   --> G_2            
     e( 26 - 26) =     -2.13619  eV     1   --> G_2            
     e( 27 - 27) =     -1.64345  eV     1   --> G_2            
     e( 28 - 28) =     -1.55723  eV     1   --> G_2            
     e( 29 - 29) =     -1.52235  eV     1   --> G_2            
     e( 30 - 30) =     -1.48720  eV     1   --> G_2            
     e( 31 - 31) =     -1.38940  eV     1   --> G_2            
     e( 32 - 32) =     -1.32248  eV     1   --> G_2            
     e( 33 - 33) =     -0.27058  eV     1   --> G_2            
     e( 34 - 34) =     -0.21786  eV     1   --> G_2            
     e( 35 - 35) =      0.15796  eV     1   --> G_2            
     e( 36 - 36) =      0.22662  eV     1   --> G_2            
     e( 37 - 37) =      1.03611  eV     1   --> G_2            
     e( 38 - 38) =      1.07112  eV     1   --> G_2            
     e( 39 - 39) =      1.31652  eV     1   --> G_2            
     e( 40 - 40) =      1.35214  eV     1   --> G_2            
     e( 41 - 41) =      2.19244  eV     1   --> G_2            
     e( 42 - 42) =      2.31313  eV     1   --> G_2            
     e( 43 - 43) =      3.55988  eV     1   --> G_2            
     e( 44 - 44) =      3.60578  eV     1   --> G_2            

 **************************************************************************

 **************************************************************************

                    xk=(   0.29524,   0.51137,   0.00000  )

     Band symmetry, C_1 (1)     double point group:

     e(  1 -  2) =    -61.50698  eV     2   -->   2 G_2            
     e(  3 -  3) =    -37.42230  eV     1   --> G_2            
     e(  4 -  4) =    -37.40287  eV     1   --> G_2            
     e(  5 -  5) =    -34.98028  eV     1   --> G_2            
     e(  6 -  6) =    -34.97391  eV     1   --> G_2            
     e(  7 -  7) =    -34.92626  eV     1   --> G_2            
     e(  8 -  8) =    -34.90460  eV     1   --> G_2            
     e(  9 -  9) =    -14.68309  eV     1   --> G_2            
     e( 10 - 10) =    -14.65682  eV     1   --> G_2            
     e( 11 - 11) =    -12.88228  eV     1   --> G_2            
     e( 12 - 12) =    -12.84797  eV     1   --> G_2            
     e( 13 - 13) =     -7.85274  eV     1   --> G_2            
     e( 14 - 14) =     -7.84327  eV     1   --> G_2            
     e( 15 - 15) =     -7.02017  eV     1   --> G_2            
     e( 16 - 16) =     -6.99225  eV     1   --> G_2            
     e( 17 - 17) =     -6.15388  eV     1   --> G_2            
     e( 18 - 18) =     -6.12237  eV     1   --> G_2            
     e( 19 - 19) =     -5.56679  eV     1   --> G_2            
     e( 20 - 20) =     -5.52434  eV     1   --> G_2            
     e( 21 - 21) =     -4.46888  eV     1   --> G_2            
     e( 22 - 22) =     -4.41300  eV     1   --> G_2            
     e( 23 - 23) =     -3.64767  eV     1   --> G_2            
     e( 24 - 24) =     -3.64552  eV     1   --> G_2            
     e( 25 - 25) =     -2.23847  eV     1   --> G_2            
     e( 26 - 26) =     -2.15557  eV     1   --> G_2            
     e( 27 - 27) =     -1.66051  eV     1   --> G_2            
     e( 28 - 28) =     -1.57384  eV     1   --> G_2            
     e( 29 - 29) =     -1.55419  eV     1   --> G_2            
     e( 30 - 30) =     -1.50831  eV     1   --> G_2            
     e( 31 - 31) =     -1.35149  eV     1   --> G_2            
     e( 32 - 32) =     -1.26679  eV     1   --> G_2            
     e( 33 - 33) =     -0.34189  eV     1   --> G_2            
     e( 34 - 34) =     -0.27788  eV     1   --> G_2            
     e( 35 - 35) =      0.16816  eV     1   --> G_2            
     e( 36 - 36) =      0.23248  eV     1   --> G_2            
     e( 37 - 37) =      1.04491  eV     1   --> G_2            
     e( 38 - 38) =      1.07147  eV     1   --> G_2            
     e( 39 - 39) =      1.38105  eV     1   --> G_2            
     e( 40 - 40) =      1.41633  eV     1   --> G_2            
     e( 41 - 41) =      2.18182  eV     1   --> G_2            
     e( 42 - 42) =      2.31024  eV     1   --> G_2            
     e( 43 - 43) =      3.46986  eV     1   --> G_2            
     e( 44 - 44) =      3.51802  eV     1   --> G_2            

 **************************************************************************

 **************************************************************************

                    xk=(   0.28571,   0.49487,   0.00000  )

     Band symmetry, C_1 (1)     double point group:

     e(  1 -  2) =    -61.50755  eV     2   -->   2 G_2            
     e(  3 -  3) =    -37.42057  eV     1   --> G_2            
     e(  4 -  4) =    -37.40173  eV     1   --> G_2            
     e(  5 -  5) =    -34.98310  eV     1   --> G_2            
     e(  6 -  6) =    -34.97693  eV     1   --> G_2            
     e(  7 -  7) =    -34.91877  eV     1   --> G_2            
     e(  8 -  8) =    -34.89756  eV     1   --> G_2            
     e(  9 -  9) =    -14.71095  eV     1   --> G_2            
     e( 10 - 10) =    -14.68548  eV     1   --> G_2            
     e( 11 - 11) =    -12.90818  eV     1   --> G_2            
     e( 12 - 12) =    -12.87453  eV     1   --> G_2            
     e( 13 - 13) =     -7.86302  eV     1   --> G_2            
     e( 14 - 14) =     -7.85377  eV     1   --> G_2            
     e( 15 - 15) =     -6.94506  eV     1   --> G_2            
     e( 16 - 16) =     -6.91989  eV     1   --> G_2            
     e( 17 - 17) =     -6.16955  eV     1   --> G_2            
     e( 18 - 18) =     -6.13902  eV     1   --> G_2            
     e( 19 - 19) =     -5.55281  eV     1   --> G_2            
     e( 20 - 20) =     -5.50923  eV     1   --> G_2            
     e( 21 - 21) =     -4.44090  eV     1   --> G_2            
     e( 22 - 22) =     -4.38235  eV     1   --> G_2            
     e( 23 - 23) =     -3.61388  eV     1   --> G_2            
     e( 24 - 24) =     -3.61122  eV     1   --> G_2            
     e( 25 - 25) =     -2.25897  eV     1   --> G_2            
     e( 26 - 26) =     -2.17984  eV     1   --> G_2            
     e( 27 - 27) =     -1.67586  eV     1   --> G_2            
     e( 28 - 28) =     -1.59559  eV     1   --> G_2            
     e( 29 - 29) =     -1.58852  eV     1   --> G_2            
     e( 30 - 30) =     -1.54536  eV     1   --> G_2            
     e( 31 - 31) =     -1.29878  eV     1   --> G_2            
     e( 32 - 32) =     -1.20618  eV     1   --> G_2            
     e( 33 - 33) =     -0.41775  eV     1   --> G_2            
     e( 34 - 34) =     -0.34636  eV     1   --> G_2            
     e( 35 - 35) =      0.17779  eV     1   --> G_2            
     e( 36 - 36) =      0.23988  eV     1   --> G_2            
     e( 37 - 37) =      1.04504  eV     1   --> G_2            
     e( 38 - 38) =      1.06245  eV     1   --> G_2            
     e( 39 - 39) =      1.45577  eV     1   --> G_2            
     e( 40 - 40) =      1.48719  eV     1   --> G_2            
     e( 41 - 41) =      2.17384  eV     1   --> G_2            
     e( 42 - 42) =      2.30878  eV     1   --> G_2            
     e( 43 - 43) =      3.37137  eV     1   --> G_2            
     e( 44 - 44) =      3.42058  eV     1   --> G_2            

 **************************************************************************

 **************************************************************************

                    xk=(   0.27619,   0.47838,   0.00000  )

     Band symmetry, C_1 (1)     double point group:

     e(  1 -  2) =    -61.50827  eV     2   -->   2 G_2            
     e(  3 -  3) =    -37.41840  eV     1   --> G_2            
     e(  4 -  4) =    -37.40025  eV     1   --> G_2            
     e(  5 -  5) =    -34.98508  eV     1   --> G_2            
     e(  6 -  6) =    -34.97929  eV     1   --> G_2            
     e(  7 -  7) =    -34.91103  eV     1   --> G_2            
     e(  8 -  8) =    -34.89014  eV     1   --> G_2            
     e(  9 -  9) =    -14.74576  eV     1   --> G_2            
     e( 10 - 10) =    -14.72119  eV     1   --> G_2            
     e( 11 - 11) =    -12.94028  eV     1   --> G_2            
     e( 12 - 12) =    -12.90724  eV     1   --> G_2            
     e( 13 - 13) =     -7.86271  eV     1   --> G_2            
     e( 14 - 14) =     -7.85426  eV     1   --> G_2            
     e( 15 - 15) =     -6.86352  eV     1   --> G_2            
     e( 16 - 16) =     -6.84127  eV     1   --> G_2            
     e( 17 - 17) =     -6.18562  eV     1   --> G_2            
     e( 18 - 18) =     -6.15632  eV     1   --> G_2            
     e( 19 - 19) =     -5.53840  eV     1   --> G_2            
     e( 20 - 20) =     -5.49537  eV     1   --> G_2            
     e( 21 - 21) =     -4.40531  eV     1   --> G_2            
     e( 22 - 22) =     -4.34556  eV     1   --> G_2            
     e( 23 - 23) =     -3.57542  eV     1   --> G_2            
     e( 24 - 24) =     -3.56884  eV     1   --> G_2            
     e( 25 - 25) =     -2.28385  eV     1   --> G_2            
     e( 26 - 26) =     -2.20859  eV     1   --> G_2            
     e( 27 - 27) =     -1.68918  eV     1   --> G_2            
     e( 28 - 28) =     -1.64376  eV     1   --> G_2            
     e( 29 - 29) =     -1.60405  eV     1   --> G_2            
     e( 30 - 30) =     -1.58977  eV     1   --> G_2            
     e( 31 - 31) =     -1.23751  eV     1   --> G_2            
     e( 32 - 32) =     -1.14320  eV     1   --> G_2            
     e( 33 - 33) =     -0.49335  eV     1   --> G_2            
     e( 34 - 34) =     -0.41861  eV     1   --> G_2            
     e( 35 - 35) =      0.18614  eV     1   --> G_2            
     e( 36 - 36) =      0.24691  eV     1   --> G_2            
     e( 37 - 37) =      1.03099  eV     1   --> G_2            
     e( 38 - 38) =      1.04891  eV     1   --> G_2            
     e( 39 - 39) =      1.53313  eV     1   --> G_2            
     e( 40 - 40) =      1.55963  eV     1   --> G_2            
     e( 41 - 41) =      2.16867  eV     1   --> G_2            
     e( 42 - 42) =      2.30603  eV     1   --> G_2            
     e( 43 - 43) =      3.27264  eV     1   --> G_2            
     e( 44 - 44) =      3.32026  eV     1   --> G_2            

 **************************************************************************

 **************************************************************************

                    xk=(   0.26667,   0.46188,   0.00000  )

     Band symmetry, C_1 (1)     double point group:

     e(  1 -  2) =    -61.50914  eV     2   -->   2 G_2            
     e(  3 -  3) =    -37.41579  eV     1   --> G_2            
     e(  4 -  4) =    -37.39842  eV     1   --> G_2            
     e(  5 -  5) =    -34.98624  eV     1   --> G_2            
     e(  6 -  6) =    -34.98087  eV     1   --> G_2            
     e(  7 -  7) =    -34.90308  eV     1   --> G_2            
     e(  8 -  8) =    -34.88247  eV     1   --> G_2            
     e(  9 -  9) =    -14.78749  eV     1   --> G_2            
     e( 10 - 10) =    -14.76390  eV     1   --> G_2            
     e( 11 - 11) =    -12.97845  eV     1   --> G_2            
     e( 12 - 12) =    -12.94588  eV     1   --> G_2            
     e( 13 - 13) =     -7.85003  eV     1   --> G_2            
     e( 14 - 14) =     -7.84284  eV     1   --> G_2            
     e( 15 - 15) =     -6.77764  eV     1   --> G_2            
     e( 16 - 16) =     -6.75866  eV     1   --> G_2            
     e( 17 - 17) =     -6.20135  eV     1   --> G_2            
     e( 18 - 18) =     -6.17361  eV     1   --> G_2            
     e( 19 - 19) =     -5.52330  eV     1   --> G_2            
     e( 20 - 20) =     -5.48245  eV     1   --> G_2            
     e( 21 - 21) =     -4.36293  eV     1   --> G_2            
     e( 22 - 22) =     -4.30355  eV     1   --> G_2            
     e( 23 - 23) =     -3.53165  eV     1   --> G_2            
     e( 24 - 24) =     -3.52093  eV     1   --> G_2            
     e( 25 - 25) =     -2.31303  eV     1   --> G_2            
     e( 26 - 26) =     -2.24135  eV     1   --> G_2            
     e( 27 - 27) =     -1.70779  eV     1   --> G_2            
     e( 28 - 28) =     -1.68902  eV     1   --> G_2            
     e( 29 - 29) =     -1.65011  eV     1   --> G_2            
     e( 30 - 30) =     -1.60699  eV     1   --> G_2            
     e( 31 - 31) =     -1.17170  eV     1   --> G_2            
     e( 32 - 32) =     -1.08159  eV     1   --> G_2            
     e( 33 - 33) =     -0.56422  eV     1   --> G_2            
     e( 34 - 34) =     -0.49061  eV     1   --> G_2            
     e( 35 - 35) =      0.19238  eV     1   --> G_2            
     e( 36 - 36) =      0.25164  eV     1   --> G_2            
     e( 37 - 37) =      1.00538  eV     1   --> G_2            
     e( 38 - 38) =      1.03111  eV     1   --> G_2            
     e( 39 - 39) =      1.60755  eV     1   --> G_2            
     e( 40 - 40) =      1.62906  eV     1   --> G_2            
     e( 41 - 41) =      2.16318  eV     1   --> G_2            
     e( 42 - 42) =      2.29612  eV     1   --> G_2            
     e( 43 - 43) =      3.18261  eV     1   --> G_2            
     e( 44 - 44) =      3.22490  eV     1   --> G_2            

 **************************************************************************

 **************************************************************************

                    xk=(   0.25714,   0.44538,   0.00000  )

     Band symmetry, C_1 (1)     double point group:

     e(  1 -  2) =    -61.51016  eV     2   -->   2 G_2            
     e(  3 -  3) =    -37.41272  eV     1   --> G_2            
     e(  4 -  4) =    -37.39621  eV     1   --> G_2            
     e(  5 -  5) =    -34.98659  eV     1   --> G_2            
     e(  6 -  6) =    -34.98155  eV     1   --> G_2            
     e(  7 -  7) =    -34.89493  eV     1   --> G_2            
     e(  8 -  8) =    -34.87459  eV     1   --> G_2            
     e(  9 -  9) =    -14.83597  eV     1   --> G_2            
     e( 10 - 10) =    -14.81340  eV     1   --> G_2            
     e( 11 - 11) =    -13.02239  eV     1   --> G_2            
     e( 12 - 12) =    -12.99009  eV     1   --> G_2            
     e( 13 - 13) =     -7.82399  eV     1   --> G_2            
     e( 14 - 14) =     -7.81842  eV     1   --> G_2            
     e( 15 - 15) =     -6.69013  eV     1   --> G_2            
     e( 16 - 16) =     -6.67511  eV     1   --> G_2            
     e( 17 - 17) =     -6.21509  eV     1   --> G_2            
     e( 18 - 18) =     -6.18931  eV     1   --> G_2            
     e( 19 - 19) =     -5.50697  eV     1   --> G_2            
     e( 20 - 20) =     -5.46964  eV     1   --> G_2            
     e( 21 - 21) =     -4.31524  eV     1   --> G_2            
     e( 22 - 22) =     -4.25758  eV     1   --> G_2            
     e( 23 - 23) =     -3.48352  eV     1   --> G_2            
     e( 24 - 24) =     -3.46867  eV     1   --> G_2            
     e( 25 - 25) =     -2.34622  eV     1   --> G_2            
     e( 26 - 26) =     -2.27758  eV     1   --> G_2            
     e( 27 - 27) =     -1.75732  eV     1   --> G_2            
     e( 28 - 28) =     -1.71261  eV     1   --> G_2            
     e( 29 - 29) =     -1.69630  eV     1   --> G_2            
     e( 30 - 30) =     -1.61335  eV     1   --> G_2            
     e( 31 - 31) =     -1.10563  eV     1   --> G_2            
     e( 32 - 32) =     -1.02817  eV     1   --> G_2            
     e( 33 - 33) =     -0.62437  eV     1   --> G_2            
     e( 34 - 34) =     -0.55757  eV     1   --> G_2            
     e( 35 - 35) =      0.19499  eV     1   --> G_2            
     e( 36 - 36) =      0.25176  eV     1   --> G_2            
     e( 37 - 37) =      0.97570  eV     1   --> G_2            
     e( 38 - 38) =      1.00833  eV     1   --> G_2            
     e( 39 - 39) =      1.67488  eV     1   --> G_2            
     e( 40 - 40) =      1.69159  eV     1   --> G_2            
     e( 41 - 41) =      2.15138  eV     1   --> G_2            
     e( 42 - 42) =      2.27154  eV     1   --> G_2            
     e( 43 - 43) =      3.10944  eV     1   --> G_2            
     e( 44 - 44) =      3.14362  eV     1   --> G_2            

 **************************************************************************

 **************************************************************************

                    xk=(   0.24762,   0.42889,   0.00000  )

     Band symmetry, C_1 (1)     double point group:

     e(  1 -  2) =    -61.51132  eV     2   -->   2 G_2            
     e(  3 -  3) =    -37.40922  eV     1   --> G_2            
     e(  4 -  4) =    -37.39362  eV     1   --> G_2            
     e(  5 -  5) =    -34.98621  eV     1   --> G_2            
     e(  6 -  6) =    -34.98131  eV     1   --> G_2            
     e(  7 -  7) =    -34.88657  eV     1   --> G_2            
     e(  8 -  8) =    -34.86655  eV     1   --> G_2            
     e(  9 -  9) =    -14.89089  eV     1   --> G_2            
     e( 10 - 10) =    -14.86934  eV     1   --> G_2            
     e( 11 - 11) =    -13.07167  eV     1   --> G_2            
     e( 12 - 12) =    -13.03940  eV     1   --> G_2            
     e( 13 - 13) =     -7.78414  eV     1   --> G_2            
     e( 14 - 14) =     -7.78044  eV     1   --> G_2            
     e( 15 - 15) =     -6.60584  eV     1   --> G_2            
     e( 16 - 16) =     -6.59618  eV     1   --> G_2            
     e( 17 - 17) =     -6.22272  eV     1   --> G_2            
     e( 18 - 18) =     -6.19938  eV     1   --> G_2            
     e( 19 - 19) =     -5.48876  eV     1   --> G_2            
     e( 20 - 20) =     -5.45589  eV     1   --> G_2            
     e( 21 - 21) =     -4.26421  eV     1   --> G_2            
     e( 22 - 22) =     -4.20925  eV     1   --> G_2            
     e( 23 - 23) =     -3.43216  eV     1   --> G_2            
     e( 24 - 24) =     -3.41329  eV     1   --> G_2            
     e( 25 - 25) =     -2.38277  eV     1   --> G_2            
     e( 26 - 26) =     -2.31652  eV     1   --> G_2            
     e( 27 - 27) =     -1.81053  eV     1   --> G_2            
     e( 28 - 28) =     -1.76685  eV     1   --> G_2            
     e( 29 - 29) =     -1.70300  eV     1   --> G_2            
     e( 30 - 30) =     -1.61644  eV     1   --> G_2            
     e( 31 - 31) =     -1.04614  eV     1   --> G_2            
     e( 32 - 32) =     -0.99526  eV     1   --> G_2            
     e( 33 - 33) =     -0.66524  eV     1   --> G_2            
     e( 34 - 34) =     -0.61027  eV     1   --> G_2            
     e( 35 - 35) =      0.19164  eV     1   --> G_2            
     e( 36 - 36) =      0.24447  eV     1   --> G_2            
     e( 37 - 37) =      0.94796  eV     1   --> G_2            
     e( 38 - 38) =      0.98407  eV     1   --> G_2            
     e( 39 - 39) =      1.73186  eV     1   --> G_2            
     e( 40 - 40) =      1.74405  eV     1   --> G_2            
     e( 41 - 41) =      2.12689  eV     1   --> G_2            
     e( 42 - 42) =      2.22706  eV     1   --> G_2            
     e( 43 - 43) =      3.05611  eV     1   --> G_2            
     e( 44 - 44) =      3.08657  eV     1   --> G_2            

 **************************************************************************

 **************************************************************************

                    xk=(   0.23810,   0.41239,   0.00000  )

     Band symmetry, C_1 (1)     double point group:

     e(  1 -  2) =    -61.51263  eV     2   -->   2 G_2            
     e(  3 -  3) =    -37.40530  eV     1   --> G_2            
     e(  4 -  4) =    -37.39066  eV     1   --> G_2            
     e(  5 -  5) =    -34.98513  eV     1   --> G_2            
     e(  6 -  6) =    -34.98014  eV     1   --> G_2            
     e(  7 -  7) =    -34.87798  eV     1   --> G_2            
     e(  8 -  8) =    -34.85835  eV     1   --> G_2            
     e(  9 -  9) =    -14.95178  eV     1   --> G_2            
     e( 10 - 10) =    -14.93124  eV     1   --> G_2            
     e( 11 - 11) =    -13.12572  eV     1   --> G_2            
     e( 12 - 12) =    -13.09327  eV     1   --> G_2            
     e( 13 - 13) =     -7.73055  eV     1   --> G_2            
     e( 14 - 14) =     -7.72872  eV     1   --> G_2            
     e( 15 - 15) =     -6.53504  eV     1   --> G_2            
     e( 16 - 16) =     -6.53214  eV     1   --> G_2            
     e( 17 - 17) =     -6.21533  eV     1   --> G_2            
     e( 18 - 18) =     -6.19444  eV     1   --> G_2            
     e( 19 - 19) =     -5.46799  eV     1   --> G_2            
     e( 20 - 20) =     -5.44012  eV     1   --> G_2            
     e( 21 - 21) =     -4.21207  eV     1   --> G_2            
     e( 22 - 22) =     -4.16042  eV     1   --> G_2            
     e( 23 - 23) =     -3.37884  eV     1   --> G_2            
     e( 24 - 24) =     -3.35617  eV     1   --> G_2            
     e( 25 - 25) =     -2.42153  eV     1   --> G_2            
     e( 26 - 26) =     -2.35702  eV     1   --> G_2            
     e( 27 - 27) =     -1.85912  eV     1   --> G_2            
     e( 28 - 28) =     -1.81989  eV     1   --> G_2            
     e( 29 - 29) =     -1.70353  eV     1   --> G_2            
     e( 30 - 30) =     -1.61680  eV     1   --> G_2            
     e( 31 - 31) =     -1.00603  eV     1   --> G_2            
     e( 32 - 32) =     -0.99575  eV     1   --> G_2            
     e( 33 - 33) =     -0.68370  eV     1   --> G_2            
     e( 34 - 34) =     -0.62835  eV     1   --> G_2            
     e( 35 - 35) =      0.17947  eV     1   --> G_2            
     e( 36 - 36) =      0.22692  eV     1   --> G_2            
     e( 37 - 37) =      0.92758  eV     1   --> G_2            
     e( 38 - 38) =      0.96336  eV     1   --> G_2            
     e( 39 - 39) =      1.77555  eV     1   --> G_2            
     e( 40 - 40) =      1.78364  eV     1   --> G_2            
     e( 41 - 41) =      2.08721  eV     1   --> G_2            
     e( 42 - 42) =      2.16388  eV     1   --> G_2            
     e( 43 - 43) =      3.02050  eV     1   --> G_2            
     e( 44 - 44) =      3.05907  eV     1   --> G_2            

 **************************************************************************

 **************************************************************************

                    xk=(   0.22857,   0.39590,   0.00000  )

     Band symmetry, C_1 (1)     double point group:

     e(  1 -  2) =    -61.51407  eV     2   -->   2 G_2            
     e(  3 -  3) =    -37.40097  eV     1   --> G_2            
     e(  4 -  4) =    -37.38732  eV     1   --> G_2            
     e(  5 -  5) =    -34.98342  eV     1   --> G_2            
     e(  6 -  6) =    -34.97811  eV     1   --> G_2            
     e(  7 -  7) =    -34.86914  eV     1   --> G_2            
     e(  8 -  8) =    -34.84999  eV     1   --> G_2            
     e(  9 -  9) =    -15.01811  eV     1   --> G_2            
     e( 10 - 10) =    -14.99853  eV     1   --> G_2            
     e( 11 - 11) =    -13.18392  eV     1   --> G_2            
     e( 12 - 12) =    -13.15108  eV     1   --> G_2            
     e( 13 - 13) =     -7.66424  eV     1   --> G_2            
     e( 14 - 14) =     -7.66279  eV     1   --> G_2            
     e( 15 - 15) =     -6.49944  eV     1   --> G_2            
     e( 16 - 16) =     -6.49102  eV     1   --> G_2            
     e( 17 - 17) =     -6.18007  eV     1   --> G_2            
     e( 18 - 18) =     -6.15997  eV     1   --> G_2            
     e( 19 - 19) =     -5.44398  eV     1   --> G_2            
     e( 20 - 20) =     -5.42135  eV     1   --> G_2            
     e( 21 - 21) =     -4.16110  eV     1   --> G_2            
     e( 22 - 22) =     -4.11301  eV     1   --> G_2            
     e( 23 - 23) =     -3.32508  eV     1   --> G_2            
     e( 24 - 24) =     -3.29893  eV     1   --> G_2            
     e( 25 - 25) =     -2.46067  eV     1   --> G_2            
     e( 26 - 26) =     -2.39741  eV     1   --> G_2            
     e( 27 - 27) =     -1.89993  eV     1   --> G_2            
     e( 28 - 28) =     -1.86625  eV     1   --> G_2            
     e( 29 - 29) =     -1.70098  eV     1   --> G_2            
     e( 30 - 30) =     -1.61476  eV     1   --> G_2            
     e( 31 - 31) =     -1.02916  eV     1   --> G_2            
     e( 32 - 32) =     -0.99890  eV     1   --> G_2            
     e( 33 - 33) =     -0.67833  eV     1   --> G_2            
     e( 34 - 34) =     -0.60335  eV     1   --> G_2            
     e( 35 - 35) =      0.15599  eV     1   --> G_2            
     e( 36 - 36) =      0.19724  eV     1   --> G_2            
     e( 37 - 37) =      0.91878  eV     1   --> G_2            
     e( 38 - 38) =      0.95089  eV     1   --> G_2            
     e( 39 - 39) =      1.80129  eV     1   --> G_2            
     e( 40 - 40) =      1.80827  eV     1   --> G_2            
     e( 41 - 41) =      2.03762  eV     1   --> G_2            
     e( 42 - 42) =      2.08995  eV     1   --> G_2            
     e( 43 - 43) =      3.00205  eV     1   --> G_2            
     e( 44 - 44) =      3.05345  eV     1   --> G_2            

 **************************************************************************

 **************************************************************************

                    xk=(   0.21905,   0.37940,   0.00000  )

     Band symmetry, C_1 (1)     double point group:

     e(  1 -  2) =    -61.51564  eV     2   -->   2 G_2            
     e(  3 -  3) =    -37.39628  eV     1   --> G_2            
     e(  4 -  4) =    -37.38362  eV     1   --> G_2            
     e(  5 -  5) =    -34.98109  eV     1   --> G_2            
     e(  6 -  6) =    -34.97533  eV     1   --> G_2            
     e(  7 -  7) =    -34.86002  eV     1   --> G_2            
     e(  8 -  8) =    -34.84146  eV     1   --> G_2            
     e(  9 -  9) =    -15.08920  eV     1   --> G_2            
     e( 10 - 10) =    -15.07053  eV     1   --> G_2            
     e( 11 - 11) =    -13.24556  eV     1   --> G_2            
     e( 12 - 12) =    -13.21218  eV     1   --> G_2            
     e( 13 - 13) =     -7.58612  eV     1   --> G_2            
     e( 14 - 14) =     -7.58283  eV     1   --> G_2            
     e( 15 - 15) =     -6.49909  eV     1   --> G_2            
     e( 16 - 16) =     -6.48418  eV     1   --> G_2            
     e( 17 - 17) =     -6.11242  eV     1   --> G_2            
     e( 18 - 18) =     -6.09169  eV     1   --> G_2            
     e( 19 - 19) =     -5.41606  eV     1   --> G_2            
     e( 20 - 20) =     -5.39867  eV     1   --> G_2            
     e( 21 - 21) =     -4.11338  eV     1   --> G_2            
     e( 22 - 22) =     -4.06884  eV     1   --> G_2            
     e( 23 - 23) =     -3.27265  eV     1   --> G_2            
     e( 24 - 24) =     -3.24359  eV     1   --> G_2            
     e( 25 - 25) =     -2.49766  eV     1   --> G_2            
     e( 26 - 26) =     -2.43542  eV     1   --> G_2            
     e( 27 - 27) =     -1.93085  eV     1   --> G_2            
     e( 28 - 28) =     -1.90359  eV     1   --> G_2            
     e( 29 - 29) =     -1.69583  eV     1   --> G_2            
     e( 30 - 30) =     -1.61065  eV     1   --> G_2            
     e( 31 - 31) =     -1.07815  eV     1   --> G_2            
     e( 32 - 32) =     -1.02739  eV     1   --> G_2            
     e( 33 - 33) =     -0.64534  eV     1   --> G_2            
     e( 34 - 34) =     -0.55806  eV     1   --> G_2            
     e( 35 - 35) =      0.12035  eV     1   --> G_2            
     e( 36 - 36) =      0.15564  eV     1   --> G_2            
     e( 37 - 37) =      0.92366  eV     1   --> G_2            
     e( 38 - 38) =      0.94992  eV     1   --> G_2            
     e( 39 - 39) =      1.79932  eV     1   --> G_2            
     e( 40 - 40) =      1.81796  eV     1   --> G_2            
     e( 41 - 41) =      1.99021  eV     1   --> G_2            
     e( 42 - 42) =      2.01834  eV     1   --> G_2            
     e( 43 - 43) =      2.99694  eV     1   --> G_2            
     e( 44 - 44) =      3.05891  eV     1   --> G_2            

 **************************************************************************

 **************************************************************************

                    xk=(   0.20952,   0.36291,   0.00000  )

     Band symmetry, C_1 (1)     double point group:

     e(  1 -  2) =    -61.51733  eV     2   -->   2 G_2            
     e(  3 -  3) =    -37.39126  eV     1   --> G_2            
     e(  4 -  4) =    -37.37959  eV     1   --> G_2            
     e(  5 -  5) =    -34.97818  eV     1   --> G_2            
     e(  6 -  6) =    -34.97193  eV     1   --> G_2            
     e(  7 -  7) =    -34.85058  eV     1   --> G_2            
     e(  8 -  8) =    -34.83275  eV     1   --> G_2            
     e(  9 -  9) =    -15.16435  eV     1   --> G_2            
     e( 10 - 10) =    -15.14650  eV     1   --> G_2            
     e( 11 - 11) =    -13.30990  eV     1   --> G_2            
     e( 12 - 12) =    -13.27592  eV     1   --> G_2            
     e( 13 - 13) =     -7.49596  eV     1   --> G_2            
     e( 14 - 14) =     -7.49055  eV     1   --> G_2            
     e( 15 - 15) =     -6.52247  eV     1   --> G_2            
     e( 16 - 16) =     -6.50427  eV     1   --> G_2            
     e( 17 - 17) =     -6.02265  eV     1   --> G_2            
     e( 18 - 18) =     -6.00135  eV     1   --> G_2            
     e( 19 - 19) =     -5.38352  eV     1   --> G_2            
     e( 20 - 20) =     -5.37124  eV     1   --> G_2            
     e( 21 - 21) =     -4.07059  eV     1   --> G_2            
     e( 22 - 22) =     -4.02945  eV     1   --> G_2            
     e( 23 - 23) =     -3.22367  eV     1   --> G_2            
     e( 24 - 24) =     -3.19256  eV     1   --> G_2            
     e( 25 - 25) =     -2.52944  eV     1   --> G_2            
     e( 26 - 26) =     -2.46832  eV     1   --> G_2            
     e( 27 - 27) =     -1.95060  eV     1   --> G_2            
     e( 28 - 28) =     -1.93044  eV     1   --> G_2            
     e( 29 - 29) =     -1.68836  eV     1   --> G_2            
     e( 30 - 30) =     -1.60480  eV     1   --> G_2            
     e( 31 - 31) =     -1.13244  eV     1   --> G_2            
     e( 32 - 32) =     -1.07467  eV     1   --> G_2            
     e( 33 - 33) =     -0.59943  eV     1   --> G_2            
     e( 34 - 34) =     -0.51105  eV     1   --> G_2            
     e( 35 - 35) =      0.07458  eV     1   --> G_2            
     e( 36 - 36) =      0.10476  eV     1   --> G_2            
     e( 37 - 37) =      0.94203  eV     1   --> G_2            
     e( 38 - 38) =      0.96163  eV     1   --> G_2            
     e( 39 - 39) =      1.76846  eV     1   --> G_2            
     e( 40 - 40) =      1.80699  eV     1   --> G_2            
     e( 41 - 41) =      1.94557  eV     1   --> G_2            
     e( 42 - 42) =      1.97349  eV     1   --> G_2            
     e( 43 - 43) =      2.99841  eV     1   --> G_2            
     e( 44 - 44) =      3.06706  eV     1   --> G_2            

 **************************************************************************

 **************************************************************************

                    xk=(   0.20000,   0.34641,   0.00000  )

     Band symmetry, C_1 (1)     double point group:

     e(  1 -  2) =    -61.51912  eV     2   -->   2 G_2            
     e(  3 -  3) =    -37.38595  eV     1   --> G_2            
     e(  4 -  4) =    -37.37526  eV     1   --> G_2            
     e(  5 -  5) =    -34.97477  eV     1   --> G_2            
     e(  6 -  6) =    -34.96804  eV     1   --> G_2            
     e(  7 -  7) =    -34.84081  eV     1   --> G_2            
     e(  8 -  8) =    -34.82384  eV     1   --> G_2            
     e(  9 -  9) =    -15.24277  eV     1   --> G_2            
     e( 10 - 10) =    -15.22568  eV     1   --> G_2            
     e( 11 - 11) =    -13.37622  eV     1   --> G_2            
     e( 12 - 12) =    -13.34163  eV     1   --> G_2            
     e( 13 - 13) =     -7.39454  eV     1   --> G_2            
     e( 14 - 14) =     -7.38702  eV     1   --> G_2            
     e( 15 - 15) =     -6.56018  eV     1   --> G_2            
     e( 16 - 16) =     -6.54031  eV     1   --> G_2            
     e( 17 - 17) =     -5.92289  eV     1   --> G_2            
     e( 18 - 18) =     -5.90094  eV     1   --> G_2            
     e( 19 - 19) =     -5.34566  eV     1   --> G_2            
     e( 20 - 20) =     -5.33806  eV     1   --> G_2            
     e( 21 - 21) =     -4.03384  eV     1   --> G_2            
     e( 22 - 22) =     -3.99589  eV     1   --> G_2            
     e( 23 - 23) =     -3.18040  eV     1   --> G_2            
     e( 24 - 24) =     -3.14847  eV     1   --> G_2            
     e( 25 - 25) =     -2.55283  eV     1   --> G_2            
     e( 26 - 26) =     -2.49332  eV     1   --> G_2            
     e( 27 - 27) =     -1.95865  eV     1   --> G_2            
     e( 28 - 28) =     -1.94599  eV     1   --> G_2            
     e( 29 - 29) =     -1.67876  eV     1   --> G_2            
     e( 30 - 30) =     -1.59753  eV     1   --> G_2            
     e( 31 - 31) =     -1.18595  eV     1   --> G_2            
     e( 32 - 32) =     -1.12809  eV     1   --> G_2            
     e( 33 - 33) =     -0.55629  eV     1   --> G_2            
     e( 34 - 34) =     -0.47396  eV     1   --> G_2            
     e( 35 - 35) =      0.02402  eV     1   --> G_2            
     e( 36 - 36) =      0.04946  eV     1   --> G_2            
     e( 37 - 37) =      0.97204  eV     1   --> G_2            
     e( 38 - 38) =      0.98570  eV     1   --> G_2            
     e( 39 - 39) =      1.72301  eV     1   --> G_2            
     e( 40 - 40) =      1.77408  eV     1   --> G_2            
     e( 41 - 41) =      1.90828  eV     1   --> G_2            
     e( 42 - 42) =      1.95514  eV     1   --> G_2            
     e( 43 - 43) =      2.99998  eV     1   --> G_2            
     e( 44 - 44) =      3.07192  eV     1   --> G_2            

 **************************************************************************

 **************************************************************************

                    xk=(   0.19048,   0.32991,   0.00000  )

     Band symmetry, C_1 (1)     double point group:

     e(  1 -  2) =    -61.52101  eV     2   -->   2 G_2            
     e(  3 -  3) =    -37.38040  eV     1   --> G_2            
     e(  4 -  4) =    -37.37066  eV     1   --> G_2            
     e(  5 -  5) =    -34.97091  eV     1   --> G_2            
     e(  6 -  6) =    -34.96379  eV     1   --> G_2            
     e(  7 -  7) =    -34.83068  eV     1   --> G_2            
     e(  8 -  8) =    -34.81469  eV     1   --> G_2            
     e(  9 -  9) =    -15.32367  eV     1   --> G_2            
     e( 10 - 10) =    -15.30727  eV     1   --> G_2            
     e( 11 - 11) =    -13.44379  eV     1   --> G_2            
     e( 12 - 12) =    -13.40868  eV     1   --> G_2            
     e( 13 - 13) =     -7.28289  eV     1   --> G_2            
     e( 14 - 14) =     -7.27333  eV     1   --> G_2            
     e( 15 - 15) =     -6.60713  eV     1   --> G_2            
     e( 16 - 16) =     -6.58627  eV     1   --> G_2            
     e( 17 - 17) =     -5.82110  eV     1   --> G_2            
     e( 18 - 18) =     -5.79800  eV     1   --> G_2            
     e( 19 - 19) =     -5.30243  eV     1   --> G_2            
     e( 20 - 20) =     -5.29743  eV     1   --> G_2            
     e( 21 - 21) =     -4.00348  eV     1   --> G_2            
     e( 22 - 22) =     -3.96856  eV     1   --> G_2            
     e( 23 - 23) =     -3.14485  eV     1   --> G_2            
     e( 24 - 24) =     -3.11358  eV     1   --> G_2            
     e( 25 - 25) =     -2.56528  eV     1   --> G_2            
     e( 26 - 26) =     -2.50819  eV     1   --> G_2            
     e( 27 - 27) =     -1.95574  eV     1   --> G_2            
     e( 28 - 28) =     -1.94963  eV     1   --> G_2            
     e( 29 - 29) =     -1.66719  eV     1   --> G_2            
     e( 30 - 30) =     -1.58917  eV     1   --> G_2            
     e( 31 - 31) =     -1.23528  eV     1   --> G_2            
     e( 32 - 32) =     -1.18116  eV     1   --> G_2            
     e( 33 - 33) =     -0.52779  eV     1   --> G_2            
     e( 34 - 34) =     -0.45597  eV     1   --> G_2            
     e( 35 - 35) =     -0.02385  eV     1   --> G_2            
     e( 36 - 36) =     -0.00308  eV     1   --> G_2            
     e( 37 - 37) =      1.01064  eV     1   --> G_2            
     e( 38 - 38) =      1.02164  eV     1   --> G_2            
     e( 39 - 39) =      1.68024  eV     1   --> G_2            
     e( 40 - 40) =      1.73314  eV     1   --> G_2            
     e( 41 - 41) =      1.88306  eV     1   --> G_2            
     e( 42 - 42) =      1.94211  eV     1   --> G_2            
     e( 43 - 43) =      2.99657  eV     1   --> G_2            
     e( 44 - 44) =      3.06924  eV     1   --> G_2            

 **************************************************************************

 **************************************************************************

                    xk=(   0.18095,   0.31342,   0.00000  )

     Band symmetry, C_1 (1)     double point group:

     e(  1 -  2) =    -61.52298  eV     2   -->   2 G_2            
     e(  3 -  3) =    -37.37467  eV     1   --> G_2            
     e(  4 -  4) =    -37.36583  eV     1   --> G_2            
     e(  5 -  5) =    -34.96671  eV     1   --> G_2            
     e(  6 -  6) =    -34.95930  eV     1   --> G_2            
     e(  7 -  7) =    -34.82017  eV     1   --> G_2            
     e(  8 -  8) =    -34.80529  eV     1   --> G_2            
     e(  9 -  9) =    -15.40623  eV     1   --> G_2            
     e( 10 - 10) =    -15.39045  eV     1   --> G_2            
     e( 11 - 11) =    -13.51193  eV     1   --> G_2            
     e( 12 - 12) =    -13.47642  eV     1   --> G_2            
     e( 13 - 13) =     -7.16225  eV     1   --> G_2            
     e( 14 - 14) =     -7.15071  eV     1   --> G_2            
     e( 15 - 15) =     -6.66059  eV     1   --> G_2            
     e( 16 - 16) =     -6.63918  eV     1   --> G_2            
     e( 17 - 17) =     -5.72247  eV     1   --> G_2            
     e( 18 - 18) =     -5.69766  eV     1   --> G_2            
     e( 19 - 19) =     -5.25446  eV     1   --> G_2            
     e( 20 - 20) =     -5.24715  eV     1   --> G_2            
     e( 21 - 21) =     -3.97905  eV     1   --> G_2            
     e( 22 - 22) =     -3.94704  eV     1   --> G_2            
     e( 23 - 23) =     -3.11813  eV     1   --> G_2            
     e( 24 - 24) =     -3.08893  eV     1   --> G_2            
     e( 25 - 25) =     -2.56581  eV     1   --> G_2            
     e( 26 - 26) =     -2.51193  eV     1   --> G_2            
     e( 27 - 27) =     -1.94664  eV     1   --> G_2            
     e( 28 - 28) =     -1.93816  eV     1   --> G_2            
     e( 29 - 29) =     -1.65381  eV     1   --> G_2            
     e( 30 - 30) =     -1.58006  eV     1   --> G_2            
     e( 31 - 31) =     -1.27817  eV     1   --> G_2            
     e( 32 - 32) =     -1.23048  eV     1   --> G_2            
     e( 33 - 33) =     -0.52356  eV     1   --> G_2            
     e( 34 - 34) =     -0.46311  eV     1   --> G_2            
     e( 35 - 35) =     -0.06294  eV     1   --> G_2            
     e( 36 - 36) =     -0.04416  eV     1   --> G_2            
     e( 37 - 37) =      1.05512  eV     1   --> G_2            
     e( 38 - 38) =      1.06886  eV     1   --> G_2            
     e( 39 - 39) =      1.65018  eV     1   --> G_2            
     e( 40 - 40) =      1.69953  eV     1   --> G_2            
     e( 41 - 41) =      1.86214  eV     1   --> G_2            
     e( 42 - 42) =      1.92869  eV     1   --> G_2            
     e( 43 - 43) =      2.98468  eV     1   --> G_2            
     e( 44 - 44) =      3.05618  eV     1   --> G_2            

 **************************************************************************

 **************************************************************************

                    xk=(   0.17143,   0.29692,   0.00000  )

     Band symmetry, C_1 (1)     double point group:

     e(  1 -  2) =    -61.52501  eV     2   -->   2 G_2            
     e(  3 -  3) =    -37.36882  eV     1   --> G_2            
     e(  4 -  4) =    -37.36082  eV     1   --> G_2            
     e(  5 -  5) =    -34.96227  eV     1   --> G_2            
     e(  6 -  6) =    -34.95470  eV     1   --> G_2            
     e(  7 -  7) =    -34.80929  eV     1   --> G_2            
     e(  8 -  8) =    -34.79563  eV     1   --> G_2            
     e(  9 -  9) =    -15.48965  eV     1   --> G_2            
     e( 10 - 10) =    -15.47445  eV     1   --> G_2            
     e( 11 - 11) =    -13.57999  eV     1   --> G_2            
     e( 12 - 12) =    -13.54428  eV     1   --> G_2            
     e( 13 - 13) =     -7.03442  eV     1   --> G_2            
     e( 14 - 14) =     -7.02075  eV     1   --> G_2            
     e( 15 - 15) =     -6.71834  eV     1   --> G_2            
     e( 16 - 16) =     -6.69710  eV     1   --> G_2            
     e( 17 - 17) =     -5.63067  eV     1   --> G_2            
     e( 18 - 18) =     -5.60380  eV     1   --> G_2            
     e( 19 - 19) =     -5.20008  eV     1   --> G_2            
     e( 20 - 20) =     -5.18851  eV     1   --> G_2            
     e( 21 - 21) =     -3.95919  eV     1   --> G_2            
     e( 22 - 22) =     -3.93004  eV     1   --> G_2            
     e( 23 - 23) =     -3.09999  eV     1   --> G_2            
     e( 24 - 24) =     -3.07364  eV     1   --> G_2            
     e( 25 - 25) =     -2.55554  eV     1   --> G_2            
     e( 26 - 26) =     -2.50518  eV     1   --> G_2            
     e( 27 - 27) =     -1.93183  eV     1   --> G_2            
     e( 28 - 28) =     -1.91433  eV     1   --> G_2            
     e( 29 - 29) =     -1.63889  eV     1   --> G_2            
     e( 30 - 30) =     -1.57052  eV     1   --> G_2            
     e( 31 - 31) =     -1.31279  eV     1   --> G_2            
     e( 32 - 32) =     -1.27388  eV     1   --> G_2            
     e( 33 - 33) =     -0.54798  eV     1   --> G_2            
     e( 34 - 34) =     -0.49470  eV     1   --> G_2            
     e( 35 - 35) =     -0.09081  eV     1   --> G_2            
     e( 36 - 36) =     -0.07021  eV     1   --> G_2            
     e( 37 - 37) =      1.10556  eV     1   --> G_2            
     e( 38 - 38) =      1.12489  eV     1   --> G_2            
     e( 39 - 39) =      1.63702  eV     1   --> G_2            
     e( 40 - 40) =      1.67994  eV     1   --> G_2            
     e( 41 - 41) =      1.84330  eV     1   --> G_2            
     e( 42 - 42) =      1.91461  eV     1   --> G_2            
     e( 43 - 43) =      2.96219  eV     1   --> G_2            
     e( 44 - 44) =      3.03103  eV     1   --> G_2            

 **************************************************************************

 **************************************************************************

                    xk=(   0.16190,   0.28043,   0.00000  )

     Band symmetry, C_1 (1)     double point group:

     e(  1 -  2) =    -61.52708  eV     2   -->   2 G_2            
     e(  3 -  3) =    -37.36289  eV     1   --> G_2            
     e(  4 -  4) =    -37.35568  eV     1   --> G_2            
     e(  5 -  5) =    -34.95768  eV     1   --> G_2            
     e(  6 -  6) =    -34.95009  eV     1   --> G_2            
     e(  7 -  7) =    -34.79806  eV     1   --> G_2            
     e(  8 -  8) =    -34.78570  eV     1   --> G_2            
     e(  9 -  9) =    -15.57313  eV     1   --> G_2            
     e( 10 - 10) =    -15.55849  eV     1   --> G_2            
     e( 11 - 11) =    -13.64738  eV     1   --> G_2            
     e( 12 - 12) =    -13.61168  eV     1   --> G_2            
     e( 13 - 13) =     -6.90518  eV     1   --> G_2            
     e( 14 - 14) =     -6.88760  eV     1   --> G_2            
     e( 15 - 15) =     -6.77408  eV     1   --> G_2            
     e( 16 - 16) =     -6.75667  eV     1   --> G_2            
     e( 17 - 17) =     -5.54782  eV     1   --> G_2            
     e( 18 - 18) =     -5.51905  eV     1   --> G_2            
     e( 19 - 19) =     -5.13915  eV     1   --> G_2            
     e( 20 - 20) =     -5.12382  eV     1   --> G_2            
     e( 21 - 21) =     -3.94173  eV     1   --> G_2            
     e( 22 - 22) =     -3.91541  eV     1   --> G_2            
     e( 23 - 23) =     -3.08886  eV     1   --> G_2            
     e( 24 - 24) =     -3.06529  eV     1   --> G_2            
     e( 25 - 25) =     -2.53716  eV     1   --> G_2            
     e( 26 - 26) =     -2.48995  eV     1   --> G_2            
     e( 27 - 27) =     -1.91133  eV     1   --> G_2            
     e( 28 - 28) =     -1.88312  eV     1   --> G_2            
     e( 29 - 29) =     -1.62307  eV     1   --> G_2            
     e( 30 - 30) =     -1.56096  eV     1   --> G_2            
     e( 31 - 31) =     -1.33743  eV     1   --> G_2            
     e( 32 - 32) =     -1.30946  eV     1   --> G_2            
     e( 33 - 33) =     -0.59550  eV     1   --> G_2            
     e( 34 - 34) =     -0.54407  eV     1   --> G_2            
     e( 35 - 35) =     -0.10866  eV     1   --> G_2            
     e( 36 - 36) =     -0.08748  eV     1   --> G_2            
     e( 37 - 37) =      1.16266  eV     1   --> G_2            
     e( 38 - 38) =      1.18785  eV     1   --> G_2            
     e( 39 - 39) =      1.64121  eV     1   --> G_2            
     e( 40 - 40) =      1.67466  eV     1   --> G_2            
     e( 41 - 41) =      1.82848  eV     1   --> G_2            
     e( 42 - 42) =      1.90193  eV     1   --> G_2            
     e( 43 - 43) =      2.92825  eV     1   --> G_2            
     e( 44 - 44) =      2.99328  eV     1   --> G_2            

 **************************************************************************

 **************************************************************************

                    xk=(   0.15238,   0.26393,   0.00000  )

     Band symmetry, C_1 (1)     double point group:

     e(  1 -  2) =    -61.52918  eV     2   -->   2 G_2            
     e(  3 -  3) =    -37.35696  eV     1   --> G_2            
     e(  4 -  4) =    -37.35047  eV     1   --> G_2            
     e(  5 -  5) =    -34.95304  eV     1   --> G_2            
     e(  6 -  6) =    -34.94556  eV     1   --> G_2            
     e(  7 -  7) =    -34.78651  eV     1   --> G_2            
     e(  8 -  8) =    -34.77552  eV     1   --> G_2            
     e(  9 -  9) =    -15.65590  eV     1   --> G_2            
     e( 10 - 10) =    -15.64181  eV     1   --> G_2            
     e( 11 - 11) =    -13.71353  eV     1   --> G_2            
     e( 12 - 12) =    -13.67810  eV     1   --> G_2            
     e( 13 - 13) =     -6.86651  eV     1   --> G_2            
     e( 14 - 14) =     -6.83747  eV     1   --> G_2            
     e( 15 - 15) =     -6.73958  eV     1   --> G_2            
     e( 16 - 16) =     -6.72870  eV     1   --> G_2            
     e( 17 - 17) =     -5.47434  eV     1   --> G_2            
     e( 18 - 18) =     -5.44431  eV     1   --> G_2            
     e( 19 - 19) =     -5.07421  eV     1   --> G_2            
     e( 20 - 20) =     -5.05655  eV     1   --> G_2            
     e( 21 - 21) =     -3.92385  eV     1   --> G_2            
     e( 22 - 22) =     -3.90024  eV     1   --> G_2            
     e( 23 - 23) =     -3.08256  eV     1   --> G_2            
     e( 24 - 24) =     -3.06105  eV     1   --> G_2            
     e( 25 - 25) =     -2.51377  eV     1   --> G_2            
     e( 26 - 26) =     -2.46877  eV     1   --> G_2            
     e( 27 - 27) =     -1.88814  eV     1   --> G_2            
     e( 28 - 28) =     -1.84812  eV     1   --> G_2            
     e( 29 - 29) =     -1.60781  eV     1   --> G_2            
     e( 30 - 30) =     -1.55190  eV     1   --> G_2            
     e( 31 - 31) =     -1.35065  eV     1   --> G_2            
     e( 32 - 32) =     -1.33459  eV     1   --> G_2            
     e( 33 - 33) =     -0.65471  eV     1   --> G_2            
     e( 34 - 34) =     -0.60271  eV     1   --> G_2            
     e( 35 - 35) =     -0.12199  eV     1   --> G_2            
     e( 36 - 36) =     -0.10356  eV     1   --> G_2            
     e( 37 - 37) =      1.22677  eV     1   --> G_2            
     e( 38 - 38) =      1.25704  eV     1   --> G_2            
     e( 39 - 39) =      1.66034  eV     1   --> G_2            
     e( 40 - 40) =      1.67905  eV     1   --> G_2            
     e( 41 - 41) =      1.82213  eV     1   --> G_2            
     e( 42 - 42) =      1.89443  eV     1   --> G_2            
     e( 43 - 43) =      2.88315  eV     1   --> G_2            
     e( 44 - 44) =      2.94351  eV     1   --> G_2            

 **************************************************************************

 **************************************************************************

                    xk=(   0.14286,   0.24744,   0.00000  )

     Band symmetry, C_1 (1)     double point group:

     e(  1 -  2) =    -61.53128  eV     2   -->   2 G_2            
     e(  3 -  3) =    -37.35108  eV     1   --> G_2            
     e(  4 -  4) =    -37.34524  eV     1   --> G_2            
     e(  5 -  5) =    -34.94845  eV     1   --> G_2            
     e(  6 -  6) =    -34.94119  eV     1   --> G_2            
     e(  7 -  7) =    -34.77473  eV     1   --> G_2            
     e(  8 -  8) =    -34.76512  eV     1   --> G_2            
     e(  9 -  9) =    -15.73725  eV     1   --> G_2            
     e( 10 - 10) =    -15.72371  eV     1   --> G_2            
     e( 11 - 11) =    -13.77794  eV     1   --> G_2            
     e( 12 - 12) =    -13.74304  eV     1   --> G_2            
     e( 13 - 13) =     -6.92790  eV     1   --> G_2            
     e( 14 - 14) =     -6.90117  eV     1   --> G_2            
     e( 15 - 15) =     -6.60145  eV     1   --> G_2            
     e( 16 - 16) =     -6.58716  eV     1   --> G_2            
     e( 17 - 17) =     -5.40932  eV     1   --> G_2            
     e( 18 - 18) =     -5.37885  eV     1   --> G_2            
     e( 19 - 19) =     -5.00978  eV     1   --> G_2            
     e( 20 - 20) =     -4.99151  eV     1   --> G_2            
     e( 21 - 21) =     -3.90234  eV     1   --> G_2            
     e( 22 - 22) =     -3.88112  eV     1   --> G_2            
     e( 23 - 23) =     -3.07904  eV     1   --> G_2            
     e( 24 - 24) =     -3.05852  eV     1   --> G_2            
     e( 25 - 25) =     -2.48788  eV     1   --> G_2            
     e( 26 - 26) =     -2.44395  eV     1   --> G_2            
     e( 27 - 27) =     -1.86582  eV     1   --> G_2            
     e( 28 - 28) =     -1.81338  eV     1   --> G_2            
     e( 29 - 29) =     -1.59556  eV     1   --> G_2            
     e( 30 - 30) =     -1.54393  eV     1   --> G_2            
     e( 31 - 31) =     -1.35453  eV     1   --> G_2            
     e( 32 - 32) =     -1.34251  eV     1   --> G_2            
     e( 33 - 33) =     -0.71570  eV     1   --> G_2            
     e( 34 - 34) =     -0.66274  eV     1   --> G_2            
     e( 35 - 35) =     -0.13621  eV     1   --> G_2            
     e( 36 - 36) =     -0.12253  eV     1   --> G_2            
     e( 37 - 37) =      1.29811  eV     1   --> G_2            
     e( 38 - 38) =      1.33227  eV     1   --> G_2            
     e( 39 - 39) =      1.68484  eV     1   --> G_2            
     e( 40 - 40) =      1.68975  eV     1   --> G_2            
     e( 41 - 41) =      1.82969  eV     1   --> G_2            
     e( 42 - 42) =      1.89804  eV     1   --> G_2            
     e( 43 - 43) =      2.82815  eV     1   --> G_2            
     e( 44 - 44) =      2.88337  eV     1   --> G_2            

 **************************************************************************

 **************************************************************************

                    xk=(   0.13333,   0.23094,   0.00000  )

     Band symmetry, C_1 (1)     double point group:

     e(  1 -  2) =    -61.53337  eV     2   -->   2 G_2            
     e(  3 -  3) =    -37.34531  eV     1   --> G_2            
     e(  4 -  4) =    -37.34005  eV     1   --> G_2            
     e(  5 -  5) =    -34.94398  eV     1   --> G_2            
     e(  6 -  6) =    -34.93703  eV     1   --> G_2            
     e(  7 -  7) =    -34.76278  eV     1   --> G_2            
     e(  8 -  8) =    -34.75455  eV     1   --> G_2            
     e(  9 -  9) =    -15.81648  eV     1   --> G_2            
     e( 10 - 10) =    -15.80352  eV     1   --> G_2            
     e( 11 - 11) =    -13.84014  eV     1   --> G_2            
     e( 12 - 12) =    -13.80605  eV     1   --> G_2            
     e( 13 - 13) =     -6.99685  eV     1   --> G_2            
     e( 14 - 14) =     -6.97104  eV     1   --> G_2            
     e( 15 - 15) =     -6.45422  eV     1   --> G_2            
     e( 16 - 16) =     -6.43871  eV     1   --> G_2            
     e( 17 - 17) =     -5.35132  eV     1   --> G_2            
     e( 18 - 18) =     -5.32115  eV     1   --> G_2            
     e( 19 - 19) =     -4.95114  eV     1   --> G_2            
     e( 20 - 20) =     -4.93375  eV     1   --> G_2            
     e( 21 - 21) =     -3.87409  eV     1   --> G_2            
     e( 22 - 22) =     -3.85457  eV     1   --> G_2            
     e( 23 - 23) =     -3.07680  eV     1   --> G_2            
     e( 24 - 24) =     -3.05620  eV     1   --> G_2            
     e( 25 - 25) =     -2.46097  eV     1   --> G_2            
     e( 26 - 26) =     -2.41710  eV     1   --> G_2            
     e( 27 - 27) =     -1.84758  eV     1   --> G_2            
     e( 28 - 28) =     -1.78317  eV     1   --> G_2            
     e( 29 - 29) =     -1.58873  eV     1   --> G_2            
     e( 30 - 30) =     -1.53749  eV     1   --> G_2            
     e( 31 - 31) =     -1.35081  eV     1   --> G_2            
     e( 32 - 32) =     -1.32770  eV     1   --> G_2            
     e( 33 - 33) =     -0.77199  eV     1   --> G_2            
     e( 34 - 34) =     -0.71819  eV     1   --> G_2            
     e( 35 - 35) =     -0.15425  eV     1   --> G_2            
     e( 36 - 36) =     -0.14539  eV     1   --> G_2            
     e( 37 - 37) =      1.37663  eV     1   --> G_2            
     e( 38 - 38) =      1.41346  eV     1   --> G_2            
     e( 39 - 39) =      1.68924  eV     1   --> G_2            
     e( 40 - 40) =      1.71913  eV     1   --> G_2            
     e( 41 - 41) =      1.85431  eV     1   --> G_2            
     e( 42 - 42) =      1.91941  eV     1   --> G_2            
     e( 43 - 43) =      2.76527  eV     1   --> G_2            
     e( 44 - 44) =      2.81533  eV     1   --> G_2            

 **************************************************************************

 **************************************************************************

                    xk=(   0.12381,   0.21444,   0.00000  )

     Band symmetry, C_1 (1)     double point group:

     e(  1 -  2) =    -61.53543  eV     2   -->   2 G_2            
     e(  3 -  3) =    -37.33969  eV     1   --> G_2            
     e(  4 -  4) =    -37.33495  eV     1   --> G_2            
     e(  5 -  5) =    -34.93970  eV     1   --> G_2            
     e(  6 -  6) =    -34.93314  eV     1   --> G_2            
     e(  7 -  7) =    -34.75078  eV     1   --> G_2            
     e(  8 -  8) =    -34.74388  eV     1   --> G_2            
     e(  9 -  9) =    -15.89296  eV     1   --> G_2            
     e( 10 - 10) =    -15.88061  eV     1   --> G_2            
     e( 11 - 11) =    -13.89970  eV     1   --> G_2            
     e( 12 - 12) =    -13.86668  eV     1   --> G_2            
     e( 13 - 13) =     -7.06723  eV     1   --> G_2            
     e( 14 - 14) =     -7.04223  eV     1   --> G_2            
     e( 15 - 15) =     -6.30473  eV     1   --> G_2            
     e( 16 - 16) =     -6.28853  eV     1   --> G_2            
     e( 17 - 17) =     -5.29911  eV     1   --> G_2            
     e( 18 - 18) =     -5.26974  eV     1   --> G_2            
     e( 19 - 19) =     -4.90285  eV     1   --> G_2            
     e( 20 - 20) =     -4.88737  eV     1   --> G_2            
     e( 21 - 21) =     -3.83663  eV     1   --> G_2            
     e( 22 - 22) =     -3.81785  eV     1   --> G_2            
     e( 23 - 23) =     -3.07498  eV     1   --> G_2            
     e( 24 - 24) =     -3.05344  eV     1   --> G_2            
     e( 25 - 25) =     -2.43362  eV     1   --> G_2            
     e( 26 - 26) =     -2.38911  eV     1   --> G_2            
     e( 27 - 27) =     -1.83562  eV     1   --> G_2            
     e( 28 - 28) =     -1.76129  eV     1   --> G_2            
     e( 29 - 29) =     -1.58738  eV     1   --> G_2            
     e( 30 - 30) =     -1.53270  eV     1   --> G_2            
     e( 31 - 31) =     -1.33292  eV     1   --> G_2            
     e( 32 - 32) =     -1.29716  eV     1   --> G_2            
     e( 33 - 33) =     -0.81969  eV     1   --> G_2            
     e( 34 - 34) =     -0.76517  eV     1   --> G_2            
     e( 35 - 35) =     -0.17724  eV     1   --> G_2            
     e( 36 - 36) =     -0.17111  eV     1   --> G_2            
     e( 37 - 37) =      1.46194  eV     1   --> G_2            
     e( 38 - 38) =      1.50048  eV     1   --> G_2            
     e( 39 - 39) =      1.69265  eV     1   --> G_2            
     e( 40 - 40) =      1.74233  eV     1   --> G_2            
     e( 41 - 41) =      1.89647  eV     1   --> G_2            
     e( 42 - 42) =      1.95954  eV     1   --> G_2            
     e( 43 - 43) =      2.69705  eV     1   --> G_2            
     e( 44 - 44) =      2.74231  eV     1   --> G_2            

 **************************************************************************

 **************************************************************************

                    xk=(   0.11429,   0.19795,   0.00000  )

     Band symmetry, C_1 (1)     double point group:

     e(  1 -  2) =    -61.53743  eV     2   -->   2 G_2            
     e(  3 -  3) =    -37.33429  eV     1   --> G_2            
     e(  4 -  4) =    -37.33000  eV     1   --> G_2            
     e(  5 -  5) =    -34.93566  eV     1   --> G_2            
     e(  6 -  6) =    -34.92954  eV     1   --> G_2            
     e(  7 -  7) =    -34.73885  eV     1   --> G_2            
     e(  8 -  8) =    -34.73320  eV     1   --> G_2            
     e(  9 -  9) =    -15.96607  eV     1   --> G_2            
     e( 10 - 10) =    -15.95438  eV     1   --> G_2            
     e( 11 - 11) =    -13.95622  eV     1   --> G_2            
     e( 12 - 12) =    -13.92455  eV     1   --> G_2            
     e( 13 - 13) =     -7.13740  eV     1   --> G_2            
     e( 14 - 14) =     -7.11332  eV     1   --> G_2            
     e( 15 - 15) =     -6.15521  eV     1   --> G_2            
     e( 16 - 16) =     -6.13866  eV     1   --> G_2            
     e( 17 - 17) =     -5.25184  eV     1   --> G_2            
     e( 18 - 18) =     -5.22365  eV     1   --> G_2            
     e( 19 - 19) =     -4.86769  eV     1   --> G_2            
     e( 20 - 20) =     -4.85456  eV     1   --> G_2            
     e( 21 - 21) =     -3.78871  eV     1   --> G_2            
     e( 22 - 22) =     -3.76975  eV     1   --> G_2            
     e( 23 - 23) =     -3.07329  eV     1   --> G_2            
     e( 24 - 24) =     -3.05030  eV     1   --> G_2            
     e( 25 - 25) =     -2.40564  eV     1   --> G_2            
     e( 26 - 26) =     -2.36026  eV     1   --> G_2            
     e( 27 - 27) =     -1.83066  eV     1   --> G_2            
     e( 28 - 28) =     -1.75009  eV     1   --> G_2            
     e( 29 - 29) =     -1.58902  eV     1   --> G_2            
     e( 30 - 30) =     -1.52954  eV     1   --> G_2            
     e( 31 - 31) =     -1.30166  eV     1   --> G_2            
     e( 32 - 32) =     -1.25557  eV     1   --> G_2            
     e( 33 - 33) =     -0.85676  eV     1   --> G_2            
     e( 34 - 34) =     -0.80157  eV     1   --> G_2            
     e( 35 - 35) =     -0.20495  eV     1   --> G_2            
     e( 36 - 36) =     -0.19809  eV     1   --> G_2            
     e( 37 - 37) =      1.55322  eV     1   --> G_2            
     e( 38 - 38) =      1.59292  eV     1   --> G_2            
     e( 39 - 39) =      1.69964  eV     1   --> G_2            
     e( 40 - 40) =      1.75996  eV     1   --> G_2            
     e( 41 - 41) =      1.95265  eV     1   --> G_2            
     e( 42 - 42) =      2.01207  eV     1   --> G_2            
     e( 43 - 43) =      2.62629  eV     1   --> G_2            
     e( 44 - 44) =      2.66732  eV     1   --> G_2            

 **************************************************************************

 **************************************************************************

                    xk=(   0.10476,   0.18145,   0.00000  )

     Band symmetry, C_1 (1)     double point group:

     e(  1 -  2) =    -61.53936  eV     2   -->   2 G_2            
     e(  3 -  3) =    -37.32914  eV     1   --> G_2            
     e(  4 -  4) =    -37.32525  eV     1   --> G_2            
     e(  5 -  5) =    -34.93190  eV     1   --> G_2            
     e(  6 -  6) =    -34.92626  eV     1   --> G_2            
     e(  7 -  7) =    -34.72714  eV     1   --> G_2            
     e(  8 -  8) =    -34.72262  eV     1   --> G_2            
     e(  9 -  9) =    -16.03529  eV     1   --> G_2            
     e( 10 - 10) =    -16.02430  eV     1   --> G_2            
     e( 11 - 11) =    -14.00935  eV     1   --> G_2            
     e( 12 - 12) =    -13.97930  eV     1   --> G_2            
     e( 13 - 13) =     -7.20616  eV     1   --> G_2            
     e( 14 - 14) =     -7.18320  eV     1   --> G_2            
     e( 15 - 15) =     -6.00749  eV     1   --> G_2            
     e( 16 - 16) =     -5.99087  eV     1   --> G_2            
     e( 17 - 17) =     -5.20910  eV     1   --> G_2            
     e( 18 - 18) =     -5.18235  eV     1   --> G_2            
     e( 19 - 19) =     -4.84621  eV     1   --> G_2            
     e( 20 - 20) =     -4.83536  eV     1   --> G_2            
     e( 21 - 21) =     -3.73051  eV     1   --> G_2            
     e( 22 - 22) =     -3.71094  eV     1   --> G_2            
     e( 23 - 23) =     -3.07188  eV     1   --> G_2            
     e( 24 - 24) =     -3.04732  eV     1   --> G_2            
     e( 25 - 25) =     -2.37629  eV     1   --> G_2            
     e( 26 - 26) =     -2.33033  eV     1   --> G_2            
     e( 27 - 27) =     -1.83195  eV     1   --> G_2            
     e( 28 - 28) =     -1.74952  eV     1   --> G_2            
     e( 29 - 29) =     -1.59135  eV     1   --> G_2            
     e( 30 - 30) =     -1.52867  eV     1   --> G_2            
     e( 31 - 31) =     -1.26074  eV     1   --> G_2            
     e( 32 - 32) =     -1.20701  eV     1   --> G_2            
     e( 33 - 33) =     -0.88246  eV     1   --> G_2            
     e( 34 - 34) =     -0.82676  eV     1   --> G_2            
     e( 35 - 35) =     -0.23508  eV     1   --> G_2            
     e( 36 - 36) =     -0.22615  eV     1   --> G_2            
     e( 37 - 37) =      1.64834  eV     1   --> G_2            
     e( 38 - 38) =      1.68994  eV     1   --> G_2            
     e( 39 - 39) =      1.71424  eV     1   --> G_2            
     e( 40 - 40) =      1.77831  eV     1   --> G_2            
     e( 41 - 41) =      2.01581  eV     1   --> G_2            
     e( 42 - 42) =      2.06917  eV     1   --> G_2            
     e( 43 - 43) =      2.55590  eV     1   --> G_2            
     e( 44 - 44) =      2.59343  eV     1   --> G_2            

 **************************************************************************

 **************************************************************************

                    xk=(   0.09524,   0.16496,   0.00000  )

     Band symmetry, C_1 (1)     double point group:

     e(  1 -  2) =    -61.54119  eV     2   -->   2 G_2            
     e(  3 -  3) =    -37.32429  eV     1   --> G_2            
     e(  4 -  4) =    -37.32077  eV     1   --> G_2            
     e(  5 -  5) =    -34.92845  eV     1   --> G_2            
     e(  6 -  6) =    -34.92330  eV     1   --> G_2            
     e(  7 -  7) =    -34.71578  eV     1   --> G_2            
     e(  8 -  8) =    -34.71228  eV     1   --> G_2            
     e(  9 -  9) =    -16.10008  eV     1   --> G_2            
     e( 10 - 10) =    -16.08986  eV     1   --> G_2            
     e( 11 - 11) =    -14.05877  eV     1   --> G_2            
     e( 12 - 12) =    -14.03058  eV     1   --> G_2            
     e( 13 - 13) =     -7.27249  eV     1   --> G_2            
     e( 14 - 14) =     -7.25086  eV     1   --> G_2            
     e( 15 - 15) =     -5.86336  eV     1   --> G_2            
     e( 16 - 16) =     -5.84693  eV     1   --> G_2            
     e( 17 - 17) =     -5.17076  eV     1   --> G_2            
     e( 18 - 18) =     -5.14565  eV     1   --> G_2            
     e( 19 - 19) =     -4.83704  eV     1   --> G_2            
     e( 20 - 20) =     -4.82816  eV     1   --> G_2            
     e( 21 - 21) =     -3.66359  eV     1   --> G_2            
     e( 22 - 22) =     -3.64358  eV     1   --> G_2            
     e( 23 - 23) =     -3.07114  eV     1   --> G_2            
     e( 24 - 24) =     -3.04533  eV     1   --> G_2            
     e( 25 - 25) =     -2.34460  eV     1   --> G_2            
     e( 26 - 26) =     -2.29881  eV     1   --> G_2            
     e( 27 - 27) =     -1.83770  eV     1   --> G_2            
     e( 28 - 28) =     -1.75713  eV     1   --> G_2            
     e( 29 - 29) =     -1.59449  eV     1   --> G_2            
     e( 30 - 30) =     -1.53155  eV     1   --> G_2            
     e( 31 - 31) =     -1.21385  eV     1   --> G_2            
     e( 32 - 32) =     -1.15501  eV     1   --> G_2            
     e( 33 - 33) =     -0.89700  eV     1   --> G_2            
     e( 34 - 34) =     -0.84126  eV     1   --> G_2            
     e( 35 - 35) =     -0.26553  eV     1   --> G_2            
     e( 36 - 36) =     -0.25492  eV     1   --> G_2            
     e( 37 - 37) =      1.72500  eV     1   --> G_2            
     e( 38 - 38) =      1.75573  eV     1   --> G_2            
     e( 39 - 39) =      1.78882  eV     1   --> G_2            
     e( 40 - 40) =      1.80685  eV     1   --> G_2            
     e( 41 - 41) =      2.07890  eV     1   --> G_2            
     e( 42 - 42) =      2.12346  eV     1   --> G_2            
     e( 43 - 43) =      2.48910  eV     1   --> G_2            
     e( 44 - 44) =      2.52409  eV     1   --> G_2            

 **************************************************************************

 **************************************************************************

                    xk=(   0.08571,   0.14846,   0.00000  )

     Band symmetry, C_1 (1)     double point group:

     e(  1 -  2) =    -61.54291  eV     2   -->   2 G_2            
     e(  3 -  3) =    -37.31976  eV     1   --> G_2            
     e(  4 -  4) =    -37.31659  eV     1   --> G_2            
     e(  5 -  5) =    -34.92531  eV     1   --> G_2            
     e(  6 -  6) =    -34.92067  eV     1   --> G_2            
     e(  7 -  7) =    -34.70493  eV     1   --> G_2            
     e(  8 -  8) =    -34.70231  eV     1   --> G_2            
     e(  9 -  9) =    -16.16002  eV     1   --> G_2            
     e( 10 - 10) =    -16.15061  eV     1   --> G_2            
     e( 11 - 11) =    -14.10419  eV     1   --> G_2            
     e( 12 - 12) =    -14.07810  eV     1   --> G_2            
     e( 13 - 13) =     -7.33542  eV     1   --> G_2            
     e( 14 - 14) =     -7.31534  eV     1   --> G_2            
     e( 15 - 15) =     -5.72464  eV     1   --> G_2            
     e( 16 - 16) =     -5.70863  eV     1   --> G_2            
     e( 17 - 17) =     -5.13680  eV     1   --> G_2            
     e( 18 - 18) =     -5.11354  eV     1   --> G_2            
     e( 19 - 19) =     -4.83769  eV     1   --> G_2            
     e( 20 - 20) =     -4.83041  eV     1   --> G_2            
     e( 21 - 21) =     -3.59048  eV     1   --> G_2            
     e( 22 - 22) =     -3.57051  eV     1   --> G_2            
     e( 23 - 23) =     -3.07152  eV     1   --> G_2            
     e( 24 - 24) =     -3.04516  eV     1   --> G_2            
     e( 25 - 25) =     -2.30965  eV     1   --> G_2            
     e( 26 - 26) =     -2.26517  eV     1   --> G_2            
     e( 27 - 27) =     -1.84585  eV     1   --> G_2            
     e( 28 - 28) =     -1.76954  eV     1   --> G_2            
     e( 29 - 29) =     -1.60038  eV     1   --> G_2            
     e( 30 - 30) =     -1.53992  eV     1   --> G_2            
     e( 31 - 31) =     -1.16370  eV     1   --> G_2            
     e( 32 - 32) =     -1.10229  eV     1   --> G_2            
     e( 33 - 33) =     -0.90131  eV     1   --> G_2            
     e( 34 - 34) =     -0.84650  eV     1   --> G_2            
     e( 35 - 35) =     -0.29507  eV     1   --> G_2            
     e( 36 - 36) =     -0.28356  eV     1   --> G_2            
     e( 37 - 37) =      1.75974  eV     1   --> G_2            
     e( 38 - 38) =      1.81603  eV     1   --> G_2            
     e( 39 - 39) =      1.86921  eV     1   --> G_2            
     e( 40 - 40) =      1.89644  eV     1   --> G_2            
     e( 41 - 41) =      2.13465  eV     1   --> G_2            
     e( 42 - 42) =      2.16626  eV     1   --> G_2            
     e( 43 - 43) =      2.42978  eV     1   --> G_2            
     e( 44 - 44) =      2.46394  eV     1   --> G_2            

 **************************************************************************

 **************************************************************************

                    xk=(   0.07619,   0.13197,   0.00000  )

     Band symmetry, C_1 (1)     double point group:

     e(  1 -  2) =    -61.54451  eV     2   -->   2 G_2            
     e(  3 -  3) =    -37.31561  eV     1   --> G_2            
     e(  4 -  4) =    -37.31276  eV     1   --> G_2            
     e(  5 -  5) =    -34.92251  eV     1   --> G_2            
     e(  6 -  6) =    -34.91838  eV     1   --> G_2            
     e(  7 -  7) =    -34.69475  eV     1   --> G_2            
     e(  8 -  8) =    -34.69286  eV     1   --> G_2            
     e(  9 -  9) =    -16.21467  eV     1   --> G_2            
     e( 10 - 10) =    -16.20614  eV     1   --> G_2            
     e( 11 - 11) =    -14.14533  eV     1   --> G_2            
     e( 12 - 12) =    -14.12156  eV     1   --> G_2            
     e( 13 - 13) =     -7.39408  eV     1   --> G_2            
     e( 14 - 14) =     -7.37573  eV     1   --> G_2            
     e( 15 - 15) =     -5.59319  eV     1   --> G_2            
     e( 16 - 16) =     -5.57782  eV     1   --> G_2            
     e( 17 - 17) =     -5.10728  eV     1   --> G_2            
     e( 18 - 18) =     -5.08602  eV     1   --> G_2            
     e( 19 - 19) =     -4.84526  eV     1   --> G_2            
     e( 20 - 20) =     -4.83936  eV     1   --> G_2            
     e( 21 - 21) =     -3.51399  eV     1   --> G_2            
     e( 22 - 22) =     -3.49469  eV     1   --> G_2            
     e( 23 - 23) =     -3.07334  eV     1   --> G_2            
     e( 24 - 24) =     -3.04733  eV     1   --> G_2            
     e( 25 - 25) =     -2.27086  eV     1   --> G_2            
     e( 26 - 26) =     -2.22899  eV     1   --> G_2            
     e( 27 - 27) =     -1.85462  eV     1   --> G_2            
     e( 28 - 28) =     -1.78393  eV     1   --> G_2            
     e( 29 - 29) =     -1.61112  eV     1   --> G_2            
     e( 30 - 30) =     -1.55510  eV     1   --> G_2            
     e( 31 - 31) =     -1.11211  eV     1   --> G_2            
     e( 32 - 32) =     -1.05078  eV     1   --> G_2            
     e( 33 - 33) =     -0.89688  eV     1   --> G_2            
     e( 34 - 34) =     -0.84453  eV     1   --> G_2            
     e( 35 - 35) =     -0.32286  eV     1   --> G_2            
     e( 36 - 36) =     -0.31124  eV     1   --> G_2            
     e( 37 - 37) =      1.79849  eV     1   --> G_2            
     e( 38 - 38) =      1.85416  eV     1   --> G_2            
     e( 39 - 39) =      1.96708  eV     1   --> G_2            
     e( 40 - 40) =      1.99827  eV     1   --> G_2            
     e( 41 - 41) =      2.17435  eV     1   --> G_2            
     e( 42 - 42) =      2.18732  eV     1   --> G_2            
     e( 43 - 43) =      2.38198  eV     1   --> G_2            
     e( 44 - 44) =      2.41803  eV     1   --> G_2            

 **************************************************************************

 **************************************************************************

                    xk=(   0.06667,   0.11547,   0.00000  )

     Band symmetry, C_1 (1)     double point group:

     e(  1 -  2) =    -61.54595  eV     2   -->   2 G_2            
     e(  3 -  3) =    -37.31184  eV     1   --> G_2            
     e(  4 -  4) =    -37.30933  eV     1   --> G_2            
     e(  5 -  5) =    -34.92002  eV     1   --> G_2            
     e(  6 -  6) =    -34.91641  eV     1   --> G_2            
     e(  7 -  7) =    -34.68537  eV     1   --> G_2            
     e(  8 -  8) =    -34.68408  eV     1   --> G_2            
     e(  9 -  9) =    -16.26368  eV     1   --> G_2            
     e( 10 - 10) =    -16.25608  eV     1   --> G_2            
     e( 11 - 11) =    -14.18197  eV     1   --> G_2            
     e( 12 - 12) =    -14.16072  eV     1   --> G_2            
     e( 13 - 13) =     -7.44764  eV     1   --> G_2            
     e( 14 - 14) =     -7.43121  eV     1   --> G_2            
     e( 15 - 15) =     -5.47088  eV     1   --> G_2            
     e( 16 - 16) =     -5.45635  eV     1   --> G_2            
     e( 17 - 17) =     -5.08218  eV     1   --> G_2            
     e( 18 - 18) =     -5.06309  eV     1   --> G_2            
     e( 19 - 19) =     -4.85704  eV     1   --> G_2            
     e( 20 - 20) =     -4.85242  eV     1   --> G_2            
     e( 21 - 21) =     -3.43699  eV     1   --> G_2            
     e( 22 - 22) =     -3.41892  eV     1   --> G_2            
     e( 23 - 23) =     -3.07663  eV     1   --> G_2            
     e( 24 - 24) =     -3.05193  eV     1   --> G_2            
     e( 25 - 25) =     -2.22814  eV     1   --> G_2            
     e( 26 - 26) =     -2.19017  eV     1   --> G_2            
     e( 27 - 27) =     -1.86277  eV     1   --> G_2            
     e( 28 - 28) =     -1.79855  eV     1   --> G_2            
     e( 29 - 29) =     -1.62803  eV     1   --> G_2            
     e( 30 - 30) =     -1.57760  eV     1   --> G_2            
     e( 31 - 31) =     -1.06036  eV     1   --> G_2            
     e( 32 - 32) =     -1.00180  eV     1   --> G_2            
     e( 33 - 33) =     -0.88575  eV     1   --> G_2            
     e( 34 - 34) =     -0.83774  eV     1   --> G_2            
     e( 35 - 35) =     -0.34841  eV     1   --> G_2            
     e( 36 - 36) =     -0.33736  eV     1   --> G_2            
     e( 37 - 37) =      1.84381  eV     1   --> G_2            
     e( 38 - 38) =      1.89482  eV     1   --> G_2            
     e( 39 - 39) =      2.04893  eV     1   --> G_2            
     e( 40 - 40) =      2.08778  eV     1   --> G_2            
     e( 41 - 41) =      2.18494  eV     1   --> G_2            
     e( 42 - 42) =      2.20452  eV     1   --> G_2            
     e( 43 - 43) =      2.34297  eV     1   --> G_2            
     e( 44 - 44) =      2.38036  eV     1   --> G_2            

 **************************************************************************

 **************************************************************************

                    xk=(   0.05714,   0.09897,   0.00000  )

     Band symmetry, C_1 (1)     double point group:

     e(  1 -  2) =    -61.54724  eV     2   -->   2 G_2            
     e(  3 -  3) =    -37.30850  eV     1   --> G_2            
     e(  4 -  4) =    -37.30631  eV     1   --> G_2            
     e(  5 -  5) =    -34.91786  eV     1   --> G_2            
     e(  6 -  6) =    -34.91476  eV     1   --> G_2            
     e(  7 -  7) =    -34.67694  eV     1   --> G_2            
     e(  8 -  8) =    -34.67611  eV     1   --> G_2            
     e(  9 -  9) =    -16.30672  eV     1   --> G_2            
     e( 10 - 10) =    -16.30010  eV     1   --> G_2            
     e( 11 - 11) =    -14.21391  eV     1   --> G_2            
     e( 12 - 12) =    -14.19535  eV     1   --> G_2            
     e( 13 - 13) =     -7.49540  eV     1   --> G_2            
     e( 14 - 14) =     -7.48102  eV     1   --> G_2            
     e( 15 - 15) =     -5.35960  eV     1   --> G_2            
     e( 16 - 16) =     -5.34607  eV     1   --> G_2            
     e( 17 - 17) =     -5.06144  eV     1   --> G_2            
     e( 18 - 18) =     -5.04468  eV     1   --> G_2            
     e( 19 - 19) =     -4.87076  eV     1   --> G_2            
     e( 20 - 20) =     -4.86735  eV     1   --> G_2            
     e( 21 - 21) =     -3.36223  eV     1   --> G_2            
     e( 22 - 22) =     -3.34587  eV     1   --> G_2            
     e( 23 - 23) =     -3.08109  eV     1   --> G_2            
     e( 24 - 24) =     -3.05860  eV     1   --> G_2            
     e( 25 - 25) =     -2.18197  eV     1   --> G_2            
     e( 26 - 26) =     -2.14896  eV     1   --> G_2            
     e( 27 - 27) =     -1.86954  eV     1   --> G_2            
     e( 28 - 28) =     -1.81245  eV     1   --> G_2            
     e( 29 - 29) =     -1.65150  eV     1   --> G_2            
     e( 30 - 30) =     -1.60716  eV     1   --> G_2            
     e( 31 - 31) =     -1.00965  eV     1   --> G_2            
     e( 32 - 32) =     -0.95630  eV     1   --> G_2            
     e( 33 - 33) =     -0.87022  eV     1   --> G_2            
     e( 34 - 34) =     -0.82842  eV     1   --> G_2            
     e( 35 - 35) =     -0.37143  eV     1   --> G_2            
     e( 36 - 36) =     -0.36149  eV     1   --> G_2            
     e( 37 - 37) =      1.89354  eV     1   --> G_2            
     e( 38 - 38) =      1.93809  eV     1   --> G_2            
     e( 39 - 39) =      2.06994  eV     1   --> G_2            
     e( 40 - 40) =      2.10672  eV     1   --> G_2            
     e( 41 - 41) =      2.23259  eV     1   --> G_2            
     e( 42 - 42) =      2.25519  eV     1   --> G_2            
     e( 43 - 43) =      2.30087  eV     1   --> G_2            
     e( 44 - 44) =      2.33830  eV     1   --> G_2            

 **************************************************************************

 **************************************************************************

                    xk=(   0.04762,   0.08248,   0.00000  )

     Band symmetry, C_1 (1)     double point group:

     e(  1 -  2) =    -61.54835  eV     2   -->   2 G_2            
     e(  3 -  3) =    -37.30560  eV     1   --> G_2            
     e(  4 -  4) =    -37.30375  eV     1   --> G_2            
     e(  5 -  5) =    -34.91601  eV     1   --> G_2            
     e(  6 -  6) =    -34.91342  eV     1   --> G_2            
     e(  7 -  7) =    -34.66958  eV     1   --> G_2            
     e(  8 -  8) =    -34.66910  eV     1   --> G_2            
     e(  9 -  9) =    -16.34351  eV     1   --> G_2            
     e( 10 - 10) =    -16.33792  eV     1   --> G_2            
     e( 11 - 11) =    -14.24096  eV     1   --> G_2            
     e( 12 - 12) =    -14.22525  eV     1   --> G_2            
     e( 13 - 13) =     -7.53670  eV     1   --> G_2            
     e( 14 - 14) =     -7.52452  eV     1   --> G_2            
     e( 15 - 15) =     -5.26120  eV     1   --> G_2            
     e( 16 - 16) =     -5.24876  eV     1   --> G_2            
     e( 17 - 17) =     -5.04488  eV     1   --> G_2            
     e( 18 - 18) =     -5.03062  eV     1   --> G_2            
     e( 19 - 19) =     -4.88466  eV     1   --> G_2            
     e( 20 - 20) =     -4.88227  eV     1   --> G_2            
     e( 21 - 21) =     -3.29238  eV     1   --> G_2            
     e( 22 - 22) =     -3.27811  eV     1   --> G_2            
     e( 23 - 23) =     -3.08616  eV     1   --> G_2            
     e( 24 - 24) =     -3.06658  eV     1   --> G_2            
     e( 25 - 25) =     -2.13321  eV     1   --> G_2            
     e( 26 - 26) =     -2.10591  eV     1   --> G_2            
     e( 27 - 27) =     -1.87460  eV     1   --> G_2            
     e( 28 - 28) =     -1.82527  eV     1   --> G_2            
     e( 29 - 29) =     -1.68107  eV     1   --> G_2            
     e( 30 - 30) =     -1.64289  eV     1   --> G_2            
     e( 31 - 31) =     -0.96137  eV     1   --> G_2            
     e( 32 - 32) =     -0.91524  eV     1   --> G_2            
     e( 33 - 33) =     -0.85244  eV     1   --> G_2            
     e( 34 - 34) =     -0.81847  eV     1   --> G_2            
     e( 35 - 35) =     -0.39181  eV     1   --> G_2            
     e( 36 - 36) =     -0.38333  eV     1   --> G_2            
     e( 37 - 37) =      1.94262  eV     1   --> G_2            
     e( 38 - 38) =      1.97924  eV     1   --> G_2            
     e( 39 - 39) =      2.04106  eV     1   --> G_2            
     e( 40 - 40) =      2.07391  eV     1   --> G_2            
     e( 41 - 41) =      2.24775  eV     1   --> G_2            
     e( 42 - 42) =      2.27300  eV     1   --> G_2            
     e( 43 - 43) =      2.32622  eV     1   --> G_2            
     e( 44 - 44) =      2.36053  eV     1   --> G_2            

 **************************************************************************

 **************************************************************************

                    xk=(   0.03810,   0.06598,   0.00000  )

     Band symmetry, C_1 (1)     double point group:

     e(  1 -  2) =    -61.54928  eV     2   -->   2 G_2            
     e(  3 -  3) =    -37.30316  eV     1   --> G_2            
     e(  4 -  4) =    -37.30167  eV     1   --> G_2            
     e(  5 -  5) =    -34.91446  eV     1   --> G_2            
     e(  6 -  6) =    -34.91239  eV     1   --> G_2            
     e(  7 -  7) =    -34.66341  eV     1   --> G_2            
     e(  8 -  8) =    -34.66316  eV     1   --> G_2            
     e(  9 -  9) =    -16.37382  eV     1   --> G_2            
     e( 10 - 10) =    -16.36930  eV     1   --> G_2            
     e( 11 - 11) =    -14.26299  eV     1   --> G_2            
     e( 12 - 12) =    -14.25026  eV     1   --> G_2            
     e( 13 - 13) =     -7.57100  eV     1   --> G_2            
     e( 14 - 14) =     -7.56112  eV     1   --> G_2            
     e( 15 - 15) =     -5.17741  eV     1   --> G_2            
     e( 16 - 16) =     -5.16607  eV     1   --> G_2            
     e( 17 - 17) =     -5.03221  eV     1   --> G_2            
     e( 18 - 18) =     -5.02063  eV     1   --> G_2            
     e( 19 - 19) =     -4.89771  eV     1   --> G_2            
     e( 20 - 20) =     -4.89554  eV     1   --> G_2            
     e( 21 - 21) =     -3.23013  eV     1   --> G_2            
     e( 22 - 22) =     -3.21832  eV     1   --> G_2            
     e( 23 - 23) =     -3.09102  eV     1   --> G_2            
     e( 24 - 24) =     -3.07490  eV     1   --> G_2            
     e( 25 - 25) =     -2.08288  eV     1   --> G_2            
     e( 26 - 26) =     -2.06169  eV     1   --> G_2            
     e( 27 - 27) =     -1.87777  eV     1   --> G_2            
     e( 28 - 28) =     -1.83687  eV     1   --> G_2            
     e( 29 - 29) =     -1.71577  eV     1   --> G_2            
     e( 30 - 30) =     -1.68355  eV     1   --> G_2            
     e( 31 - 31) =     -0.91736  eV     1   --> G_2            
     e( 32 - 32) =     -0.88009  eV     1   --> G_2            
     e( 33 - 33) =     -0.83386  eV     1   --> G_2            
     e( 34 - 34) =     -0.80909  eV     1   --> G_2            
     e( 35 - 35) =     -0.40946  eV     1   --> G_2            
     e( 36 - 36) =     -0.40263  eV     1   --> G_2            
     e( 37 - 37) =      1.96794  eV     1   --> G_2            
     e( 38 - 38) =      1.99530  eV     1   --> G_2            
     e( 39 - 39) =      2.01641  eV     1   --> G_2            
     e( 40 - 40) =      2.06114  eV     1   --> G_2            
     e( 41 - 41) =      2.20722  eV     1   --> G_2            
     e( 42 - 42) =      2.22985  eV     1   --> G_2            
     e( 43 - 43) =      2.41967  eV     1   --> G_2            
     e( 44 - 44) =      2.44396  eV     1   --> G_2            

 **************************************************************************

 **************************************************************************

                    xk=(   0.02857,   0.04949,   0.00000  )

     Band symmetry, C_1 (1)     double point group:

     e(  1 -  2) =    -61.55001  eV     2   -->   2 G_2            
     e(  3 -  3) =    -37.30120  eV     1   --> G_2            
     e(  4 -  4) =    -37.30007  eV     1   --> G_2            
     e(  5 -  5) =    -34.91321  eV     1   --> G_2            
     e(  6 -  6) =    -34.91165  eV     1   --> G_2            
     e(  7 -  7) =    -34.65852  eV     1   --> G_2            
     e(  8 -  8) =    -34.65841  eV     1   --> G_2            
     e(  9 -  9) =    -16.39747  eV     1   --> G_2            
     e( 10 - 10) =    -16.39404  eV     1   --> G_2            
     e( 11 - 11) =    -14.27987  eV     1   --> G_2            
     e( 12 - 12) =    -14.27024  eV     1   --> G_2            
     e( 13 - 13) =     -7.59786  eV     1   --> G_2            
     e( 14 - 14) =     -7.59038  eV     1   --> G_2            
     e( 15 - 15) =     -5.10982  eV     1   --> G_2            
     e( 16 - 16) =     -5.09956  eV     1   --> G_2            
     e( 17 - 17) =     -5.02290  eV     1   --> G_2            
     e( 18 - 18) =     -5.01421  eV     1   --> G_2            
     e( 19 - 19) =     -4.90921  eV     1   --> G_2            
     e( 20 - 20) =     -4.90624  eV     1   --> G_2            
     e( 21 - 21) =     -3.17830  eV     1   --> G_2            
     e( 22 - 22) =     -3.16935  eV     1   --> G_2            
     e( 23 - 23) =     -3.09460  eV     1   --> G_2            
     e( 24 - 24) =     -3.08240  eV     1   --> G_2            
     e( 25 - 25) =     -2.03198  eV     1   --> G_2            
     e( 26 - 26) =     -2.01692  eV     1   --> G_2            
     e( 27 - 27) =     -1.87908  eV     1   --> G_2            
     e( 28 - 28) =     -1.84724  eV     1   --> G_2            
     e( 29 - 29) =     -1.75431  eV     1   --> G_2            
     e( 30 - 30) =     -1.72775  eV     1   --> G_2            
     e( 31 - 31) =     -0.88005  eV     1   --> G_2            
     e( 32 - 32) =     -0.85299  eV     1   --> G_2            
     e( 33 - 33) =     -0.81524  eV     1   --> G_2            
     e( 34 - 34) =     -0.80065  eV     1   --> G_2            
     e( 35 - 35) =     -0.42415  eV     1   --> G_2            
     e( 36 - 36) =     -0.41903  eV     1   --> G_2            
     e( 37 - 37) =      1.94472  eV     1   --> G_2            
     e( 38 - 38) =      1.95493  eV     1   --> G_2            
     e( 39 - 39) =      2.05394  eV     1   --> G_2            
     e( 40 - 40) =      2.08391  eV     1   --> G_2            
     e( 41 - 41) =      2.17667  eV     1   --> G_2            
     e( 42 - 42) =      2.19361  eV     1   --> G_2            
     e( 43 - 43) =      2.50295  eV     1   --> G_2            
     e( 44 - 44) =      2.52084  eV     1   --> G_2            

 **************************************************************************

 **************************************************************************

                    xk=(   0.01905,   0.03299,   0.00000  )

     Band symmetry, C_1 (1)     double point group:

     e(  1 -  2) =    -61.55054  eV     2   -->   2 G_2            
     e(  3 -  3) =    -37.29974  eV     1   --> G_2            
     e(  4 -  4) =    -37.29898  eV     1   --> G_2            
     e(  5 -  5) =    -34.91224  eV     1   --> G_2            
     e(  6 -  6) =    -34.91121  eV     1   --> G_2            
     e(  7 -  8) =    -34.65497  eV     2   -->   2 G_2            
     e(  9 -  9) =    -16.41429  eV     1   --> G_2            
     e( 10 - 10) =    -16.41200  eV     1   --> G_2            
     e( 11 - 11) =    -14.29153  eV     1   --> G_2            
     e( 12 - 12) =    -14.28506  eV     1   --> G_2            
     e( 13 - 13) =     -7.61693  eV     1   --> G_2            
     e( 14 - 14) =     -7.61190  eV     1   --> G_2            
     e( 15 - 15) =     -5.05993  eV     1   --> G_2            
     e( 16 - 16) =     -5.05099  eV     1   --> G_2            
     e( 17 - 17) =     -5.01597  eV     1   --> G_2            
     e( 18 - 18) =     -5.01041  eV     1   --> G_2            
     e( 19 - 19) =     -4.91826  eV     1   --> G_2            
     e( 20 - 20) =     -4.91458  eV     1   --> G_2            
     e( 21 - 21) =     -3.14001  eV     1   --> G_2            
     e( 22 - 22) =     -3.13470  eV     1   --> G_2            
     e( 23 - 23) =     -3.09517  eV     1   --> G_2            
     e( 24 - 24) =     -3.08759  eV     1   --> G_2            
     e( 25 - 25) =     -1.98147  eV     1   --> G_2            
     e( 26 - 26) =     -1.97206  eV     1   --> G_2            
     e( 27 - 27) =     -1.87868  eV     1   --> G_2            
     e( 28 - 28) =     -1.85638  eV     1   --> G_2            
     e( 29 - 29) =     -1.79530  eV     1   --> G_2            
     e( 30 - 30) =     -1.77399  eV     1   --> G_2            
     e( 31 - 31) =     -0.85210  eV     1   --> G_2            
     e( 32 - 32) =     -0.83536  eV     1   --> G_2            
     e( 33 - 33) =     -0.79824  eV     1   --> G_2            
     e( 34 - 34) =     -0.79275  eV     1   --> G_2            
     e( 35 - 35) =     -0.43536  eV     1   --> G_2            
     e( 36 - 36) =     -0.43194  eV     1   --> G_2            
     e( 37 - 37) =      1.91521  eV     1   --> G_2            
     e( 38 - 38) =      1.92061  eV     1   --> G_2            
     e( 39 - 39) =      2.08698  eV     1   --> G_2            
     e( 40 - 40) =      2.10485  eV     1   --> G_2            
     e( 41 - 41) =      2.16006  eV     1   --> G_2            
     e( 42 - 42) =      2.16942  eV     1   --> G_2            
     e( 43 - 43) =      2.56927  eV     1   --> G_2            
     e( 44 - 44) =      2.58058  eV     1   --> G_2            

 **************************************************************************

 **************************************************************************

                    xk=(   0.00952,   0.01650,   0.00000  )

     Band symmetry, C_1 (1)     double point group:

     e(  1 -  2) =    -61.55086  eV     2   -->   2 G_2            
     e(  3 -  3) =    -37.29878  eV     1   --> G_2            
     e(  4 -  4) =    -37.29840  eV     1   --> G_2            
     e(  5 -  5) =    -34.91156  eV     1   --> G_2            
     e(  6 -  6) =    -34.91104  eV     1   --> G_2            
     e(  7 -  8) =    -34.65283  eV     2   -->   2 G_2            
     e(  9 -  9) =    -16.42420  eV     1   --> G_2            
     e( 10 - 10) =    -16.42304  eV     1   --> G_2            
     e( 11 - 11) =    -14.29789  eV     1   --> G_2            
     e( 12 - 12) =    -14.29464  eV     1   --> G_2            
     e( 13 - 13) =     -7.62796  eV     1   --> G_2            
     e( 14 - 14) =     -7.62544  eV     1   --> G_2            
     e( 15 - 15) =     -5.02984  eV     1   --> G_2            
     e( 16 - 16) =     -5.02427  eV     1   --> G_2            
     e( 17 - 17) =     -5.00881  eV     1   --> G_2            
     e( 18 - 18) =     -5.00700  eV     1   --> G_2            
     e( 19 - 19) =     -4.92391  eV     1   --> G_2            
     e( 20 - 20) =     -4.92096  eV     1   --> G_2            
     e( 21 - 21) =     -3.11901  eV     1   --> G_2            
     e( 22 - 22) =     -3.11788  eV     1   --> G_2            
     e( 23 - 23) =     -3.09068  eV     1   --> G_2            
     e( 24 - 24) =     -3.08817  eV     1   --> G_2            
     e( 25 - 25) =     -1.93262  eV     1   --> G_2            
     e( 26 - 26) =     -1.92750  eV     1   --> G_2            
     e( 27 - 27) =     -1.87775  eV     1   --> G_2            
     e( 28 - 28) =     -1.86479  eV     1   --> G_2            
     e( 29 - 29) =     -1.83636  eV     1   --> G_2            
     e( 30 - 30) =     -1.81994  eV     1   --> G_2            
     e( 31 - 31) =     -0.83480  eV     1   --> G_2            
     e( 32 - 32) =     -0.82695  eV     1   --> G_2            
     e( 33 - 33) =     -0.78636  eV     1   --> G_2            
     e( 34 - 34) =     -0.78560  eV     1   --> G_2            
     e( 35 - 35) =     -0.44230  eV     1   --> G_2            
     e( 36 - 36) =     -0.44058  eV     1   --> G_2            
     e( 37 - 37) =      1.89541  eV     1   --> G_2            
     e( 38 - 38) =      1.89796  eV     1   --> G_2            
     e( 39 - 39) =      2.10477  eV     1   --> G_2            
     e( 40 - 40) =      2.11108  eV     1   --> G_2            
     e( 41 - 41) =      2.15811  eV     1   --> G_2            
     e( 42 - 42) =      2.15983  eV     1   --> G_2            
     e( 43 - 43) =      2.61178  eV     1   --> G_2            
     e( 44 - 44) =      2.61504  eV     1   --> G_2            

 **************************************************************************

 **************************************************************************

                    xk=(   0.00000,   0.00000,   0.00000  )

     Band symmetry, C_1 (1)     double point group:

     e(  1 -  2) =    -61.55097  eV     2   -->   2 G_2            
     e(  3 -  4) =    -37.29833  eV     2   -->   2 G_2            
     e(  5 -  6) =    -34.91116  eV     2   -->   2 G_2            
     e(  7 -  8) =    -34.65212  eV     2   -->   2 G_2            
     e(  9 - 10) =    -16.42712  eV     2   -->   2 G_2            
     e( 11 - 12) =    -14.29892  eV     2   -->   2 G_2            
     e( 13 - 14) =     -7.63081  eV     2   -->   2 G_2            
     e( 15 - 16) =     -5.01993  eV     2   -->   2 G_2            
     e( 17 - 18) =     -5.00347  eV     2   -->   2 G_2            
     e( 19 - 20) =     -4.92474  eV     2   -->   2 G_2            
     e( 21 - 22) =     -3.11405  eV     2   -->   2 G_2            
     e( 23 - 24) =     -3.08674  eV     2   -->   2 G_2            
     e( 25 - 26) =     -1.88908  eV     2   -->   2 G_2            
     e( 27 - 28) =     -1.88751  eV     2   -->   2 G_2            
     e( 29 - 30) =     -1.85315  eV     2   -->   2 G_2            
     e( 31 - 32) =     -0.82687  eV     2   -->   2 G_2            
     e( 33 - 34) =     -0.78229  eV     2   -->   2 G_2            
     e( 35 - 36) =     -0.44415  eV     2   -->   2 G_2            
     e( 37 - 38) =      1.88932  eV     2   -->   2 G_2            
     e( 39 - 40) =      2.10983  eV     2   -->   2 G_2            
     e( 41 - 42) =      2.15949  eV     2   -->   2 G_2            
     e( 43 - 44) =      2.62466  eV     2   -->   2 G_2            

 **************************************************************************
 
     BANDS        :   2m43.88s CPU   3m32.56s WALL

 
   This run was terminated on:  12:27:37  23Jul2025            

=------------------------------------------------------------------------------=
   JOB DONE.
=------------------------------------------------------------------------------=
