
     Program BANDS v.7.2 starts on 25Jul2025 at  0:19:16 

     This program is part of the open-source Quantum ESPRESSO suite
     for quantum simulation of materials; please cite
         "P. Giannozzi et al., J. Phys.:Condens. Matter 21 395502 (2009);
         "P. Giannozzi et al., J. Phys.:Condens. Matter 29 465901 (2017);
         "P. Giannozzi et al., J. Chem. Phys. 152 154105 (2020);
          URL http://www.quantum-espresso.org", 
     in publications or presentations arising from this work. More details at
     http://www.quantum-espresso.org/quote

     Parallel version (MPI), running on    16 processors

     MPI processes distributed on     1 nodes
     R & G space division:  proc/nbgrp/npool/nimage =      16
     16236 MiB available memory on the printing compute node when the environment starts
 

     Reading xml data from directory:

     ./tmp/scf.save/
     file Co.rel-pbe-n-kjpaw_psl.1.0.0.UPF: wavefunction(s)  4S 3D 3D renormalized

     IMPORTANT: XC functional enforced from input :
     Exchange-correlation= PBE
                           (   1   4   3   4   0   0   0)
     Any further DFT definition will be discarded
     Please, verify this is what you really want

 
     Parallelization info
     --------------------
     sticks:   dense  smooth     PW     G-vecs:    dense   smooth      PW
     Min         108      42     12                28601     7220    1136
     Max         110      43     13                28616     7259    1171
     Sum        1735     685    199               457675   115763   18407
 
     Using Slab Decomposition
 

     negative rho (up, down):  1.104E-05 0.000E+00
     Reading collected, re-writing distributed wavefunctions
     high-symmetry point:  0.0000 0.0000 0.0000   x coordinate   0.0000
     high-symmetry point:  0.5000 0.2887 0.0000   x coordinate   0.5774
     high-symmetry point:  0.3333 0.5774 0.0000   x coordinate   0.9107
     high-symmetry point:  0.0000 0.0000 0.0000   x coordinate   1.5774

     Plottable bands (eV) written to file bands.dat.gnu
     Bands written to file bands.dat

 **************************************************************************

                    xk=(   0.00000,   0.00000,   0.00000  )

     double point group C_1 (1)    
     there are  2 classes and  1 irreducible representations
     the character table:

       E     -E   
                  
G_2    1.00 -1.00

     the symmetry operations in each class and the name of the first element:

     E             1
                                                                 
     -E           -1
                                                                 

     Band symmetry, C_1 (1)     double point group:

     e(  1 -  2) =     -7.14794  eV     2   -->   2 G_2            
     e(  3 -  4) =     -4.54702  eV     2   -->   2 G_2            
     e(  5 -  6) =     -4.41173  eV     2   -->   2 G_2            
     e(  7 -  8) =     -4.39517  eV     2   -->   2 G_2            
     e(  9 - 10) =     -3.98180  eV     2   -->   2 G_2            
     e( 11 - 12) =     -3.91477  eV     2   -->   2 G_2            
     e( 13 - 14) =     -2.11962  eV     2   -->   2 G_2            
     e( 15 - 16) =      0.68013  eV     2   -->   2 G_2            
     e( 17 - 17) =      1.07423  eV     1   --> G_2            
     e( 18 - 18) =      1.07532  eV     1   --> G_2            

 **************************************************************************

 **************************************************************************

                    xk=(   0.01351,   0.00780,   0.00000  )

     Band symmetry, C_1 (1)     double point group:

     e(  1 -  2) =     -7.14401  eV     2   -->   2 G_2            
     e(  3 -  4) =     -4.54687  eV     2   -->   2 G_2            
     e(  5 -  6) =     -4.41125  eV     2   -->   2 G_2            
     e(  7 -  8) =     -4.39500  eV     2   -->   2 G_2            
     e(  9 - 10) =     -3.98301  eV     2   -->   2 G_2            
     e( 11 - 12) =     -3.91598  eV     2   -->   2 G_2            
     e( 13 - 14) =     -2.11414  eV     2   -->   2 G_2            
     e( 15 - 16) =      0.68368  eV     2   -->   2 G_2            
     e( 17 - 17) =      1.07855  eV     1   --> G_2            
     e( 18 - 18) =      1.07900  eV     1   --> G_2            

 **************************************************************************

 **************************************************************************

                    xk=(   0.02703,   0.01560,   0.00000  )

     Band symmetry, C_1 (1)     double point group:

     e(  1 -  2) =     -7.13223  eV     2   -->   2 G_2            
     e(  3 -  4) =     -4.54648  eV     2   -->   2 G_2            
     e(  5 -  6) =     -4.40977  eV     2   -->   2 G_2            
     e(  7 -  8) =     -4.39442  eV     2   -->   2 G_2            
     e(  9 - 10) =     -3.98676  eV     2   -->   2 G_2            
     e( 11 - 12) =     -3.91939  eV     2   -->   2 G_2            
     e( 13 - 14) =     -2.09776  eV     2   -->   2 G_2            
     e( 15 - 16) =      0.69433  eV     2   -->   2 G_2            
     e( 17 - 17) =      1.08973  eV     1   --> G_2            
     e( 18 - 18) =      1.09006  eV     1   --> G_2            

 **************************************************************************

 **************************************************************************

                    xk=(   0.04054,   0.02341,   0.00000  )

     Band symmetry, C_1 (1)     double point group:

     e(  1 -  2) =     -7.11262  eV     2   -->   2 G_2            
     e(  3 -  4) =     -4.54602  eV     2   -->   2 G_2            
     e(  5 -  6) =     -4.40734  eV     2   -->   2 G_2            
     e(  7 -  8) =     -4.39323  eV     2   -->   2 G_2            
     e(  9 - 10) =     -3.99341  eV     2   -->   2 G_2            
     e( 11 - 12) =     -3.92438  eV     2   -->   2 G_2            
     e( 13 - 14) =     -2.07072  eV     2   -->   2 G_2            
     e( 15 - 16) =      0.71209  eV     2   -->   2 G_2            
     e( 17 - 17) =      1.10661  eV     1   --> G_2            
     e( 18 - 18) =      1.10757  eV     1   --> G_2            

 **************************************************************************

 **************************************************************************

                    xk=(   0.05405,   0.03121,   0.00000  )

     Band symmetry, C_1 (1)     double point group:

     e(  1 -  2) =     -7.08520  eV     2   -->   2 G_2            
     e(  3 -  4) =     -4.54578  eV     2   -->   2 G_2            
     e(  5 -  6) =     -4.40400  eV     2   -->   2 G_2            
     e(  7 -  8) =     -4.39112  eV     2   -->   2 G_2            
     e(  9 -  9) =     -4.00340  eV     1   --> G_2            
     e( 10 - 10) =     -4.00327  eV     1   --> G_2            
     e( 11 - 12) =     -3.93013  eV     2   -->   2 G_2            
     e( 13 - 14) =     -2.03336  eV     2   -->   2 G_2            
     e( 15 - 16) =      0.73696  eV     2   -->   2 G_2            
     e( 17 - 18) =      1.13151  eV     2   -->   2 G_2            

 **************************************************************************

 **************************************************************************

                    xk=(   0.06757,   0.03901,   0.00000  )

     Band symmetry, C_1 (1)     double point group:

     e(  1 -  2) =     -7.05002  eV     2   -->   2 G_2            
     e(  3 -  4) =     -4.54609  eV     2   -->   2 G_2            
     e(  5 -  5) =     -4.39983  eV     1   --> G_2            
     e(  6 -  6) =     -4.39971  eV     1   --> G_2            
     e(  7 -  8) =     -4.38768  eV     2   -->   2 G_2            
     e(  9 -  9) =     -4.01698  eV     1   --> G_2            
     e( 10 - 10) =     -4.01681  eV     1   --> G_2            
     e( 11 - 12) =     -3.93590  eV     2   -->   2 G_2            
     e( 13 - 14) =     -1.98612  eV     2   -->   2 G_2            
     e( 15 - 16) =      0.76893  eV     2   -->   2 G_2            
     e( 17 - 17) =      1.16399  eV     1   --> G_2            
     e( 18 - 18) =      1.16416  eV     1   --> G_2            

 **************************************************************************

 **************************************************************************

                    xk=(   0.08108,   0.04681,   0.00000  )

     Band symmetry, C_1 (1)     double point group:

     e(  1 -  2) =     -7.00713  eV     2   -->   2 G_2            
     e(  3 -  4) =     -4.54730  eV     2   -->   2 G_2            
     e(  5 -  5) =     -4.39492  eV     1   --> G_2            
     e(  6 -  6) =     -4.39476  eV     1   --> G_2            
     e(  7 -  8) =     -4.38250  eV     2   -->   2 G_2            
     e(  9 -  9) =     -4.03398  eV     1   --> G_2            
     e( 10 - 10) =     -4.03377  eV     1   --> G_2            
     e( 11 - 12) =     -3.94128  eV     2   -->   2 G_2            
     e( 13 - 14) =     -1.92948  eV     2   -->   2 G_2            
     e( 15 - 16) =      0.80802  eV     2   -->   2 G_2            
     e( 17 - 18) =      1.20369  eV     2   -->   2 G_2            

 **************************************************************************

 **************************************************************************

                    xk=(   0.09459,   0.05461,   0.00000  )

     Band symmetry, C_1 (1)     double point group:

     e(  1 -  2) =     -6.95662  eV     2   -->   2 G_2            
     e(  3 -  4) =     -4.54970  eV     2   -->   2 G_2            
     e(  5 -  5) =     -4.38932  eV     1   --> G_2            
     e(  6 -  6) =     -4.38913  eV     1   --> G_2            
     e(  7 -  8) =     -4.37526  eV     2   -->   2 G_2            
     e(  9 -  9) =     -4.05387  eV     1   --> G_2            
     e( 10 - 10) =     -4.05362  eV     1   --> G_2            
     e( 11 - 12) =     -3.94621  eV     2   -->   2 G_2            
     e( 13 - 14) =     -1.86392  eV     2   -->   2 G_2            
     e( 15 - 16) =      0.85423  eV     2   -->   2 G_2            
     e( 17 - 18) =      1.25061  eV     2   -->   2 G_2            

 **************************************************************************

 **************************************************************************

                    xk=(   0.10811,   0.06242,   0.00000  )

     Band symmetry, C_1 (1)     double point group:

     e(  1 -  2) =     -6.89857  eV     2   -->   2 G_2            
     e(  3 -  4) =     -4.55343  eV     2   -->   2 G_2            
     e(  5 -  5) =     -4.38315  eV     1   --> G_2            
     e(  6 -  6) =     -4.38291  eV     1   --> G_2            
     e(  7 -  8) =     -4.36579  eV     2   -->   2 G_2            
     e(  9 -  9) =     -4.07594  eV     1   --> G_2            
     e( 10 - 10) =     -4.07566  eV     1   --> G_2            
     e( 11 - 12) =     -3.95078  eV     2   -->   2 G_2            
     e( 13 - 14) =     -1.78992  eV     2   -->   2 G_2            
     e( 15 - 16) =      0.90757  eV     2   -->   2 G_2            
     e( 17 - 17) =      1.30484  eV     1   --> G_2            
     e( 18 - 18) =      1.30524  eV     1   --> G_2            

 **************************************************************************

 **************************************************************************

                    xk=(   0.12162,   0.07022,   0.00000  )

     Band symmetry, C_1 (1)     double point group:

     e(  1 -  2) =     -6.83312  eV     2   -->   2 G_2            
     e(  3 -  4) =     -4.55847  eV     2   -->   2 G_2            
     e(  5 -  5) =     -4.37657  eV     1   --> G_2            
     e(  6 -  6) =     -4.37628  eV     1   --> G_2            
     e(  7 -  8) =     -4.35401  eV     2   -->   2 G_2            
     e(  9 -  9) =     -4.09942  eV     1   --> G_2            
     e( 10 - 10) =     -4.09910  eV     1   --> G_2            
     e( 11 - 12) =     -3.95510  eV     2   -->   2 G_2            
     e( 13 - 14) =     -1.70791  eV     2   -->   2 G_2            
     e( 15 - 16) =      0.96804  eV     2   -->   2 G_2            
     e( 17 - 18) =      1.36617  eV     2   -->   2 G_2            

 **************************************************************************

 **************************************************************************

                    xk=(   0.13514,   0.07802,   0.00000  )

     Band symmetry, C_1 (1)     double point group:

     e(  1 -  2) =     -6.76042  eV     2   -->   2 G_2            
     e(  3 -  4) =     -4.56464  eV     2   -->   2 G_2            
     e(  5 -  5) =     -4.36986  eV     1   --> G_2            
     e(  6 -  6) =     -4.36951  eV     1   --> G_2            
     e(  7 -  8) =     -4.33999  eV     2   -->   2 G_2            
     e(  9 -  9) =     -4.12354  eV     1   --> G_2            
     e( 10 - 10) =     -4.12315  eV     1   --> G_2            
     e( 11 - 12) =     -3.95929  eV     2   -->   2 G_2            
     e( 13 - 14) =     -1.61830  eV     2   -->   2 G_2            
     e( 15 - 16) =      1.03564  eV     2   -->   2 G_2            
     e( 17 - 18) =      1.43480  eV     2   -->   2 G_2            

 **************************************************************************

 **************************************************************************

                    xk=(   0.14865,   0.08582,   0.00000  )

     Band symmetry, C_1 (1)     double point group:

     e(  1 -  2) =     -6.68067  eV     2   -->   2 G_2            
     e(  3 -  4) =     -4.57162  eV     2   -->   2 G_2            
     e(  5 -  5) =     -4.36341  eV     1   --> G_2            
     e(  6 -  6) =     -4.36299  eV     1   --> G_2            
     e(  7 -  8) =     -4.32391  eV     2   -->   2 G_2            
     e(  9 -  9) =     -4.14742  eV     1   --> G_2            
     e( 10 - 10) =     -4.14697  eV     1   --> G_2            
     e( 11 - 12) =     -3.96341  eV     2   -->   2 G_2            
     e( 13 - 14) =     -1.52142  eV     2   -->   2 G_2            
     e( 15 - 16) =      1.11039  eV     2   -->   2 G_2            
     e( 17 - 18) =      1.51069  eV     2   -->   2 G_2            

 **************************************************************************

 **************************************************************************

                    xk=(   0.16216,   0.09362,   0.00000  )

     Band symmetry, C_1 (1)     double point group:

     e(  1 -  2) =     -6.59413  eV     2   -->   2 G_2            
     e(  3 -  4) =     -4.57900  eV     2   -->   2 G_2            
     e(  5 -  5) =     -4.35785  eV     1   --> G_2            
     e(  6 -  6) =     -4.35733  eV     1   --> G_2            
     e(  7 -  8) =     -4.30607  eV     2   -->   2 G_2            
     e(  9 -  9) =     -4.17004  eV     1   --> G_2            
     e( 10 - 10) =     -4.16952  eV     1   --> G_2            
     e( 11 - 12) =     -3.96747  eV     2   -->   2 G_2            
     e( 13 - 14) =     -1.41757  eV     2   -->   2 G_2            
     e( 15 - 16) =      1.19229  eV     2   -->   2 G_2            
     e( 17 - 18) =      1.59382  eV     2   -->   2 G_2            

 **************************************************************************

 **************************************************************************

                    xk=(   0.17568,   0.10143,   0.00000  )

     Band symmetry, C_1 (1)     double point group:

     e(  1 -  2) =     -6.50114  eV     2   -->   2 G_2            
     e(  3 -  4) =     -4.58625  eV     2   -->   2 G_2            
     e(  5 -  5) =     -4.35409  eV     1   --> G_2            
     e(  6 -  6) =     -4.35346  eV     1   --> G_2            
     e(  7 -  8) =     -4.28696  eV     2   -->   2 G_2            
     e(  9 -  9) =     -4.18996  eV     1   --> G_2            
     e( 10 - 10) =     -4.18936  eV     1   --> G_2            
     e( 11 - 12) =     -3.97150  eV     2   -->   2 G_2            
     e( 13 - 14) =     -1.30700  eV     2   -->   2 G_2            
     e( 15 - 16) =      1.28135  eV     2   -->   2 G_2            
     e( 17 - 17) =      1.68421  eV     1   --> G_2            
     e( 18 - 18) =      1.68432  eV     1   --> G_2            

 **************************************************************************

 **************************************************************************

                    xk=(   0.18919,   0.10923,   0.00000  )

     Band symmetry, C_1 (1)     double point group:

     e(  1 -  2) =     -6.40213  eV     2   -->   2 G_2            
     e(  3 -  4) =     -4.59277  eV     2   -->   2 G_2            
     e(  5 -  5) =     -4.35342  eV     1   --> G_2            
     e(  6 -  6) =     -4.35269  eV     1   --> G_2            
     e(  7 -  8) =     -4.26760  eV     2   -->   2 G_2            
     e(  9 -  9) =     -4.20485  eV     1   --> G_2            
     e( 10 - 10) =     -4.20420  eV     1   --> G_2            
     e( 11 - 12) =     -3.97545  eV     2   -->   2 G_2            
     e( 13 - 14) =     -1.18993  eV     2   -->   2 G_2            
     e( 15 - 16) =      1.37757  eV     2   -->   2 G_2            
     e( 17 - 18) =      1.78186  eV     2   -->   2 G_2            

 **************************************************************************

 **************************************************************************

                    xk=(   0.20270,   0.11703,   0.00000  )

     Band symmetry, C_1 (1)     double point group:

     e(  1 -  2) =     -6.29771  eV     2   -->   2 G_2            
     e(  3 -  4) =     -4.59782  eV     2   -->   2 G_2            
     e(  5 -  5) =     -4.35729  eV     1   --> G_2            
     e(  6 -  6) =     -4.35648  eV     1   --> G_2            
     e(  7 -  7) =     -4.25090  eV     1   --> G_2            
     e(  8 -  8) =     -4.25072  eV     1   --> G_2            
     e(  9 -  9) =     -4.21045  eV     1   --> G_2            
     e( 10 - 10) =     -4.20990  eV     1   --> G_2            
     e( 11 - 12) =     -3.97930  eV     2   -->   2 G_2            
     e( 13 - 14) =     -1.06652  eV     2   -->   2 G_2            
     e( 15 - 16) =      1.48095  eV     2   -->   2 G_2            
     e( 17 - 17) =      1.88677  eV     1   --> G_2            
     e( 18 - 18) =      1.88690  eV     1   --> G_2            

 **************************************************************************

 **************************************************************************

                    xk=(   0.21622,   0.12483,   0.00000  )

     Band symmetry, C_1 (1)     double point group:

     e(  1 -  2) =     -6.18867  eV     2   -->   2 G_2            
     e(  3 -  3) =     -4.60049  eV     1   --> G_2            
     e(  4 -  4) =     -4.60037  eV     1   --> G_2            
     e(  5 -  5) =     -4.36640  eV     1   --> G_2            
     e(  6 -  6) =     -4.36558  eV     1   --> G_2            
     e(  7 -  7) =     -4.24170  eV     1   --> G_2            
     e(  8 -  8) =     -4.24126  eV     1   --> G_2            
     e(  9 -  9) =     -4.20129  eV     1   --> G_2            
     e( 10 - 10) =     -4.20102  eV     1   --> G_2            
     e( 11 - 12) =     -3.98299  eV     2   -->   2 G_2            
     e( 13 - 14) =     -0.93695  eV     2   -->   2 G_2            
     e( 15 - 16) =      1.59148  eV     2   -->   2 G_2            
     e( 17 - 18) =      1.99893  eV     2   -->   2 G_2            

 **************************************************************************

 **************************************************************************

                    xk=(   0.22973,   0.13263,   0.00000  )

     Band symmetry, C_1 (1)     double point group:

     e(  1 -  2) =     -6.07609  eV     2   -->   2 G_2            
     e(  3 -  3) =     -4.59964  eV     1   --> G_2            
     e(  4 -  4) =     -4.59948  eV     1   --> G_2            
     e(  5 -  5) =     -4.38005  eV     1   --> G_2            
     e(  6 -  6) =     -4.37925  eV     1   --> G_2            
     e(  7 -  7) =     -4.23668  eV     1   --> G_2            
     e(  8 -  8) =     -4.23614  eV     1   --> G_2            
     e(  9 -  9) =     -4.18153  eV     1   --> G_2            
     e( 10 - 10) =     -4.18142  eV     1   --> G_2            
     e( 11 - 12) =     -3.98642  eV     2   -->   2 G_2            
     e( 13 - 14) =     -0.80132  eV     2   -->   2 G_2            
     e( 15 - 16) =      1.70916  eV     2   -->   2 G_2            
     e( 17 - 18) =      2.11834  eV     2   -->   2 G_2            

 **************************************************************************

 **************************************************************************

                    xk=(   0.24324,   0.14044,   0.00000  )

     Band symmetry, C_1 (1)     double point group:

     e(  1 -  2) =     -5.96145  eV     2   -->   2 G_2            
     e(  3 -  3) =     -4.59383  eV     1   --> G_2            
     e(  4 -  4) =     -4.59361  eV     1   --> G_2            
     e(  5 -  5) =     -4.39659  eV     1   --> G_2            
     e(  6 -  6) =     -4.39581  eV     1   --> G_2            
     e(  7 -  7) =     -4.23075  eV     1   --> G_2            
     e(  8 -  8) =     -4.23024  eV     1   --> G_2            
     e(  9 - 10) =     -4.15804  eV     2   -->   2 G_2            
     e( 11 - 12) =     -3.98945  eV     2   -->   2 G_2            
     e( 13 - 14) =     -0.65978  eV     2   -->   2 G_2            
     e( 15 - 16) =      1.83394  eV     2   -->   2 G_2            
     e( 17 - 18) =      2.24498  eV     2   -->   2 G_2            

 **************************************************************************

 **************************************************************************

                    xk=(   0.25676,   0.14824,   0.00000  )

     Band symmetry, C_1 (1)     double point group:

     e(  1 -  2) =     -5.84680  eV     2   -->   2 G_2            
     e(  3 -  3) =     -4.58131  eV     1   --> G_2            
     e(  4 -  4) =     -4.58101  eV     1   --> G_2            
     e(  5 -  5) =     -4.41422  eV     1   --> G_2            
     e(  6 -  6) =     -4.41342  eV     1   --> G_2            
     e(  7 -  7) =     -4.22323  eV     1   --> G_2            
     e(  8 -  8) =     -4.22277  eV     1   --> G_2            
     e(  9 - 10) =     -4.13335  eV     2   -->   2 G_2            
     e( 11 - 12) =     -3.99188  eV     2   -->   2 G_2            
     e( 13 - 14) =     -0.51242  eV     2   -->   2 G_2            
     e( 15 - 16) =      1.96577  eV     2   -->   2 G_2            
     e( 17 - 18) =      2.37882  eV     2   -->   2 G_2            

 **************************************************************************

 **************************************************************************

                    xk=(   0.27027,   0.15604,   0.00000  )

     Band symmetry, C_1 (1)     double point group:

     e(  1 -  2) =     -5.73484  eV     2   -->   2 G_2            
     e(  3 -  3) =     -4.56040  eV     1   --> G_2            
     e(  4 -  4) =     -4.55993  eV     1   --> G_2            
     e(  5 -  5) =     -4.43088  eV     1   --> G_2            
     e(  6 -  6) =     -4.42997  eV     1   --> G_2            
     e(  7 -  7) =     -4.21455  eV     1   --> G_2            
     e(  8 -  8) =     -4.21414  eV     1   --> G_2            
     e(  9 - 10) =     -4.10852  eV     2   -->   2 G_2            
     e( 11 - 12) =     -3.99337  eV     2   -->   2 G_2            
     e( 13 - 14) =     -0.35935  eV     2   -->   2 G_2            
     e( 15 - 16) =      2.10452  eV     2   -->   2 G_2            
     e( 17 - 18) =      2.51977  eV     2   -->   2 G_2            

 **************************************************************************

 **************************************************************************

                    xk=(   0.28378,   0.16384,   0.00000  )

     Band symmetry, C_1 (1)     double point group:

     e(  1 -  2) =     -5.62895  eV     2   -->   2 G_2            
     e(  3 -  3) =     -4.53184  eV     1   --> G_2            
     e(  4 -  4) =     -4.53105  eV     1   --> G_2            
     e(  5 -  5) =     -4.44192  eV     1   --> G_2            
     e(  6 -  6) =     -4.44074  eV     1   --> G_2            
     e(  7 -  7) =     -4.20513  eV     1   --> G_2            
     e(  8 -  8) =     -4.20477  eV     1   --> G_2            
     e(  9 - 10) =     -4.08449  eV     2   -->   2 G_2            
     e( 11 - 12) =     -3.99328  eV     2   -->   2 G_2            
     e( 13 - 14) =     -0.20070  eV     2   -->   2 G_2            
     e( 15 - 16) =      2.24990  eV     2   -->   2 G_2            
     e( 17 - 18) =      2.66764  eV     2   -->   2 G_2            

 **************************************************************************

 **************************************************************************

                    xk=(   0.29730,   0.17164,   0.00000  )

     Band symmetry, C_1 (1)     double point group:

     e(  1 -  2) =     -5.53294  eV     2   -->   2 G_2            
     e(  3 -  3) =     -4.51010  eV     1   --> G_2            
     e(  4 -  4) =     -4.50915  eV     1   --> G_2            
     e(  5 -  5) =     -4.42860  eV     1   --> G_2            
     e(  6 -  6) =     -4.42730  eV     1   --> G_2            
     e(  7 -  7) =     -4.19521  eV     1   --> G_2            
     e(  8 -  8) =     -4.19488  eV     1   --> G_2            
     e(  9 - 10) =     -4.06251  eV     2   -->   2 G_2            
     e( 11 - 12) =     -3.99040  eV     2   -->   2 G_2            
     e( 13 - 14) =     -0.03659  eV     2   -->   2 G_2            
     e( 15 - 16) =      2.40115  eV     2   -->   2 G_2            
     e( 17 - 18) =      2.82176  eV     2   -->   2 G_2            

 **************************************************************************

 **************************************************************************

                    xk=(   0.31081,   0.17945,   0.00000  )

     Band symmetry, C_1 (1)     double point group:

     e(  1 -  2) =     -5.45031  eV     2   -->   2 G_2            
     e(  3 -  3) =     -4.51266  eV     1   --> G_2            
     e(  4 -  4) =     -4.51214  eV     1   --> G_2            
     e(  5 -  5) =     -4.37021  eV     1   --> G_2            
     e(  6 -  6) =     -4.36936  eV     1   --> G_2            
     e(  7 -  7) =     -4.18458  eV     1   --> G_2            
     e(  8 -  8) =     -4.18428  eV     1   --> G_2            
     e(  9 - 10) =     -4.04428  eV     2   -->   2 G_2            
     e( 11 - 12) =     -3.98276  eV     2   -->   2 G_2            
     e( 13 - 14) =      0.13283  eV     2   -->   2 G_2            
     e( 15 - 16) =      2.55554  eV     2   -->   2 G_2            
     e( 17 - 18) =      2.97846  eV     2   -->   2 G_2            

 **************************************************************************

 **************************************************************************

                    xk=(   0.32432,   0.18725,   0.00000  )

     Band symmetry, C_1 (1)     double point group:

     e(  1 -  2) =     -5.38316  eV     2   -->   2 G_2            
     e(  3 -  3) =     -4.52528  eV     1   --> G_2            
     e(  4 -  4) =     -4.52501  eV     1   --> G_2            
     e(  5 -  5) =     -4.28312  eV     1   --> G_2            
     e(  6 -  6) =     -4.28251  eV     1   --> G_2            
     e(  7 -  7) =     -4.17128  eV     1   --> G_2            
     e(  8 -  8) =     -4.17098  eV     1   --> G_2            
     e(  9 - 10) =     -4.03011  eV     2   -->   2 G_2            
     e( 11 - 11) =     -3.96873  eV     1   --> G_2            
     e( 12 - 12) =     -3.96862  eV     1   --> G_2            
     e( 13 - 14) =      0.30736  eV     2   -->   2 G_2            
     e( 15 - 16) =      2.69412  eV     2   -->   2 G_2            
     e( 17 - 17) =      3.03238  eV     1   --> G_2            
     e( 18 - 18) =      3.03255  eV     1   --> G_2            

 **************************************************************************

 **************************************************************************

                    xk=(   0.33784,   0.19505,   0.00000  )

     Band symmetry, C_1 (1)     double point group:

     e(  1 -  2) =     -5.33158  eV     2   -->   2 G_2            
     e(  3 -  3) =     -4.53983  eV     1   --> G_2            
     e(  4 -  4) =     -4.53967  eV     1   --> G_2            
     e(  5 -  5) =     -4.20044  eV     1   --> G_2            
     e(  6 -  6) =     -4.20013  eV     1   --> G_2            
     e(  7 -  7) =     -4.13667  eV     1   --> G_2            
     e(  8 -  8) =     -4.13656  eV     1   --> G_2            
     e(  9 - 10) =     -4.01330  eV     2   -->   2 G_2            
     e( 11 - 11) =     -3.94860  eV     1   --> G_2            
     e( 12 - 12) =     -3.94850  eV     1   --> G_2            
     e( 13 - 14) =      0.48675  eV     2   -->   2 G_2            
     e( 15 - 16) =      2.59873  eV     2   -->   2 G_2            
     e( 17 - 18) =      2.96774  eV     2   -->   2 G_2            

 **************************************************************************

 **************************************************************************

                    xk=(   0.35135,   0.20285,   0.00000  )

     Band symmetry, C_1 (1)     double point group:

     e(  1 -  2) =     -5.29385  eV     2   -->   2 G_2            
     e(  3 -  4) =     -4.55431  eV     2   -->   2 G_2            
     e(  5 -  6) =     -4.17348  eV     2   -->   2 G_2            
     e(  7 -  7) =     -4.07069  eV     1   --> G_2            
     e(  8 -  8) =     -4.07058  eV     1   --> G_2            
     e(  9 -  9) =     -3.96415  eV     1   --> G_2            
     e( 10 - 10) =     -3.96404  eV     1   --> G_2            
     e( 11 - 11) =     -3.91502  eV     1   --> G_2            
     e( 12 - 12) =     -3.91491  eV     1   --> G_2            
     e( 13 - 14) =      0.67068  eV     2   -->   2 G_2            
     e( 15 - 16) =      2.26977  eV     2   -->   2 G_2            
     e( 17 - 18) =      3.12240  eV     2   -->   2 G_2            

 **************************************************************************

 **************************************************************************

                    xk=(   0.36486,   0.21065,   0.00000  )

     Band symmetry, C_1 (1)     double point group:

     e(  1 -  2) =     -5.26734  eV     2   -->   2 G_2            
     e(  3 -  4) =     -4.56806  eV     2   -->   2 G_2            
     e(  5 -  6) =     -4.16307  eV     2   -->   2 G_2            
     e(  7 -  8) =     -4.04806  eV     2   -->   2 G_2            
     e(  9 - 10) =     -3.91957  eV     2   -->   2 G_2            
     e( 11 - 12) =     -3.79917  eV     2   -->   2 G_2            
     e( 13 - 14) =      0.85867  eV     2   -->   2 G_2            
     e( 15 - 16) =      1.92298  eV     2   -->   2 G_2            
     e( 17 - 18) =      3.30628  eV     2   -->   2 G_2            

 **************************************************************************

 **************************************************************************

                    xk=(   0.37838,   0.21846,   0.00000  )

     Band symmetry, C_1 (1)     double point group:

     e(  1 -  2) =     -5.24934  eV     2   -->   2 G_2            
     e(  3 -  4) =     -4.58081  eV     2   -->   2 G_2            
     e(  5 -  6) =     -4.15578  eV     2   -->   2 G_2            
     e(  7 -  8) =     -4.04126  eV     2   -->   2 G_2            
     e(  9 - 10) =     -3.89631  eV     2   -->   2 G_2            
     e( 11 - 12) =     -3.62865  eV     2   -->   2 G_2            
     e( 13 - 13) =      1.05002  eV     1   --> G_2            
     e( 14 - 14) =      1.05017  eV     1   --> G_2            
     e( 15 - 16) =      1.57877  eV     2   -->   2 G_2            
     e( 17 - 18) =      3.50155  eV     2   -->   2 G_2            

 **************************************************************************

 **************************************************************************

                    xk=(   0.39189,   0.22626,   0.00000  )

     Band symmetry, C_1 (1)     double point group:

     e(  1 -  2) =     -5.23753  eV     2   -->   2 G_2            
     e(  3 -  4) =     -4.59240  eV     2   -->   2 G_2            
     e(  5 -  6) =     -4.15002  eV     2   -->   2 G_2            
     e(  7 -  8) =     -4.03794  eV     2   -->   2 G_2            
     e(  9 - 10) =     -3.87650  eV     2   -->   2 G_2            
     e( 11 - 12) =     -3.43826  eV     2   -->   2 G_2            
     e( 13 - 13) =      1.22861  eV     1   --> G_2            
     e( 14 - 14) =      1.23125  eV     1   --> G_2            
     e( 15 - 15) =      1.25374  eV     1   --> G_2            
     e( 16 - 16) =      1.25628  eV     1   --> G_2            
     e( 17 - 18) =      3.70556  eV     2   -->   2 G_2            

 **************************************************************************

 **************************************************************************

                    xk=(   0.40541,   0.23406,   0.00000  )

     Band symmetry, C_1 (1)     double point group:

     e(  1 -  2) =     -5.23009  eV     2   -->   2 G_2            
     e(  3 -  4) =     -4.60275  eV     2   -->   2 G_2            
     e(  5 -  6) =     -4.14539  eV     2   -->   2 G_2            
     e(  7 -  8) =     -4.03572  eV     2   -->   2 G_2            
     e(  9 - 10) =     -3.85879  eV     2   -->   2 G_2            
     e( 11 - 12) =     -3.23487  eV     2   -->   2 G_2            
     e( 13 - 13) =      0.90992  eV     1   --> G_2            
     e( 14 - 14) =      0.91011  eV     1   --> G_2            
     e( 15 - 16) =      1.44021  eV     2   -->   2 G_2            
     e( 17 - 18) =      3.91755  eV     2   -->   2 G_2            

 **************************************************************************

 **************************************************************************

                    xk=(   0.41892,   0.24186,   0.00000  )

     Band symmetry, C_1 (1)     double point group:

     e(  1 -  2) =     -5.22563  eV     2   -->   2 G_2            
     e(  3 -  4) =     -4.61180  eV     2   -->   2 G_2            
     e(  5 -  6) =     -4.14171  eV     2   -->   2 G_2            
     e(  7 -  8) =     -4.03394  eV     2   -->   2 G_2            
     e(  9 - 10) =     -3.84310  eV     2   -->   2 G_2            
     e( 11 - 12) =     -3.02198  eV     2   -->   2 G_2            
     e( 13 - 13) =      0.58946  eV     1   --> G_2            
     e( 14 - 14) =      0.58959  eV     1   --> G_2            
     e( 15 - 16) =      1.63494  eV     2   -->   2 G_2            
     e( 17 - 18) =      4.13720  eV     2   -->   2 G_2            

 **************************************************************************

 **************************************************************************

                    xk=(   0.43243,   0.24967,   0.00000  )

     Band symmetry, C_1 (1)     double point group:

     e(  1 -  2) =     -5.22316  eV     2   -->   2 G_2            
     e(  3 -  4) =     -4.61950  eV     2   -->   2 G_2            
     e(  5 -  6) =     -4.13884  eV     2   -->   2 G_2            
     e(  7 -  8) =     -4.03240  eV     2   -->   2 G_2            
     e(  9 - 10) =     -3.82956  eV     2   -->   2 G_2            
     e( 11 - 12) =     -2.80272  eV     2   -->   2 G_2            
     e( 13 - 13) =      0.28035  eV     1   --> G_2            
     e( 14 - 14) =      0.28045  eV     1   --> G_2            
     e( 15 - 16) =      1.82616  eV     2   -->   2 G_2            
     e( 17 - 18) =      4.36434  eV     2   -->   2 G_2            

 **************************************************************************

 **************************************************************************

                    xk=(   0.44595,   0.25747,   0.00000  )

     Band symmetry, C_1 (1)     double point group:

     e(  1 -  2) =     -5.22194  eV     2   -->   2 G_2            
     e(  3 -  4) =     -4.62583  eV     2   -->   2 G_2            
     e(  5 -  6) =     -4.13667  eV     2   -->   2 G_2            
     e(  7 -  8) =     -4.03106  eV     2   -->   2 G_2            
     e(  9 - 10) =     -3.81829  eV     2   -->   2 G_2            
     e( 11 - 12) =     -2.58106  eV     2   -->   2 G_2            
     e( 13 - 14) =     -0.01410  eV     2   -->   2 G_2            
     e( 15 - 16) =      2.00911  eV     2   -->   2 G_2            
     e( 17 - 17) =      4.59862  eV     1   --> G_2            
     e( 18 - 18) =      4.59895  eV     1   --> G_2            

 **************************************************************************

 **************************************************************************

                    xk=(   0.45946,   0.26527,   0.00000  )

     Band symmetry, C_1 (1)     double point group:

     e(  1 -  2) =     -5.22146  eV     2   -->   2 G_2            
     e(  3 -  4) =     -4.63077  eV     2   -->   2 G_2            
     e(  5 -  6) =     -4.13510  eV     2   -->   2 G_2            
     e(  7 -  8) =     -4.02995  eV     2   -->   2 G_2            
     e(  9 - 10) =     -3.80939  eV     2   -->   2 G_2            
     e( 11 - 12) =     -2.36356  eV     2   -->   2 G_2            
     e( 13 - 14) =     -0.28779  eV     2   -->   2 G_2            
     e( 15 - 16) =      2.17627  eV     2   -->   2 G_2            
     e( 17 - 17) =      4.54290  eV     1   --> G_2            
     e( 18 - 18) =      4.54302  eV     1   --> G_2            

 **************************************************************************

 **************************************************************************

                    xk=(   0.47297,   0.27307,   0.00000  )

     Band symmetry, C_1 (1)     double point group:

     e(  1 -  2) =     -5.22135  eV     2   -->   2 G_2            
     e(  3 -  4) =     -4.63431  eV     2   -->   2 G_2            
     e(  5 -  6) =     -4.13404  eV     2   -->   2 G_2            
     e(  7 -  8) =     -4.02910  eV     2   -->   2 G_2            
     e(  9 - 10) =     -3.80296  eV     2   -->   2 G_2            
     e( 11 - 12) =     -2.16322  eV     2   -->   2 G_2            
     e( 13 - 14) =     -0.52806  eV     2   -->   2 G_2            
     e( 15 - 16) =      2.31592  eV     2   -->   2 G_2            
     e( 17 - 18) =      4.39835  eV     2   -->   2 G_2            

 **************************************************************************

 **************************************************************************

                    xk=(   0.48649,   0.28087,   0.00000  )

     Band symmetry, C_1 (1)     double point group:

     e(  1 -  2) =     -5.22138  eV     2   -->   2 G_2            
     e(  3 -  4) =     -4.63644  eV     2   -->   2 G_2            
     e(  5 -  6) =     -4.13343  eV     2   -->   2 G_2            
     e(  7 -  8) =     -4.02858  eV     2   -->   2 G_2            
     e(  9 - 10) =     -3.79908  eV     2   -->   2 G_2            
     e( 11 - 12) =     -2.00763  eV     2   -->   2 G_2            
     e( 13 - 14) =     -0.70751  eV     2   -->   2 G_2            
     e( 15 - 16) =      2.41163  eV     2   -->   2 G_2            
     e( 17 - 18) =      4.29522  eV     2   -->   2 G_2            

 **************************************************************************

 **************************************************************************

                    xk=(   0.50000,   0.28868,   0.00000  )

     Band symmetry, C_1 (1)     double point group:

     e(  1 -  2) =     -5.22140  eV     2   -->   2 G_2            
     e(  3 -  4) =     -4.63715  eV     2   -->   2 G_2            
     e(  5 -  6) =     -4.13323  eV     2   -->   2 G_2            
     e(  7 -  8) =     -4.02840  eV     2   -->   2 G_2            
     e(  9 - 10) =     -3.79778  eV     2   -->   2 G_2            
     e( 11 - 12) =     -1.94508  eV     2   -->   2 G_2            
     e( 13 - 14) =     -0.77798  eV     2   -->   2 G_2            
     e( 15 - 16) =      2.44618  eV     2   -->   2 G_2            
     e( 17 - 18) =      4.25769  eV     2   -->   2 G_2            

 **************************************************************************

 **************************************************************************

                    xk=(   0.49383,   0.29937,   0.00000  )

     Band symmetry, C_1 (1)     double point group:

     e(  1 -  2) =     -5.22007  eV     2   -->   2 G_2            
     e(  3 -  4) =     -4.63678  eV     2   -->   2 G_2            
     e(  5 -  6) =     -4.13349  eV     2   -->   2 G_2            
     e(  7 -  8) =     -4.02880  eV     2   -->   2 G_2            
     e(  9 - 10) =     -3.80061  eV     2   -->   2 G_2            
     e( 11 - 12) =     -1.93982  eV     2   -->   2 G_2            
     e( 13 - 14) =     -0.77686  eV     2   -->   2 G_2            
     e( 15 - 16) =      2.44876  eV     2   -->   2 G_2            
     e( 17 - 18) =      4.25968  eV     2   -->   2 G_2            

 **************************************************************************

 **************************************************************************

                    xk=(   0.48765,   0.31006,   0.00000  )

     Band symmetry, C_1 (1)     double point group:

     e(  1 -  2) =     -5.21606  eV     2   -->   2 G_2            
     e(  3 -  4) =     -4.63568  eV     2   -->   2 G_2            
     e(  5 -  6) =     -4.13429  eV     2   -->   2 G_2            
     e(  7 -  8) =     -4.02996  eV     2   -->   2 G_2            
     e(  9 - 10) =     -3.80899  eV     2   -->   2 G_2            
     e( 11 - 12) =     -1.92416  eV     2   -->   2 G_2            
     e( 13 - 14) =     -0.77350  eV     2   -->   2 G_2            
     e( 15 - 16) =      2.45651  eV     2   -->   2 G_2            
     e( 17 - 18) =      4.26566  eV     2   -->   2 G_2            

 **************************************************************************

 **************************************************************************

                    xk=(   0.48148,   0.32075,   0.00000  )

     Band symmetry, C_1 (1)     double point group:

     e(  1 -  2) =     -5.20942  eV     2   -->   2 G_2            
     e(  3 -  4) =     -4.63385  eV     2   -->   2 G_2            
     e(  5 -  6) =     -4.13568  eV     2   -->   2 G_2            
     e(  7 -  8) =     -4.03184  eV     2   -->   2 G_2            
     e(  9 - 10) =     -3.82260  eV     2   -->   2 G_2            
     e( 11 - 12) =     -1.89837  eV     2   -->   2 G_2            
     e( 13 - 14) =     -0.76787  eV     2   -->   2 G_2            
     e( 15 - 16) =      2.46941  eV     2   -->   2 G_2            
     e( 17 - 18) =      4.27563  eV     2   -->   2 G_2            

 **************************************************************************

 **************************************************************************

                    xk=(   0.47531,   0.33144,   0.00000  )

     Band symmetry, C_1 (1)     double point group:

     e(  1 -  2) =     -5.20018  eV     2   -->   2 G_2            
     e(  3 -  4) =     -4.63129  eV     2   -->   2 G_2            
     e(  5 -  6) =     -4.13771  eV     2   -->   2 G_2            
     e(  7 -  8) =     -4.03437  eV     2   -->   2 G_2            
     e(  9 - 10) =     -3.84099  eV     2   -->   2 G_2            
     e( 11 - 12) =     -1.86291  eV     2   -->   2 G_2            
     e( 13 - 14) =     -0.75995  eV     2   -->   2 G_2            
     e( 15 - 16) =      2.48741  eV     2   -->   2 G_2            
     e( 17 - 18) =      4.28960  eV     2   -->   2 G_2            

 **************************************************************************

 **************************************************************************

                    xk=(   0.46914,   0.34213,   0.00000  )

     Band symmetry, C_1 (1)     double point group:

     e(  1 -  2) =     -5.18840  eV     2   -->   2 G_2            
     e(  3 -  4) =     -4.62802  eV     2   -->   2 G_2            
     e(  5 -  6) =     -4.14050  eV     2   -->   2 G_2            
     e(  7 -  8) =     -4.03744  eV     2   -->   2 G_2            
     e(  9 - 10) =     -3.86354  eV     2   -->   2 G_2            
     e( 11 - 12) =     -1.81834  eV     2   -->   2 G_2            
     e( 13 - 14) =     -0.74968  eV     2   -->   2 G_2            
     e( 15 - 16) =      2.51048  eV     2   -->   2 G_2            
     e( 17 - 18) =      4.30756  eV     2   -->   2 G_2            

 **************************************************************************

 **************************************************************************

                    xk=(   0.46296,   0.35283,   0.00000  )

     Band symmetry, C_1 (1)     double point group:

     e(  1 -  2) =     -5.17416  eV     2   -->   2 G_2            
     e(  3 -  4) =     -4.62405  eV     2   -->   2 G_2            
     e(  5 -  6) =     -4.14418  eV     2   -->   2 G_2            
     e(  7 -  8) =     -4.04096  eV     2   -->   2 G_2            
     e(  9 - 10) =     -3.88959  eV     2   -->   2 G_2            
     e( 11 - 12) =     -1.76527  eV     2   -->   2 G_2            
     e( 13 - 14) =     -0.73701  eV     2   -->   2 G_2            
     e( 15 - 16) =      2.53853  eV     2   -->   2 G_2            
     e( 17 - 18) =      4.32952  eV     2   -->   2 G_2            

 **************************************************************************

 **************************************************************************

                    xk=(   0.45679,   0.36352,   0.00000  )

     Band symmetry, C_1 (1)     double point group:

     e(  1 -  2) =     -5.15754  eV     2   -->   2 G_2            
     e(  3 -  4) =     -4.61939  eV     2   -->   2 G_2            
     e(  5 -  6) =     -4.14888  eV     2   -->   2 G_2            
     e(  7 -  8) =     -4.04483  eV     2   -->   2 G_2            
     e(  9 - 10) =     -3.91837  eV     2   -->   2 G_2            
     e( 11 - 12) =     -1.70433  eV     2   -->   2 G_2            
     e( 13 - 14) =     -0.72187  eV     2   -->   2 G_2            
     e( 15 - 16) =      2.57151  eV     2   -->   2 G_2            
     e( 17 - 18) =      4.35549  eV     2   -->   2 G_2            

 **************************************************************************

 **************************************************************************

                    xk=(   0.45062,   0.37421,   0.00000  )

     Band symmetry, C_1 (1)     double point group:

     e(  1 -  2) =     -5.13867  eV     2   -->   2 G_2            
     e(  3 -  4) =     -4.61406  eV     2   -->   2 G_2            
     e(  5 -  6) =     -4.15477  eV     2   -->   2 G_2            
     e(  7 -  8) =     -4.04908  eV     2   -->   2 G_2            
     e(  9 - 10) =     -3.94904  eV     2   -->   2 G_2            
     e( 11 - 12) =     -1.63614  eV     2   -->   2 G_2            
     e( 13 - 14) =     -0.70416  eV     2   -->   2 G_2            
     e( 15 - 16) =      2.60930  eV     2   -->   2 G_2            
     e( 17 - 18) =      4.38547  eV     2   -->   2 G_2            

 **************************************************************************

 **************************************************************************

                    xk=(   0.44444,   0.38490,   0.00000  )

     Band symmetry, C_1 (1)     double point group:

     e(  1 -  2) =     -5.11766  eV     2   -->   2 G_2            
     e(  3 -  4) =     -4.60807  eV     2   -->   2 G_2            
     e(  5 -  6) =     -4.16200  eV     2   -->   2 G_2            
     e(  7 -  8) =     -4.05404  eV     2   -->   2 G_2            
     e(  9 - 10) =     -3.98047  eV     2   -->   2 G_2            
     e( 11 - 12) =     -1.56126  eV     2   -->   2 G_2            
     e( 13 - 14) =     -0.68380  eV     2   -->   2 G_2            
     e( 15 - 16) =      2.65179  eV     2   -->   2 G_2            
     e( 17 - 18) =      4.41947  eV     2   -->   2 G_2            

 **************************************************************************

 **************************************************************************

                    xk=(   0.43827,   0.39559,   0.00000  )

     Band symmetry, C_1 (1)     double point group:

     e(  1 -  2) =     -5.09466  eV     2   -->   2 G_2            
     e(  3 -  4) =     -4.60147  eV     2   -->   2 G_2            
     e(  5 -  6) =     -4.17072  eV     2   -->   2 G_2            
     e(  7 -  8) =     -4.06116  eV     2   -->   2 G_2            
     e(  9 - 10) =     -4.01046  eV     2   -->   2 G_2            
     e( 11 - 12) =     -1.48021  eV     2   -->   2 G_2            
     e( 13 - 14) =     -0.66066  eV     2   -->   2 G_2            
     e( 15 - 16) =      2.69886  eV     2   -->   2 G_2            
     e( 17 - 18) =      4.45750  eV     2   -->   2 G_2            

 **************************************************************************

 **************************************************************************

                    xk=(   0.43210,   0.40628,   0.00000  )

     Band symmetry, C_1 (1)     double point group:

     e(  1 -  2) =     -5.06984  eV     2   -->   2 G_2            
     e(  3 -  4) =     -4.59426  eV     2   -->   2 G_2            
     e(  5 -  6) =     -4.18113  eV     2   -->   2 G_2            
     e(  7 -  7) =     -4.07517  eV     1   --> G_2            
     e(  8 -  8) =     -4.07504  eV     1   --> G_2            
     e(  9 - 10) =     -4.03368  eV     2   -->   2 G_2            
     e( 11 - 12) =     -1.39343  eV     2   -->   2 G_2            
     e( 13 - 14) =     -0.63463  eV     2   -->   2 G_2            
     e( 15 - 16) =      2.75035  eV     2   -->   2 G_2            
     e( 17 - 18) =      4.49956  eV     2   -->   2 G_2            

 **************************************************************************

 **************************************************************************

                    xk=(   0.42593,   0.41698,   0.00000  )

     Band symmetry, C_1 (1)     double point group:

     e(  1 -  2) =     -5.04338  eV     2   -->   2 G_2            
     e(  3 -  4) =     -4.58649  eV     2   -->   2 G_2            
     e(  5 -  6) =     -4.19350  eV     2   -->   2 G_2            
     e(  7 -  7) =     -4.09984  eV     1   --> G_2            
     e(  8 -  8) =     -4.09965  eV     1   --> G_2            
     e(  9 -  9) =     -4.04545  eV     1   --> G_2            
     e( 10 - 10) =     -4.04533  eV     1   --> G_2            
     e( 11 - 12) =     -1.30132  eV     2   -->   2 G_2            
     e( 13 - 14) =     -0.60557  eV     2   -->   2 G_2            
     e( 15 - 16) =      2.80607  eV     2   -->   2 G_2            
     e( 17 - 18) =      4.54567  eV     2   -->   2 G_2            

 **************************************************************************

 **************************************************************************

                    xk=(   0.41975,   0.42767,   0.00000  )

     Band symmetry, C_1 (1)     double point group:

     e(  1 -  2) =     -5.01548  eV     2   -->   2 G_2            
     e(  3 -  4) =     -4.57818  eV     2   -->   2 G_2            
     e(  5 -  6) =     -4.20829  eV     2   -->   2 G_2            
     e(  7 -  7) =     -4.12926  eV     1   --> G_2            
     e(  8 -  8) =     -4.12905  eV     1   --> G_2            
     e(  9 -  9) =     -4.05077  eV     1   --> G_2            
     e( 10 - 10) =     -4.05065  eV     1   --> G_2            
     e( 11 - 12) =     -1.20421  eV     2   -->   2 G_2            
     e( 13 - 14) =     -0.57333  eV     2   -->   2 G_2            
     e( 15 - 16) =      2.86581  eV     2   -->   2 G_2            
     e( 17 - 18) =      4.38577  eV     2   -->   2 G_2            

 **************************************************************************

 **************************************************************************

                    xk=(   0.41358,   0.43836,   0.00000  )

     Band symmetry, C_1 (1)     double point group:

     e(  1 -  2) =     -4.98635  eV     2   -->   2 G_2            
     e(  3 -  4) =     -4.56938  eV     2   -->   2 G_2            
     e(  5 -  6) =     -4.22627  eV     2   -->   2 G_2            
     e(  7 -  7) =     -4.15822  eV     1   --> G_2            
     e(  8 -  8) =     -4.15799  eV     1   --> G_2            
     e(  9 -  9) =     -4.05370  eV     1   --> G_2            
     e( 10 - 10) =     -4.05359  eV     1   --> G_2            
     e( 11 - 12) =     -1.10241  eV     2   -->   2 G_2            
     e( 13 - 14) =     -0.53776  eV     2   -->   2 G_2            
     e( 15 - 16) =      2.92929  eV     2   -->   2 G_2            
     e( 17 - 18) =      4.08871  eV     2   -->   2 G_2            

 **************************************************************************

 **************************************************************************

                    xk=(   0.40741,   0.44905,   0.00000  )

     Band symmetry, C_1 (1)     double point group:

     e(  1 -  2) =     -4.95625  eV     2   -->   2 G_2            
     e(  3 -  3) =     -4.56012  eV     1   --> G_2            
     e(  4 -  4) =     -4.56001  eV     1   --> G_2            
     e(  5 -  6) =     -4.24824  eV     2   -->   2 G_2            
     e(  7 -  7) =     -4.18427  eV     1   --> G_2            
     e(  8 -  8) =     -4.18403  eV     1   --> G_2            
     e(  9 - 10) =     -4.05557  eV     2   -->   2 G_2            
     e( 11 - 12) =     -0.99614  eV     2   -->   2 G_2            
     e( 13 - 14) =     -0.49869  eV     2   -->   2 G_2            
     e( 15 - 16) =      2.99616  eV     2   -->   2 G_2            
     e( 17 - 18) =      3.79352  eV     2   -->   2 G_2            

 **************************************************************************

 **************************************************************************

                    xk=(   0.40123,   0.45974,   0.00000  )

     Band symmetry, C_1 (1)     double point group:

     e(  1 -  2) =     -4.92542  eV     2   -->   2 G_2            
     e(  3 -  3) =     -4.55047  eV     1   --> G_2            
     e(  4 -  4) =     -4.55034  eV     1   --> G_2            
     e(  5 -  6) =     -4.27416  eV     2   -->   2 G_2            
     e(  7 -  7) =     -4.20665  eV     1   --> G_2            
     e(  8 -  8) =     -4.20641  eV     1   --> G_2            
     e(  9 - 10) =     -4.05682  eV     2   -->   2 G_2            
     e( 11 - 12) =     -0.88563  eV     2   -->   2 G_2            
     e( 13 - 14) =     -0.45595  eV     2   -->   2 G_2            
     e( 15 - 15) =      3.06574  eV     1   --> G_2            
     e( 16 - 16) =      3.06590  eV     1   --> G_2            
     e( 17 - 18) =      3.50097  eV     2   -->   2 G_2            

 **************************************************************************

 **************************************************************************

                    xk=(   0.39506,   0.47043,   0.00000  )

     Band symmetry, C_1 (1)     double point group:

     e(  1 -  2) =     -4.89415  eV     2   -->   2 G_2            
     e(  3 -  3) =     -4.54049  eV     1   --> G_2            
     e(  4 -  4) =     -4.54033  eV     1   --> G_2            
     e(  5 -  5) =     -4.30277  eV     1   --> G_2            
     e(  6 -  6) =     -4.30265  eV     1   --> G_2            
     e(  7 -  7) =     -4.22605  eV     1   --> G_2            
     e(  8 -  8) =     -4.22581  eV     1   --> G_2            
     e(  9 - 10) =     -4.05767  eV     2   -->   2 G_2            
     e( 11 - 12) =     -0.77104  eV     2   -->   2 G_2            
     e( 13 - 14) =     -0.40937  eV     2   -->   2 G_2            
     e( 15 - 15) =      3.13156  eV     1   --> G_2            
     e( 16 - 16) =      3.13230  eV     1   --> G_2            
     e( 17 - 17) =      3.21704  eV     1   --> G_2            
     e( 18 - 18) =      3.21770  eV     1   --> G_2            

 **************************************************************************

 **************************************************************************

                    xk=(   0.38889,   0.48113,   0.00000  )

     Band symmetry, C_1 (1)     double point group:

     e(  1 -  2) =     -4.86274  eV     2   -->   2 G_2            
     e(  3 -  3) =     -4.53027  eV     1   --> G_2            
     e(  4 -  4) =     -4.53008  eV     1   --> G_2            
     e(  5 -  5) =     -4.33251  eV     1   --> G_2            
     e(  6 -  6) =     -4.33236  eV     1   --> G_2            
     e(  7 -  7) =     -4.24357  eV     1   --> G_2            
     e(  8 -  8) =     -4.24334  eV     1   --> G_2            
     e(  9 - 10) =     -4.05825  eV     2   -->   2 G_2            
     e( 11 - 12) =     -0.65252  eV     2   -->   2 G_2            
     e( 13 - 14) =     -0.35878  eV     2   -->   2 G_2            
     e( 15 - 15) =      2.91901  eV     1   --> G_2            
     e( 16 - 16) =      2.91928  eV     1   --> G_2            
     e( 17 - 17) =      3.21767  eV     1   --> G_2            
     e( 18 - 18) =      3.21785  eV     1   --> G_2            

 **************************************************************************

 **************************************************************************

                    xk=(   0.38272,   0.49182,   0.00000  )

     Band symmetry, C_1 (1)     double point group:

     e(  1 -  2) =     -4.83154  eV     2   -->   2 G_2            
     e(  3 -  3) =     -4.51992  eV     1   --> G_2            
     e(  4 -  4) =     -4.51970  eV     1   --> G_2            
     e(  5 -  5) =     -4.36222  eV     1   --> G_2            
     e(  6 -  6) =     -4.36202  eV     1   --> G_2            
     e(  7 -  7) =     -4.25994  eV     1   --> G_2            
     e(  8 -  8) =     -4.25971  eV     1   --> G_2            
     e(  9 - 10) =     -4.05863  eV     2   -->   2 G_2            
     e( 11 - 12) =     -0.53020  eV     2   -->   2 G_2            
     e( 13 - 14) =     -0.30401  eV     2   -->   2 G_2            
     e( 15 - 15) =      2.63590  eV     1   --> G_2            
     e( 16 - 16) =      2.63606  eV     1   --> G_2            
     e( 17 - 18) =      3.29325  eV     2   -->   2 G_2            

 **************************************************************************

 **************************************************************************

                    xk=(   0.37654,   0.50251,   0.00000  )

     Band symmetry, C_1 (1)     double point group:

     e(  1 -  1) =     -4.80093  eV     1   --> G_2            
     e(  2 -  2) =     -4.80082  eV     1   --> G_2            
     e(  3 -  3) =     -4.50965  eV     1   --> G_2            
     e(  4 -  4) =     -4.50937  eV     1   --> G_2            
     e(  5 -  5) =     -4.39105  eV     1   --> G_2            
     e(  6 -  6) =     -4.39079  eV     1   --> G_2            
     e(  7 -  7) =     -4.27548  eV     1   --> G_2            
     e(  8 -  8) =     -4.27525  eV     1   --> G_2            
     e(  9 - 10) =     -4.05888  eV     2   -->   2 G_2            
     e( 11 - 12) =     -0.40416  eV     2   -->   2 G_2            
     e( 13 - 14) =     -0.24493  eV     2   -->   2 G_2            
     e( 15 - 15) =      2.35543  eV     1   --> G_2            
     e( 16 - 16) =      2.35555  eV     1   --> G_2            
     e( 17 - 18) =      3.37026  eV     2   -->   2 G_2            

 **************************************************************************

 **************************************************************************

                    xk=(   0.37037,   0.51320,   0.00000  )

     Band symmetry, C_1 (1)     double point group:

     e(  1 -  1) =     -4.77134  eV     1   --> G_2            
     e(  2 -  2) =     -4.77121  eV     1   --> G_2            
     e(  3 -  3) =     -4.49985  eV     1   --> G_2            
     e(  4 -  4) =     -4.49947  eV     1   --> G_2            
     e(  5 -  5) =     -4.41822  eV     1   --> G_2            
     e(  6 -  6) =     -4.41786  eV     1   --> G_2            
     e(  7 -  7) =     -4.29025  eV     1   --> G_2            
     e(  8 -  8) =     -4.29002  eV     1   --> G_2            
     e(  9 - 10) =     -4.05904  eV     2   -->   2 G_2            
     e( 11 - 12) =     -0.27452  eV     2   -->   2 G_2            
     e( 13 - 14) =     -0.18142  eV     2   -->   2 G_2            
     e( 15 - 15) =      2.07857  eV     1   --> G_2            
     e( 16 - 16) =      2.07868  eV     1   --> G_2            
     e( 17 - 18) =      3.44687  eV     2   -->   2 G_2            

 **************************************************************************

 **************************************************************************

                    xk=(   0.36420,   0.52389,   0.00000  )

     Band symmetry, C_1 (1)     double point group:

     e(  1 -  1) =     -4.74332  eV     1   --> G_2            
     e(  2 -  2) =     -4.74317  eV     1   --> G_2            
     e(  3 -  3) =     -4.49160  eV     1   --> G_2            
     e(  4 -  4) =     -4.49104  eV     1   --> G_2            
     e(  5 -  5) =     -4.44240  eV     1   --> G_2            
     e(  6 -  6) =     -4.44186  eV     1   --> G_2            
     e(  7 -  7) =     -4.30415  eV     1   --> G_2            
     e(  8 -  8) =     -4.30391  eV     1   --> G_2            
     e(  9 - 10) =     -4.05914  eV     2   -->   2 G_2            
     e( 11 - 12) =     -0.14134  eV     2   -->   2 G_2            
     e( 13 - 14) =     -0.11346  eV     2   -->   2 G_2            
     e( 15 - 16) =      1.80581  eV     2   -->   2 G_2            
     e( 17 - 18) =      3.52139  eV     2   -->   2 G_2            

 **************************************************************************

 **************************************************************************

                    xk=(   0.35802,   0.53458,   0.00000  )

     Band symmetry, C_1 (1)     double point group:

     e(  1 -  1) =     -4.71756  eV     1   --> G_2            
     e(  2 -  2) =     -4.71738  eV     1   --> G_2            
     e(  3 -  3) =     -4.48917  eV     1   --> G_2            
     e(  4 -  4) =     -4.48841  eV     1   --> G_2            
     e(  5 -  5) =     -4.45896  eV     1   --> G_2            
     e(  6 -  6) =     -4.45820  eV     1   --> G_2            
     e(  7 -  7) =     -4.31692  eV     1   --> G_2            
     e(  8 -  8) =     -4.31666  eV     1   --> G_2            
     e(  9 - 10) =     -4.05920  eV     2   -->   2 G_2            
     e( 11 - 12) =     -0.04128  eV     2   -->   2 G_2            
     e( 13 - 14) =     -0.00460  eV     2   -->   2 G_2            
     e( 15 - 16) =      1.53765  eV     2   -->   2 G_2            
     e( 17 - 18) =      3.59161  eV     2   -->   2 G_2            

 **************************************************************************

 **************************************************************************

                    xk=(   0.35185,   0.54528,   0.00000  )

     Band symmetry, C_1 (1)     double point group:

     e(  1 -  1) =     -4.69506  eV     1   --> G_2            
     e(  2 -  2) =     -4.69484  eV     1   --> G_2            
     e(  3 -  3) =     -4.49914  eV     1   --> G_2            
     e(  4 -  4) =     -4.49869  eV     1   --> G_2            
     e(  5 -  5) =     -4.46039  eV     1   --> G_2            
     e(  6 -  6) =     -4.45995  eV     1   --> G_2            
     e(  7 -  7) =     -4.32814  eV     1   --> G_2            
     e(  8 -  8) =     -4.32786  eV     1   --> G_2            
     e(  9 - 10) =     -4.05922  eV     2   -->   2 G_2            
     e( 11 - 12) =      0.03476  eV     2   -->   2 G_2            
     e( 13 - 14) =      0.13550  eV     2   -->   2 G_2            
     e( 15 - 16) =      1.27499  eV     2   -->   2 G_2            
     e( 17 - 18) =      3.65456  eV     2   -->   2 G_2            

 **************************************************************************

 **************************************************************************

                    xk=(   0.34568,   0.55597,   0.00000  )

     Band symmetry, C_1 (1)     double point group:

     e(  1 -  1) =     -4.67718  eV     1   --> G_2            
     e(  2 -  2) =     -4.67692  eV     1   --> G_2            
     e(  3 -  3) =     -4.51269  eV     1   --> G_2            
     e(  4 -  4) =     -4.51251  eV     1   --> G_2            
     e(  5 -  5) =     -4.45551  eV     1   --> G_2            
     e(  6 -  6) =     -4.45533  eV     1   --> G_2            
     e(  7 -  7) =     -4.33716  eV     1   --> G_2            
     e(  8 -  8) =     -4.33686  eV     1   --> G_2            
     e(  9 - 10) =     -4.05924  eV     2   -->   2 G_2            
     e( 11 - 12) =      0.11297  eV     2   -->   2 G_2            
     e( 13 - 14) =      0.27896  eV     2   -->   2 G_2            
     e( 15 - 16) =      1.01978  eV     2   -->   2 G_2            
     e( 17 - 18) =      3.70630  eV     2   -->   2 G_2            

 **************************************************************************

 **************************************************************************

                    xk=(   0.33951,   0.56666,   0.00000  )

     Band symmetry, C_1 (1)     double point group:

     e(  1 -  1) =     -4.66567  eV     1   --> G_2            
     e(  2 -  2) =     -4.66539  eV     1   --> G_2            
     e(  3 -  4) =     -4.52229  eV     2   -->   2 G_2            
     e(  5 -  6) =     -4.45120  eV     2   -->   2 G_2            
     e(  7 -  7) =     -4.34318  eV     1   --> G_2            
     e(  8 -  8) =     -4.34286  eV     1   --> G_2            
     e(  9 - 10) =     -4.05923  eV     2   -->   2 G_2            
     e( 11 - 12) =      0.18770  eV     2   -->   2 G_2            
     e( 13 - 14) =      0.42560  eV     2   -->   2 G_2            
     e( 15 - 16) =      0.77811  eV     2   -->   2 G_2            
     e( 17 - 18) =      3.74172  eV     2   -->   2 G_2            

 **************************************************************************

 **************************************************************************

                    xk=(   0.33333,   0.57735,   0.00000  )

     Band symmetry, C_1 (1)     double point group:

     e(  1 -  1) =     -4.66184  eV     1   --> G_2            
     e(  2 -  2) =     -4.66154  eV     1   --> G_2            
     e(  3 -  4) =     -4.52555  eV     2   -->   2 G_2            
     e(  5 -  6) =     -4.44943  eV     2   -->   2 G_2            
     e(  7 -  7) =     -4.34543  eV     1   --> G_2            
     e(  8 -  8) =     -4.34509  eV     1   --> G_2            
     e(  9 - 10) =     -4.05921  eV     2   -->   2 G_2            
     e( 11 - 12) =      0.23142  eV     2   -->   2 G_2            
     e( 13 - 14) =      0.56274  eV     2   -->   2 G_2            
     e( 15 - 16) =      0.59047  eV     2   -->   2 G_2            
     e( 17 - 18) =      3.75487  eV     2   -->   2 G_2            

 **************************************************************************

 **************************************************************************

                    xk=(   0.32381,   0.56085,   0.00000  )

     Band symmetry, C_1 (1)     double point group:

     e(  1 -  1) =     -4.66921  eV     1   --> G_2            
     e(  2 -  2) =     -4.66894  eV     1   --> G_2            
     e(  3 -  4) =     -4.51960  eV     2   -->   2 G_2            
     e(  5 -  6) =     -4.45309  eV     2   -->   2 G_2            
     e(  7 -  7) =     -4.34070  eV     1   --> G_2            
     e(  8 -  8) =     -4.34038  eV     1   --> G_2            
     e(  9 - 10) =     -4.05922  eV     2   -->   2 G_2            
     e( 11 - 12) =      0.04041  eV     2   -->   2 G_2            
     e( 13 - 14) =      0.54495  eV     2   -->   2 G_2            
     e( 15 - 16) =      0.81569  eV     2   -->   2 G_2            
     e( 17 - 18) =      3.71864  eV     2   -->   2 G_2            

 **************************************************************************

 **************************************************************************

                    xk=(   0.31429,   0.54436,   0.00000  )

     Band symmetry, C_1 (1)     double point group:

     e(  1 -  1) =     -4.68542  eV     1   --> G_2            
     e(  2 -  2) =     -4.68519  eV     1   --> G_2            
     e(  3 -  3) =     -4.50806  eV     1   --> G_2            
     e(  4 -  4) =     -4.50796  eV     1   --> G_2            
     e(  5 -  6) =     -4.46202  eV     2   -->   2 G_2            
     e(  7 -  7) =     -4.32878  eV     1   --> G_2            
     e(  8 -  8) =     -4.32850  eV     1   --> G_2            
     e(  9 - 10) =     -4.05920  eV     2   -->   2 G_2            
     e( 11 - 12) =     -0.30382  eV     2   -->   2 G_2            
     e( 13 - 14) =      0.69304  eV     2   -->   2 G_2            
     e( 15 - 16) =      1.06182  eV     2   -->   2 G_2            
     e( 17 - 18) =      3.60612  eV     2   -->   2 G_2            

 **************************************************************************

 **************************************************************************

                    xk=(   0.30476,   0.52786,   0.00000  )

     Band symmetry, C_1 (1)     double point group:

     e(  1 -  1) =     -4.70398  eV     1   --> G_2            
     e(  2 -  2) =     -4.70378  eV     1   --> G_2            
     e(  3 -  3) =     -4.49810  eV     1   --> G_2            
     e(  4 -  4) =     -4.49782  eV     1   --> G_2            
     e(  5 -  5) =     -4.47301  eV     1   --> G_2            
     e(  6 -  6) =     -4.47277  eV     1   --> G_2            
     e(  7 -  7) =     -4.31288  eV     1   --> G_2            
     e(  8 -  8) =     -4.31264  eV     1   --> G_2            
     e(  9 - 10) =     -4.05920  eV     2   -->   2 G_2            
     e( 11 - 12) =     -0.65635  eV     2   -->   2 G_2            
     e( 13 - 14) =      0.87574  eV     2   -->   2 G_2            
     e( 15 - 16) =      1.31595  eV     2   -->   2 G_2            
     e( 17 - 18) =      3.42699  eV     2   -->   2 G_2            

 **************************************************************************

 **************************************************************************

                    xk=(   0.29524,   0.51137,   0.00000  )

     Band symmetry, C_1 (1)     double point group:

     e(  1 -  1) =     -4.72187  eV     1   --> G_2            
     e(  2 -  2) =     -4.72170  eV     1   --> G_2            
     e(  3 -  3) =     -4.49419  eV     1   --> G_2            
     e(  4 -  4) =     -4.49350  eV     1   --> G_2            
     e(  5 -  5) =     -4.48319  eV     1   --> G_2            
     e(  6 -  6) =     -4.48255  eV     1   --> G_2            
     e(  7 -  7) =     -4.29516  eV     1   --> G_2            
     e(  8 -  8) =     -4.29496  eV     1   --> G_2            
     e(  9 - 10) =     -4.05930  eV     2   -->   2 G_2            
     e( 11 - 12) =     -1.00142  eV     2   -->   2 G_2            
     e( 13 - 14) =      1.07814  eV     2   -->   2 G_2            
     e( 15 - 16) =      1.57796  eV     2   -->   2 G_2            
     e( 17 - 18) =      3.20209  eV     2   -->   2 G_2            

 **************************************************************************

 **************************************************************************

                    xk=(   0.28571,   0.49487,   0.00000  )

     Band symmetry, C_1 (1)     double point group:

     e(  1 -  1) =     -4.73782  eV     1   --> G_2            
     e(  2 -  2) =     -4.73767  eV     1   --> G_2            
     e(  3 -  3) =     -4.49914  eV     1   --> G_2            
     e(  4 -  4) =     -4.49838  eV     1   --> G_2            
     e(  5 -  5) =     -4.48983  eV     1   --> G_2            
     e(  6 -  6) =     -4.48913  eV     1   --> G_2            
     e(  7 -  7) =     -4.27684  eV     1   --> G_2            
     e(  8 -  8) =     -4.27665  eV     1   --> G_2            
     e(  9 - 10) =     -4.05965  eV     2   -->   2 G_2            
     e( 11 - 12) =     -1.33540  eV     2   -->   2 G_2            
     e( 13 - 13) =      1.29736  eV     1   --> G_2            
     e( 14 - 14) =      1.29747  eV     1   --> G_2            
     e( 15 - 16) =      1.84779  eV     2   -->   2 G_2            
     e( 17 - 18) =      2.95062  eV     2   -->   2 G_2            

 **************************************************************************

 **************************************************************************

                    xk=(   0.27619,   0.47838,   0.00000  )

     Band symmetry, C_1 (1)     double point group:

     e(  1 -  1) =     -4.75135  eV     1   --> G_2            
     e(  2 -  2) =     -4.75122  eV     1   --> G_2            
     e(  3 -  3) =     -4.50719  eV     1   --> G_2            
     e(  4 -  4) =     -4.50653  eV     1   --> G_2            
     e(  5 -  5) =     -4.49935  eV     1   --> G_2            
     e(  6 -  6) =     -4.49875  eV     1   --> G_2            
     e(  7 -  7) =     -4.25856  eV     1   --> G_2            
     e(  8 -  8) =     -4.25839  eV     1   --> G_2            
     e(  9 - 10) =     -4.06043  eV     2   -->   2 G_2            
     e( 11 - 12) =     -1.65648  eV     2   -->   2 G_2            
     e( 13 - 13) =      1.53233  eV     1   --> G_2            
     e( 14 - 14) =      1.53247  eV     1   --> G_2            
     e( 15 - 16) =      2.12529  eV     2   -->   2 G_2            
     e( 17 - 18) =      2.68591  eV     2   -->   2 G_2            

 **************************************************************************

 **************************************************************************

                    xk=(   0.26667,   0.46188,   0.00000  )

     Band symmetry, C_1 (1)     double point group:

     e(  1 -  1) =     -4.76232  eV     1   --> G_2            
     e(  2 -  2) =     -4.76219  eV     1   --> G_2            
     e(  3 -  3) =     -4.51788  eV     1   --> G_2            
     e(  4 -  4) =     -4.51745  eV     1   --> G_2            
     e(  5 -  5) =     -4.51275  eV     1   --> G_2            
     e(  6 -  6) =     -4.51239  eV     1   --> G_2            
     e(  7 -  7) =     -4.24073  eV     1   --> G_2            
     e(  8 -  8) =     -4.24057  eV     1   --> G_2            
     e(  9 - 10) =     -4.06182  eV     2   -->   2 G_2            
     e( 11 - 12) =     -1.96318  eV     2   -->   2 G_2            
     e( 13 - 13) =      1.78233  eV     1   --> G_2            
     e( 14 - 14) =      1.78253  eV     1   --> G_2            
     e( 15 - 15) =      2.39414  eV     1   --> G_2            
     e( 16 - 16) =      2.39427  eV     1   --> G_2            
     e( 17 - 18) =      2.43251  eV     2   -->   2 G_2            

 **************************************************************************

 **************************************************************************

                    xk=(   0.25714,   0.44538,   0.00000  )

     Band symmetry, C_1 (1)     double point group:

     e(  1 -  1) =     -4.77084  eV     1   --> G_2            
     e(  2 -  2) =     -4.77071  eV     1   --> G_2            
     e(  3 -  4) =     -4.54395  eV     2   -->   2 G_2            
     e(  5 -  5) =     -4.51796  eV     1   --> G_2            
     e(  6 -  6) =     -4.51784  eV     1   --> G_2            
     e(  7 -  7) =     -4.22368  eV     1   --> G_2            
     e(  8 -  8) =     -4.22353  eV     1   --> G_2            
     e(  9 - 10) =     -4.06392  eV     2   -->   2 G_2            
     e( 11 - 12) =     -2.25395  eV     2   -->   2 G_2            
     e( 13 - 13) =      2.04424  eV     1   --> G_2            
     e( 14 - 14) =      2.04515  eV     1   --> G_2            
     e( 15 - 15) =      2.14572  eV     1   --> G_2            
     e( 16 - 16) =      2.14653  eV     1   --> G_2            
     e( 17 - 18) =      2.70595  eV     2   -->   2 G_2            

 **************************************************************************

 **************************************************************************

                    xk=(   0.24762,   0.42889,   0.00000  )

     Band symmetry, C_1 (1)     double point group:

     e(  1 -  1) =     -4.77739  eV     1   --> G_2            
     e(  2 -  2) =     -4.77725  eV     1   --> G_2            
     e(  3 -  3) =     -4.58098  eV     1   --> G_2            
     e(  4 -  4) =     -4.58088  eV     1   --> G_2            
     e(  5 -  5) =     -4.52049  eV     1   --> G_2            
     e(  6 -  6) =     -4.52032  eV     1   --> G_2            
     e(  7 -  7) =     -4.20778  eV     1   --> G_2            
     e(  8 -  8) =     -4.20762  eV     1   --> G_2            
     e(  9 - 10) =     -4.06670  eV     2   -->   2 G_2            
     e( 11 - 12) =     -2.52699  eV     2   -->   2 G_2            
     e( 13 - 13) =      1.87461  eV     1   --> G_2            
     e( 14 - 14) =      1.87483  eV     1   --> G_2            
     e( 15 - 15) =      2.32679  eV     1   --> G_2            
     e( 16 - 16) =      2.32691  eV     1   --> G_2            
     e( 17 - 18) =      3.00722  eV     2   -->   2 G_2            

 **************************************************************************

 **************************************************************************

                    xk=(   0.23810,   0.41239,   0.00000  )

     Band symmetry, C_1 (1)     double point group:

     e(  1 -  1) =     -4.78330  eV     1   --> G_2            
     e(  2 -  2) =     -4.78315  eV     1   --> G_2            
     e(  3 -  3) =     -4.62862  eV     1   --> G_2            
     e(  4 -  4) =     -4.62848  eV     1   --> G_2            
     e(  5 -  5) =     -4.52048  eV     1   --> G_2            
     e(  6 -  6) =     -4.52030  eV     1   --> G_2            
     e(  7 -  7) =     -4.19349  eV     1   --> G_2            
     e(  8 -  8) =     -4.19332  eV     1   --> G_2            
     e(  9 - 10) =     -4.06989  eV     2   -->   2 G_2            
     e( 11 - 12) =     -2.78023  eV     2   -->   2 G_2            
     e( 13 - 13) =      1.61171  eV     1   --> G_2            
     e( 14 - 14) =      1.61183  eV     1   --> G_2            
     e( 15 - 16) =      2.61725  eV     2   -->   2 G_2            
     e( 17 - 18) =      3.31667  eV     2   -->   2 G_2            

 **************************************************************************

 **************************************************************************

                    xk=(   0.22857,   0.39590,   0.00000  )

     Band symmetry, C_1 (1)     double point group:

     e(  1 -  1) =     -4.79351  eV     1   --> G_2            
     e(  2 -  2) =     -4.79331  eV     1   --> G_2            
     e(  3 -  3) =     -4.68381  eV     1   --> G_2            
     e(  4 -  4) =     -4.68364  eV     1   --> G_2            
     e(  5 -  5) =     -4.51790  eV     1   --> G_2            
     e(  6 -  6) =     -4.51771  eV     1   --> G_2            
     e(  7 -  7) =     -4.18155  eV     1   --> G_2            
     e(  8 -  8) =     -4.18136  eV     1   --> G_2            
     e(  9 - 10) =     -4.07290  eV     2   -->   2 G_2            
     e( 11 - 11) =     -3.01137  eV     1   --> G_2            
     e( 12 - 12) =     -3.01127  eV     1   --> G_2            
     e( 13 - 14) =      1.35442  eV     2   -->   2 G_2            
     e( 15 - 16) =      2.91625  eV     2   -->   2 G_2            
     e( 17 - 18) =      3.63415  eV     2   -->   2 G_2            

 **************************************************************************

 **************************************************************************

                    xk=(   0.21905,   0.37940,   0.00000  )

     Band symmetry, C_1 (1)     double point group:

     e(  1 -  1) =     -4.82801  eV     1   --> G_2            
     e(  2 -  2) =     -4.82783  eV     1   --> G_2            
     e(  3 -  3) =     -4.72833  eV     1   --> G_2            
     e(  4 -  4) =     -4.72816  eV     1   --> G_2            
     e(  5 -  5) =     -4.51273  eV     1   --> G_2            
     e(  6 -  6) =     -4.51252  eV     1   --> G_2            
     e(  7 -  7) =     -4.17293  eV     1   --> G_2            
     e(  8 -  8) =     -4.17271  eV     1   --> G_2            
     e(  9 - 10) =     -4.07476  eV     2   -->   2 G_2            
     e( 11 - 11) =     -3.21822  eV     1   --> G_2            
     e( 12 - 12) =     -3.21811  eV     1   --> G_2            
     e( 13 - 14) =      1.10385  eV     2   -->   2 G_2            
     e( 15 - 16) =      3.20003  eV     2   -->   2 G_2            
     e( 17 - 18) =      3.55998  eV     2   -->   2 G_2            

 **************************************************************************

 **************************************************************************

                    xk=(   0.20952,   0.36291,   0.00000  )

     Band symmetry, C_1 (1)     double point group:

     e(  1 -  2) =     -4.90812  eV     2   -->   2 G_2            
     e(  3 -  4) =     -4.74210  eV     2   -->   2 G_2            
     e(  5 -  5) =     -4.50497  eV     1   --> G_2            
     e(  6 -  6) =     -4.50475  eV     1   --> G_2            
     e(  7 -  7) =     -4.16872  eV     1   --> G_2            
     e(  8 -  8) =     -4.16847  eV     1   --> G_2            
     e(  9 - 10) =     -4.07433  eV     2   -->   2 G_2            
     e( 11 - 11) =     -3.39924  eV     1   --> G_2            
     e( 12 - 12) =     -3.39912  eV     1   --> G_2            
     e( 13 - 14) =      0.86065  eV     2   -->   2 G_2            
     e( 15 - 16) =      3.22136  eV     2   -->   2 G_2            
     e( 17 - 17) =      3.58516  eV     1   --> G_2            
     e( 18 - 18) =      3.58535  eV     1   --> G_2            

 **************************************************************************

 **************************************************************************

                    xk=(   0.20000,   0.34641,   0.00000  )

     Band symmetry, C_1 (1)     double point group:

     e(  1 -  2) =     -5.01840  eV     2   -->   2 G_2            
     e(  3 -  4) =     -4.74063  eV     2   -->   2 G_2            
     e(  5 -  5) =     -4.49466  eV     1   --> G_2            
     e(  6 -  6) =     -4.49442  eV     1   --> G_2            
     e(  7 -  7) =     -4.16947  eV     1   --> G_2            
     e(  8 -  8) =     -4.16918  eV     1   --> G_2            
     e(  9 - 10) =     -4.07097  eV     2   -->   2 G_2            
     e( 11 - 11) =     -3.55413  eV     1   --> G_2            
     e( 12 - 12) =     -3.55401  eV     1   --> G_2            
     e( 13 - 14) =      0.62525  eV     2   -->   2 G_2            
     e( 15 - 16) =      3.01759  eV     2   -->   2 G_2            
     e( 17 - 18) =      3.44533  eV     2   -->   2 G_2            

 **************************************************************************

 **************************************************************************

                    xk=(   0.19048,   0.32991,   0.00000  )

     Band symmetry, C_1 (1)     double point group:

     e(  1 -  2) =     -5.14762  eV     2   -->   2 G_2            
     e(  3 -  4) =     -4.73352  eV     2   -->   2 G_2            
     e(  5 -  5) =     -4.48191  eV     1   --> G_2            
     e(  6 -  6) =     -4.48164  eV     1   --> G_2            
     e(  7 -  7) =     -4.17471  eV     1   --> G_2            
     e(  8 -  8) =     -4.17437  eV     1   --> G_2            
     e(  9 - 10) =     -4.06503  eV     2   -->   2 G_2            
     e( 11 - 11) =     -3.68425  eV     1   --> G_2            
     e( 12 - 12) =     -3.68413  eV     1   --> G_2            
     e( 13 - 14) =      0.39796  eV     2   -->   2 G_2            
     e( 15 - 16) =      2.80438  eV     2   -->   2 G_2            
     e( 17 - 18) =      3.22908  eV     2   -->   2 G_2            

 **************************************************************************

 **************************************************************************

                    xk=(   0.18095,   0.31342,   0.00000  )

     Band symmetry, C_1 (1)     double point group:

     e(  1 -  2) =     -5.29012  eV     2   -->   2 G_2            
     e(  3 -  4) =     -4.72333  eV     2   -->   2 G_2            
     e(  5 -  5) =     -4.46685  eV     1   --> G_2            
     e(  6 -  6) =     -4.46656  eV     1   --> G_2            
     e(  7 -  7) =     -4.18326  eV     1   --> G_2            
     e(  8 -  8) =     -4.18287  eV     1   --> G_2            
     e(  9 - 10) =     -4.05760  eV     2   -->   2 G_2            
     e( 11 - 11) =     -3.79227  eV     1   --> G_2            
     e( 12 - 12) =     -3.79214  eV     1   --> G_2            
     e( 13 - 14) =      0.17898  eV     2   -->   2 G_2            
     e( 15 - 16) =      2.59828  eV     2   -->   2 G_2            
     e( 17 - 18) =      3.01974  eV     2   -->   2 G_2            

 **************************************************************************

 **************************************************************************

                    xk=(   0.17143,   0.29692,   0.00000  )

     Band symmetry, C_1 (1)     double point group:

     e(  1 -  2) =     -5.44113  eV     2   -->   2 G_2            
     e(  3 -  4) =     -4.71106  eV     2   -->   2 G_2            
     e(  5 -  5) =     -4.44974  eV     1   --> G_2            
     e(  6 -  6) =     -4.44940  eV     1   --> G_2            
     e(  7 -  7) =     -4.19389  eV     1   --> G_2            
     e(  8 -  8) =     -4.19345  eV     1   --> G_2            
     e(  9 - 10) =     -4.05015  eV     2   -->   2 G_2            
     e( 11 - 11) =     -3.88121  eV     1   --> G_2            
     e( 12 - 12) =     -3.88107  eV     1   --> G_2            
     e( 13 - 14) =     -0.03150  eV     2   -->   2 G_2            
     e( 15 - 16) =      2.40177  eV     2   -->   2 G_2            
     e( 17 - 18) =      2.82036  eV     2   -->   2 G_2            

 **************************************************************************

 **************************************************************************

                    xk=(   0.16190,   0.28043,   0.00000  )

     Band symmetry, C_1 (1)     double point group:

     e(  1 -  2) =     -5.59634  eV     2   -->   2 G_2            
     e(  3 -  4) =     -4.69723  eV     2   -->   2 G_2            
     e(  5 -  5) =     -4.43094  eV     1   --> G_2            
     e(  6 -  6) =     -4.43055  eV     1   --> G_2            
     e(  7 -  7) =     -4.20554  eV     1   --> G_2            
     e(  8 -  8) =     -4.20504  eV     1   --> G_2            
     e(  9 - 10) =     -4.04555  eV     2   -->   2 G_2            
     e( 11 - 11) =     -3.95241  eV     1   --> G_2            
     e( 12 - 12) =     -3.95226  eV     1   --> G_2            
     e( 13 - 14) =     -0.23335  eV     2   -->   2 G_2            
     e( 15 - 16) =      2.21553  eV     2   -->   2 G_2            
     e( 17 - 18) =      2.63151  eV     2   -->   2 G_2            

 **************************************************************************

 **************************************************************************

                    xk=(   0.15238,   0.26393,   0.00000  )

     Band symmetry, C_1 (1)     double point group:

     e(  1 -  2) =     -5.75210  eV     2   -->   2 G_2            
     e(  3 -  4) =     -4.68228  eV     2   -->   2 G_2            
     e(  5 -  5) =     -4.41103  eV     1   --> G_2            
     e(  6 -  6) =     -4.41057  eV     1   --> G_2            
     e(  7 -  7) =     -4.21725  eV     1   --> G_2            
     e(  8 -  8) =     -4.21666  eV     1   --> G_2            
     e(  9 - 10) =     -4.05595  eV     2   -->   2 G_2            
     e( 11 - 11) =     -3.99705  eV     1   --> G_2            
     e( 12 - 12) =     -3.99692  eV     1   --> G_2            
     e( 13 - 14) =     -0.42648  eV     2   -->   2 G_2            
     e( 15 - 16) =      2.03984  eV     2   -->   2 G_2            
     e( 17 - 18) =      2.45339  eV     2   -->   2 G_2            

 **************************************************************************

 **************************************************************************

                    xk=(   0.14286,   0.24744,   0.00000  )

     Band symmetry, C_1 (1)     double point group:

     e(  1 -  2) =     -5.90547  eV     2   -->   2 G_2            
     e(  3 -  4) =     -4.66657  eV     2   -->   2 G_2            
     e(  5 -  5) =     -4.39103  eV     1   --> G_2            
     e(  6 -  6) =     -4.39048  eV     1   --> G_2            
     e(  7 -  7) =     -4.22798  eV     1   --> G_2            
     e(  8 -  8) =     -4.22729  eV     1   --> G_2            
     e(  9 - 10) =     -4.09415  eV     2   -->   2 G_2            
     e( 11 - 12) =     -4.00478  eV     2   -->   2 G_2            
     e( 13 - 14) =     -0.61075  eV     2   -->   2 G_2            
     e( 15 - 16) =      1.87480  eV     2   -->   2 G_2            
     e( 17 - 18) =      2.28607  eV     2   -->   2 G_2            

 **************************************************************************

 **************************************************************************

                    xk=(   0.13333,   0.23094,   0.00000  )

     Band symmetry, C_1 (1)     double point group:

     e(  1 -  2) =     -6.05422  eV     2   -->   2 G_2            
     e(  3 -  4) =     -4.65043  eV     2   -->   2 G_2            
     e(  5 -  5) =     -4.37264  eV     1   --> G_2            
     e(  6 -  6) =     -4.37197  eV     1   --> G_2            
     e(  7 -  7) =     -4.23657  eV     1   --> G_2            
     e(  8 -  8) =     -4.23578  eV     1   --> G_2            
     e(  9 - 10) =     -4.13682  eV     2   -->   2 G_2            
     e( 11 - 12) =     -4.00015  eV     2   -->   2 G_2            
     e( 13 - 14) =     -0.78608  eV     2   -->   2 G_2            
     e( 15 - 16) =      1.72045  eV     2   -->   2 G_2            
     e( 17 - 18) =      2.12958  eV     2   -->   2 G_2            

 **************************************************************************

 **************************************************************************

                    xk=(   0.12381,   0.21444,   0.00000  )

     Band symmetry, C_1 (1)     double point group:

     e(  1 -  2) =     -6.19663  eV     2   -->   2 G_2            
     e(  3 -  4) =     -4.63425  eV     2   -->   2 G_2            
     e(  5 -  5) =     -4.35842  eV     1   --> G_2            
     e(  6 -  6) =     -4.35767  eV     1   --> G_2            
     e(  7 -  7) =     -4.24269  eV     1   --> G_2            
     e(  8 -  8) =     -4.24187  eV     1   --> G_2            
     e(  9 - 10) =     -4.17270  eV     2   -->   2 G_2            
     e( 11 - 12) =     -3.99337  eV     2   -->   2 G_2            
     e( 13 - 14) =     -0.95232  eV     2   -->   2 G_2            
     e( 15 - 16) =      1.57682  eV     2   -->   2 G_2            
     e( 17 - 18) =      1.98392  eV     2   -->   2 G_2            

 **************************************************************************

 **************************************************************************

                    xk=(   0.11429,   0.19795,   0.00000  )

     Band symmetry, C_1 (1)     double point group:

     e(  1 -  2) =     -6.33141  eV     2   -->   2 G_2            
     e(  3 -  4) =     -4.61837  eV     2   -->   2 G_2            
     e(  5 -  5) =     -4.35098  eV     1   --> G_2            
     e(  6 -  6) =     -4.35023  eV     1   --> G_2            
     e(  7 -  7) =     -4.25180  eV     1   --> G_2            
     e(  8 -  8) =     -4.25123  eV     1   --> G_2            
     e(  9 -  9) =     -4.19280  eV     1   --> G_2            
     e( 10 - 10) =     -4.19257  eV     1   --> G_2            
     e( 11 - 12) =     -3.98627  eV     2   -->   2 G_2            
     e( 13 - 14) =     -1.10932  eV     2   -->   2 G_2            
     e( 15 - 16) =      1.44390  eV     2   -->   2 G_2            
     e( 17 - 18) =      1.84910  eV     2   -->   2 G_2            

 **************************************************************************

 **************************************************************************

                    xk=(   0.10476,   0.18145,   0.00000  )

     Band symmetry, C_1 (1)     double point group:

     e(  1 -  2) =     -6.45759  eV     2   -->   2 G_2            
     e(  3 -  4) =     -4.60318  eV     2   -->   2 G_2            
     e(  5 -  5) =     -4.35068  eV     1   --> G_2            
     e(  6 -  6) =     -4.35003  eV     1   --> G_2            
     e(  7 -  7) =     -4.27208  eV     1   --> G_2            
     e(  8 -  8) =     -4.27184  eV     1   --> G_2            
     e(  9 -  9) =     -4.18875  eV     1   --> G_2            
     e( 10 - 10) =     -4.18829  eV     1   --> G_2            
     e( 11 - 12) =     -3.97934  eV     2   -->   2 G_2            
     e( 13 - 14) =     -1.25686  eV     2   -->   2 G_2            
     e( 15 - 16) =      1.32169  eV     2   -->   2 G_2            
     e( 17 - 18) =      1.72511  eV     2   -->   2 G_2            

 **************************************************************************

 **************************************************************************

                    xk=(   0.09524,   0.16496,   0.00000  )

     Band symmetry, C_1 (1)     double point group:

     e(  1 -  2) =     -6.57442  eV     2   -->   2 G_2            
     e(  3 -  4) =     -4.58908  eV     2   -->   2 G_2            
     e(  5 -  5) =     -4.35543  eV     1   --> G_2            
     e(  6 -  6) =     -4.35491  eV     1   --> G_2            
     e(  7 -  8) =     -4.29695  eV     2   -->   2 G_2            
     e(  9 -  9) =     -4.16961  eV     1   --> G_2            
     e( 10 - 10) =     -4.16914  eV     1   --> G_2            
     e( 11 - 12) =     -3.97271  eV     2   -->   2 G_2            
     e( 13 - 14) =     -1.39469  eV     2   -->   2 G_2            
     e( 15 - 16) =      1.21017  eV     2   -->   2 G_2            
     e( 17 - 18) =      1.61194  eV     2   -->   2 G_2            

 **************************************************************************

 **************************************************************************

                    xk=(   0.08571,   0.14846,   0.00000  )

     Band symmetry, C_1 (1)     double point group:

     e(  1 -  2) =     -6.68134  eV     2   -->   2 G_2            
     e(  3 -  4) =     -4.57648  eV     2   -->   2 G_2            
     e(  5 -  5) =     -4.36284  eV     1   --> G_2            
     e(  6 -  6) =     -4.36243  eV     1   --> G_2            
     e(  7 -  8) =     -4.32060  eV     2   -->   2 G_2            
     e(  9 -  9) =     -4.14402  eV     1   --> G_2            
     e( 10 - 10) =     -4.14360  eV     1   --> G_2            
     e( 11 - 12) =     -3.96643  eV     2   -->   2 G_2            
     e( 13 - 14) =     -1.52248  eV     2   -->   2 G_2            
     e( 15 - 16) =      1.10933  eV     2   -->   2 G_2            
     e( 17 - 18) =      1.50960  eV     2   -->   2 G_2            

 **************************************************************************

 **************************************************************************

                    xk=(   0.07619,   0.13197,   0.00000  )

     Band symmetry, C_1 (1)     double point group:

     e(  1 -  2) =     -6.77789  eV     2   -->   2 G_2            
     e(  3 -  4) =     -4.56578  eV     2   -->   2 G_2            
     e(  5 -  5) =     -4.37126  eV     1   --> G_2            
     e(  6 -  6) =     -4.37094  eV     1   --> G_2            
     e(  7 -  8) =     -4.34126  eV     2   -->   2 G_2            
     e(  9 -  9) =     -4.11585  eV     1   --> G_2            
     e( 10 - 10) =     -4.11549  eV     1   --> G_2            
     e( 11 - 12) =     -3.96042  eV     2   -->   2 G_2            
     e( 13 - 14) =     -1.63979  eV     2   -->   2 G_2            
     e( 15 - 16) =      1.01916  eV     2   -->   2 G_2            
     e( 17 - 18) =      1.41808  eV     2   -->   2 G_2            

 **************************************************************************

 **************************************************************************

                    xk=(   0.06667,   0.11547,   0.00000  )

     Band symmetry, C_1 (1)     double point group:

     e(  1 -  2) =     -6.86374  eV     2   -->   2 G_2            
     e(  3 -  4) =     -4.55733  eV     2   -->   2 G_2            
     e(  5 -  5) =     -4.37969  eV     1   --> G_2            
     e(  6 -  6) =     -4.37944  eV     1   --> G_2            
     e(  7 -  8) =     -4.35835  eV     2   -->   2 G_2            
     e(  9 -  9) =     -4.08728  eV     1   --> G_2            
     e( 10 - 10) =     -4.08697  eV     1   --> G_2            
     e( 11 - 12) =     -3.95456  eV     2   -->   2 G_2            
     e( 13 - 14) =     -1.74610  eV     2   -->   2 G_2            
     e( 15 - 16) =      0.93963  eV     2   -->   2 G_2            
     e( 17 - 18) =      1.33732  eV     2   -->   2 G_2            

 **************************************************************************

 **************************************************************************

                    xk=(   0.05714,   0.09897,   0.00000  )

     Band symmetry, C_1 (1)     double point group:

     e(  1 -  2) =     -6.93860  eV     2   -->   2 G_2            
     e(  3 -  4) =     -4.55132  eV     2   -->   2 G_2            
     e(  5 -  5) =     -4.38756  eV     1   --> G_2            
     e(  6 -  6) =     -4.38736  eV     1   --> G_2            
     e(  7 -  8) =     -4.37173  eV     2   -->   2 G_2            
     e(  9 -  9) =     -4.05994  eV     1   --> G_2            
     e( 10 - 10) =     -4.05969  eV     1   --> G_2            
     e( 11 - 12) =     -3.94865  eV     2   -->   2 G_2            
     e( 13 - 14) =     -1.84078  eV     2   -->   2 G_2            
     e( 15 - 16) =      0.87074  eV     2   -->   2 G_2            
     e( 17 - 18) =      1.26737  eV     2   -->   2 G_2            

 **************************************************************************

 **************************************************************************

                    xk=(   0.04762,   0.08248,   0.00000  )

     Band symmetry, C_1 (1)     double point group:

     e(  1 -  2) =     -7.00225  eV     2   -->   2 G_2            
     e(  3 -  4) =     -4.54770  eV     2   -->   2 G_2            
     e(  5 -  5) =     -4.39451  eV     1   --> G_2            
     e(  6 -  6) =     -4.39436  eV     1   --> G_2            
     e(  7 -  8) =     -4.38150  eV     2   -->   2 G_2            
     e(  9 -  9) =     -4.03533  eV     1   --> G_2            
     e( 10 - 10) =     -4.03512  eV     1   --> G_2            
     e( 11 - 12) =     -3.94242  eV     2   -->   2 G_2            
     e( 13 - 14) =     -1.92307  eV     2   -->   2 G_2            
     e( 15 - 16) =      0.81247  eV     2   -->   2 G_2            
     e( 17 - 18) =      1.20820  eV     2   -->   2 G_2            

 **************************************************************************

 **************************************************************************

                    xk=(   0.03810,   0.06598,   0.00000  )

     Band symmetry, C_1 (1)     double point group:

     e(  1 -  2) =     -7.05454  eV     2   -->   2 G_2            
     e(  3 -  4) =     -4.54607  eV     2   -->   2 G_2            
     e(  5 -  5) =     -4.40045  eV     1   --> G_2            
     e(  6 -  6) =     -4.40033  eV     1   --> G_2            
     e(  7 -  8) =     -4.38802  eV     2   -->   2 G_2            
     e(  9 -  9) =     -4.01483  eV     1   --> G_2            
     e( 10 - 10) =     -4.01467  eV     1   --> G_2            
     e( 11 - 12) =     -3.93563  eV     2   -->   2 G_2            
     e( 13 - 14) =     -1.99214  eV     2   -->   2 G_2            
     e( 15 - 16) =      0.76482  eV     2   -->   2 G_2            
     e( 17 - 17) =      1.15993  eV     1   --> G_2            
     e( 18 - 18) =      1.16006  eV     1   --> G_2            

 **************************************************************************

 **************************************************************************

                    xk=(   0.02857,   0.04949,   0.00000  )

     Band symmetry, C_1 (1)     double point group:

     e(  1 -  2) =     -7.09534  eV     2   -->   2 G_2            
     e(  3 -  4) =     -4.54583  eV     2   -->   2 G_2            
     e(  5 -  6) =     -4.40527  eV     2   -->   2 G_2            
     e(  7 -  8) =     -4.39190  eV     2   -->   2 G_2            
     e(  9 -  9) =     -3.99941  eV     1   --> G_2            
     e( 10 - 10) =     -3.99929  eV     1   --> G_2            
     e( 11 - 12) =     -3.92838  eV     2   -->   2 G_2            
     e( 13 - 14) =     -2.04711  eV     2   -->   2 G_2            
     e( 15 - 16) =      0.72776  eV     2   -->   2 G_2            
     e( 17 - 17) =      1.12217  eV     1   --> G_2            
     e( 18 - 18) =      1.12477  eV     1   --> G_2            

 **************************************************************************

 **************************************************************************

                    xk=(   0.01905,   0.03299,   0.00000  )

     Band symmetry, C_1 (1)     double point group:

     e(  1 -  2) =     -7.12454  eV     2   -->   2 G_2            
     e(  3 -  4) =     -4.54627  eV     2   -->   2 G_2            
     e(  5 -  6) =     -4.40883  eV     2   -->   2 G_2            
     e(  7 -  8) =     -4.39397  eV     2   -->   2 G_2            
     e(  9 - 10) =     -3.98921  eV     2   -->   2 G_2            
     e( 11 - 12) =     -3.92155  eV     2   -->   2 G_2            
     e( 13 - 14) =     -2.08712  eV     2   -->   2 G_2            
     e( 15 - 16) =      0.70130  eV     2   -->   2 G_2            
     e( 17 - 17) =      1.09535  eV     1   --> G_2            
     e( 18 - 18) =      1.09596  eV     1   --> G_2            

 **************************************************************************

 **************************************************************************

                    xk=(   0.00952,   0.01650,   0.00000  )

     Band symmetry, C_1 (1)     double point group:

     e(  1 -  2) =     -7.14209  eV     2   -->   2 G_2            
     e(  3 -  4) =     -4.54680  eV     2   -->   2 G_2            
     e(  5 -  6) =     -4.41101  eV     2   -->   2 G_2            
     e(  7 -  8) =     -4.39490  eV     2   -->   2 G_2            
     e(  9 - 10) =     -3.98359  eV     2   -->   2 G_2            
     e( 11 - 12) =     -3.91658  eV     2   -->   2 G_2            
     e( 13 - 14) =     -2.11146  eV     2   -->   2 G_2            
     e( 15 - 16) =      0.68542  eV     2   -->   2 G_2            
     e( 17 - 17) =      1.08064  eV     1   --> G_2            
     e( 18 - 18) =      1.08091  eV     1   --> G_2            

 **************************************************************************

 **************************************************************************

                    xk=(   0.00000,   0.00000,   0.00000  )

     Band symmetry, C_1 (1)     double point group:

     e(  1 -  2) =     -7.14794  eV     2   -->   2 G_2            
     e(  3 -  4) =     -4.54702  eV     2   -->   2 G_2            
     e(  5 -  6) =     -4.41173  eV     2   -->   2 G_2            
     e(  7 -  8) =     -4.39517  eV     2   -->   2 G_2            
     e(  9 - 10) =     -3.98180  eV     2   -->   2 G_2            
     e( 11 - 12) =     -3.91477  eV     2   -->   2 G_2            
     e( 13 - 14) =     -2.11962  eV     2   -->   2 G_2            
     e( 15 - 16) =      0.68013  eV     2   -->   2 G_2            
     e( 17 - 17) =      1.07418  eV     1   --> G_2            
     e( 18 - 18) =      1.07527  eV     1   --> G_2            

 **************************************************************************
 
     BANDS        :   1m12.59s CPU   1m34.84s WALL

 
   This run was terminated on:   0:20:50  25Jul2025            

=------------------------------------------------------------------------------=
   JOB DONE.
=------------------------------------------------------------------------------=
